rating,title,text
"9,0",Отец-молодец 2013,"Я ждала этого фильма. Очень долго, еще когда впервые увидела трейлер, мне уже захотелось посмотреть это кино. Но во время проката в кинотеатре я уехала на работу в другой город, там была куча дел и как-то не сложилось сходить в кинотеатр. А пиратской копии даже в интернете не было, так что посмотрела только сейчас, в марте 2014 когда фильм вышел официально на DVD. Фильм просто шикарен, смотрится на одном дыхании. Все персонажи настолько хорошо и красиво смотрятся, актеры играют на таком уровне, что даже когда фильм закончился, я еще три минуты смотрела титры в надежде, что сейчас будет какая-то пост сценка, как обычно в фильмах Marvel. Сейчас расскажу о фильме чуть более подробно:

1) Актеры. Ну, безусловно, Винс Вон просто потрясающий актер. Я видела много фильмов с его участием и всегда он поражает своей игрой: простота и харизматичность персонажа просто поражает. Но помимо него и все остальные герои подобраны просто потрясающе. Даже персонажи, которые должны отталкивать (наркоманка, толстый пьяный парень) — они настолько милые и обаятельные, что и они придутся вам по душе. Я бы не стала менять никого из задействованных актеров: 10 из 10

2) Саундтрек. Ну чего-то такого, что после просмотра фильма захотелось скачать и поставить на звонок мобильного тут конечно нет, но вся музыка очень органично смотрится на протяжении всего фильма. 8 из 10.

3) Режиссерская работа. До этого фильма не сталкивалась с работами Кен Скотта, поэтому не могу сравнивать его работы с предыдущими. Безумно порадовало отсутствие пустых сцен, когда и действия никакого, и зачем это оставили после редактуры непонятно. Не было лирических отступлений на полчаса, несостыковок и глупых ошибок. Очень порадовало отсутствие тупого пошлого юмора на грани фола. За это огромное спасибо режиссеру, что сумел даже такую комедию на такую тему не опошлить и не исковеркать. 9 из 10

4) Сюжет. Многие пишут, что сюжет полностью списан с фильма «Папаша». Я не видела этот фильм, поэтому так утверждать не буду. Лично для меня данная тематика встречается впервые, причем показана она очень живо и реалистично, смотрится на одном дыхании. 10 из 10

После просмотра фильм почитала рецензии и удивилась. Многие пишут, что фильм абсолютно не смешной, и не стоит даже на него время тратить. Шутки глупые и приземленные. Алло! Люди! Если вы хотите поржать над глупым юмором посмотрите «Муви 43», например. Это в первую очередь добрая и душевная комедия, здесь нет сортирных шуток и реприз ниже пояса. Читайте описание перед просмотром."
"9,0",Отец-молодец 2013,"В главной роли играет великолепно Vince Vaughn , где прекрасно справляется с ролью отца. Основная проблема фильма &quot;Отцы и дети &quot; , как было актуальна это проблема прошлого , так и нашего времени .Больше фильм похож для отцов одиночек и для семейных посиделок , оценивать картину как комедию не осмелюсь , комедия вышла не очень.А сюжет как главный герой - он же Девид Возняк , справляется с проблемой что у него 533 ребенка , уже куда более увлекательна и захватывающая...о чем вы узнаете посмотрев этот фильм . Ставлю фильму 9 баллов из 10 ,спасибо режиссёру Ken Scott."
