rating,title,text
"6,0",Шрек Третий 2007,"Когда нечем удивлять, сценаристы разбавляют привычное сказочное повествование знакомыми сюжетами, легендами и неуместным юмором. Третий Шрек, я не беру в расчёт короткометражные проекты, напрямую продолжает историю в королевстве, только с новыми детали и интригующими вещами. Это уже не славный сольный поход огра, чтобы вернуть своё болото, это сказка о наследии престола и высокопоставленных обязанностях перед королевством.

Сразу в чан: король на смертном одре, очередь Шрека и Фионы править, но это им не по зубам. Осознание ответственности раскрывают новые чувства у Шрека. Это уже не забавный зелёный парень, это попытки добавить интеллекта в людоеда, которые не состыковываются. Я не говорю, что он глупый, у него иное мышление и праведный посыл. Здесь же его выставляют тупым.

Сценарий высасывают из пальца, чтобы хоть как-то двигать мультфильм, у нас образовывается ещё один наследник на трон. Убить двух зайцев: освободить от обязанностей Шрека и не оставить страну без короля. Где были эти факты раньше? Они стали звеном триквела, но создатели не продумывали даже такой поворот во втором фильме. Хотя на вторую часть итак много неожиданностей пришлось.

Шутки стали сильно отдавать сортирным юмором, отчего понимаешь, что заканчиваются идеи у сценаристов, народ всё равно схавал, так как это продолжение любимого мультфильма. Интригующий и предсказуемый для «и жили они долго и счастливо…» мотив по поводу пополнения семейства, но он покрывается тонной неуместного юмора. Осёл в этот раз становится чересчур вызывающим, юмор его стал резать слух, но баланс держит на себе Кот в сапогах, выстреливая эпичными мушкетёрскими фразами.

Вроде бы разобрались с основой семьи, показали проблему ответственности, но последующая вставка второстепенных героев только нагромождала просмотр. Злодей в этот раз перекочевал из предыдущей части, Николай Костер-Басков выбрался из тени своей матушки и взял на себя обязанности тёмной стороны. Мотив его отлично передали, но по чистым случайностям удалось его приписать к повествованию. Не было спонтанности, только случай. Беспринципный, честный случай.

После всех введений нам дают аллегорию на Короля Артура и тупых персонажей. Шрек попадает в такое деградирующее общество, что Лорд Фаркуад кажется теперь умным малым (во всех смыслах). Вопрос с наследником забавляет, но, тем не менее, приписывает важных для сказок героев, давая им минимально экранного времени. Пока трио Огра, Кота и Осла в странствии, настаёт время для игры престолов. Внезапные предатели среди своих и неплохое представление. Мультфильм старается походить на оригинал, но за припиской многих персонажей, нет времени на раскрытие. Но нападение под Led Zeppelin выглядело шикарно. Хотя, кого я обманываю, под Led Zeppelin всё выглядит шикарно.

Данный проект слишком загажен плохими шутками, поднимаются взрослые темы, уровень диалогов может быть не понятен детишкам, при учёте, если они будут знать персонажей сказок, мелькающих тут и там. Ждали его многие, но проект выдавал вторичностью и не открывал новых идей. Проблемы новых социальных статусов Шрека и Фионы — статусов родителей — кажутся слишком взрослыми для детей. Как продолжение истории — могли придумать что-то получше. Признаюсь, эту часть «Шрека» не будет желания пересматривать."
"7,0",Шрек Третий 2007,"И вот третий фильм о приключениях любимого огра увидел свет в 2007-ом году. Данный мультфильм я не смотрел в кинотеатрах, а смотрел по телевизору очень много раз и когда я покупал себе в коллекцию DVD диск то между третьим Шреком и «Пиратами Карибского моря» с той же самой цифрой я выбрал последний и не прогадал. А теперь пришло время составить свое мнение о третьем «Шрэке» которого я в тот раз пропустил.

Уже в конце второго фильма можно было предположить, что дальше будет что-то вроде революции или детей у главных героев. В итоге уместили и то и то. Уже наверно со времен Матрицы повелась такая штука, что в третьих частях трилогии идет революция, может быть даже и не в прямом смысле. Третья часть стала синонимом катарсиса, высшей точкой франшизы, где и спецэффекты на высоте и сюжет делает финальный вираж. В случае же с данным мультфильмом получается так, что фильм взял свой курс на взросление аудитории его смотрящей и шутки там уже более взрослые, чем в предыдущих частях. Помнится, по такой же тропе пошёл и «Астерикс на Олимпийских играх» и в итоге тоже потерял в рейтинге.

Мультфильм уже не тот, что прежде и сдал свои позиции, но при этом не вызывает отрицательных эмоций, лично у меня их нет. Но фильм уже не так сильно цепляет как прежние части, чувствуется, что создатели выдыхаются и уже большинство сюжетных ходов угадываются с первого раза. Фильм спасает юмор, попадались весьма удачные шутки и комедийные ситуации, но на них одних далеко не уедешь. Мне понравился ход со спектаклем, где Чаминг разыгрывает свою неудачную жизнь и хочет обратить судьбу к себе лицом и делает ради этого всё возможное. Позволю себе переделать изречение классика «Весь сказочный мир — театр, а существа в нём — актеры».

Это типичная сказка на новый лад, где добро побеждает зло и миром правит любовь. И пусть разыграна она иначе, но внутренняя суть её не меняется и именно эта самая суть и оказалась утерянной за пеленой новых модных словечек вроде «лузер». Мультфильм ориентирован на молодежь, потеряв свою детскость. В итоге — местами сортирный юмор ныне уже приевшийся так и не пробивший подростков, но зато «дети до 13» это проглотили, а вот тот самый стержень о побеждающем добре и нужно было сохранить для детей, а если честно как писал кто-то из рецензентов «такой ход напрашивался сам собой».

И всё же мультфильм неплох, это еще не конец и есть шанс на спасение франшизы. Мультфильм пусть уже и не тот, но его можно смотреть. Мультфильм получился каким-то уж слишком взрослым, его бы помягче немного не так навязчиво, а в целом весьма положительное впечатление"
