rating,title,text
"6,0",У холмов есть глаза 2 2007,"По сути, зачем данному фильму продолжение? Чтобы очередной раз преподнести кровавый триллер, только с новыми героями? Ведь сюжет ничем не отличается от первого фильма, разве что, новыми способами отправки на тот свет.

В этот раз не семейный отдых, а уже исследовательская база, которая проводила тайные, ядерные испытания. Якобы данная информация является и сиквелом, и приквелом образования каннибалов, живущих в холмах. Но что может быть ярче для такого фильма, как военный экипаж, прибывший на место учёных. Две девушки и куча парней – это надо подчеркнуть.

Картина точно также наполнена штрихами ужаса, отчуждения персонажей и попытками выжить. Весьма удивили способы медленной и мучительной смерти, учитывая, что я знаком с «Игрой престолов». Повезёт тому, кто умрёт быстро. Есть дыры в сценарии, от чего герои выглядят глупо. Целый отряд не может перегруппироваться, их валят одного за другим. А уж если разделились, то пиши «пропало». Если в начале сюжета солдаты старались спасти хотя бы кого-нибудь, то уже на середине фильма они сами пытаются выжить и убраться.

Подземные шахты, обвалы, ловушки выглядят неплохо, но удивить зрителей, кроме как очередной смертью, не получается. Открывается линия сюжета относительно женщин, ведь пещерным мутантам-каннибалам тоже нужно размножаться, поэтому они (женщины) представляют собой ценный инкубатор. Причем временный, на 9 месяцев, а после рождения ребёнка с ними не церемонятся, что и показывает самая первая сцена в начале.

Фильм на один раз, да и то, многим такое не по нутру. Трэш, паника и попытки выжить, ничего нового, да и актёры особо не примечательные. Хотите смотрите, хотите нет."
