rating,title,text
"10,0",Жизнь прекрасна 1997,"Можно сказать об этом фильме кратко – «рекомендую посмотреть его всем». Но, в этом случае, мне особо и писать не о чем будет. А мне же еще и хочется объяснить вам, почему это именно так, почему я это рекомендую. И почему мне кажется, что любой человек, которые любит кинематограф, должен посмотреть этот фильм самостоятельно. Не отговориться общими словами «потому, что этот фильм – один из лучших фильмов на тему оптимизма». Поэтому, если вы бы хотели узнать об этом фильме побольше, я готов рассказать о нем все, что думаю. 

От этого фильма довольно сложно ожидать какого-то подвоха. Он начинается как такая развеселая комедия. Итальянец, который с оптимизмом принимает все, что происходит в его жизни. Никогда не унывает, всегда все принимает с улыбкой, своим оптимизмом и настойчивостью покоряет как женщину, которую полюбил с первого взгляда, так и зрителей. Действительно, смотреть за его похождениями без улыбки просто нельзя. В этой части создатели оторвались на полную катушку. Мне действительно было сложно отличить первую половину этого  фильма от фильмов откуда-то из пятидесятых или шестидесятых годов. Ситуационный юмор, неунывающий герой. 

Но уже в эти моменты чувствуется что-то такое, неправильное. Детали отношения итальянцев к евреям. «-А какие у Вас политические взгляды? - Бенито! Адольф! Не шалите! Что ты сказал? - Я сказал: как идут дела. Ничего?» и прочие детали. Ощущение за всей этой клоунадой какой-то надвигающейся беды, о которой зрители знают из истории, а герои, пока даже и не подозревают. И, как бы не был оптимистичен Гвидо, он ничего не сможет изменить. И это ощущение нагнетается просто отлично. Незаметно, исподволь, тонкими мазками. 

Да, да, это потом понимаешь, что все это сделано намеренно, чтобы дать зрителю как можно больше точек соприкосновения с героем. Это все используется специально, чтобы заставить зрителя переживать, заставить его волноваться и беспокоиться. Кто-то скажет, что это не самый честный прием. Что это такая слезовыжималка. Но как я уже сказал, подобное ощущение приходит потом, после просмотра. Вначале ты этого просто не замечаешь, потом твой мозг подключается и шепчет тебе о том, что происходит, а потом тебе становится пофиг. Серьезно. На место этого сомнения приходит удивительное ощущение. Создатели не только смогли создать достаточно уникальный образ этого героя, но и очень органично смогли передать ощущение, которые он испытывает. 

Смотришь на этих нацистов, и они тебе не кажутся чем-то зловещим и страшным. Они, скорее такие опереточные злодеи. По духу они больше похожи на героев французских комедий о Второй Мировой. Например, «Большая Прогулка» с Луи де Фюнесом. И при этом понятно, что какими бы карикатурными эти нацисты не казались, творят они далеко не самое карикатурное зло. Но нужно по-настоящему любить жизнь, чтобы это, не то чтобы игнорировать, а пока откладывать это на потом. В первую очередь, отвлекаясь на куда более важные дела. Например, защищать от осознания всего этого ужаса, тех, кто дорог, подарить окружающим силы все это пережить, удивлять свою любимую в любой ситуации. Любым доступным способом и, без оглядок на все проблемы. 

Роберто Бениньи в роли Гвидо – прекрасен. Вначале его считаешь таким немного придурковатым простачком, которому просто везет. Но чем дольше смотришь, тем больше понимаешь, насколько он мудр. Так же как и Роберто Бениньи режиссер. Он смог создать прекрасный фильм с таким двойным дном. Мне кажется, что остаться без эмоций после просмотра – практически невозможно."
"10,0",Жизнь прекрасна 1997,"«Жизнь прекрасна» является, наверно, самым удивительным фильмом из всех, что мне доводилось видеть. Один этот фильм вызвал у меня такие эмоции, которые могли вызвать, разве что, два фильма абсолютно разных жанров. Но обо всем по порядку.

Фактически, данный фильм разбит на две части. Первая часть является комедийной. И если бы эта часть была одним-единственным фильмом, то получилась бы одна из самых смешных комедий из всех, что я видел в своей жизни. Роберто Бениньи использовал весь свой талант комика, который у него есть. Оригинальный, добрый и невероятно смешной юмор. Мне даже приходилось ставить фильм на паузу, чтобы полностью просмеяться. Без этого смотреть фильм дальше было просто нельзя. Но в тоже время в этой части временами проскальзывали мрачные нотки. Ведь действие фильма разворачивается в Италии 1939 года. Мерзкая идеология именуемая фашизмом уже проникла в Италию. Она захватила сердца и умы многих людей. И когда, в диалогах начинают расхваливать «величие арийской нации», спокойно говорить про убийства и геноцид и про то, как школьные учителя промывают этой мерзостью мозги детям, приходит грустное осознание, что следующая часть такой веселой уже не будет. 

Следующая часть фильма – это драма. Холокост. В концлагеря сгоняли людей, которые не соответствуют фашистской идеологии. Герой Роберто Бениньи по имени Гуидо и его сын оказались такими людьми. Отец быстро осознал, что его сына убьют в этом месте. И тогда он придумывает игру, которая спасет его сыну жизнь. Но с помощью этой игры он способен сделать гораздо больше. Спасти своему ребенку не только жизнь, но и детство. Он сделает все возможное, чтобы ребенок не увидел весь творящийся ужас, чтобы его детская психика не получила травму, от которой он никогда не оправится. Поэтому Гуидо будет играть вместе с сыном в эту игру. И даже в концлагере жизнь будет прекрасна, зная, что его сын будет жить. 

Но помимо игры, в фильме показана и жизнь в самом концлагере. Если сравнивать ее со «Списком Шиндлера», то она все же уступает. Отчасти это благодаря комедийности Гуидо. Но в фильме есть одна сцена, которая способна напомнить о том, где происходит действие. Эта сцена настолько мощная, что способна привести в ужас любого, кто видит этот фильм в первый раз. 
И завершается драматическая часть невероятной концовкой. В ней потрясающе сочетается простота и драматизм такой мощности, что можно залиться горькими слезами. И сдержатся будет невероятно сложно. Просто поверьте мне на слово. 

Ну и что можно сказать про актерскую игру. Роберто Бениньи невероятно хорош. Его персонаж легкий, остроумный и веселый. Ему начинаешь симпатизировать с первых минут фильма. От его выходок можно смеяться до потери пульса. Хотя временами казалось, что он кривляется. Но это мелочи. Оскар который он получил за актерскую игру вполне заслужен. Николетта Браски также хороша. Даже хорошо, что она является супругой Роберто Бениньи. Ведь они не играют любовь. Они действительно любят друг друга. И поэтому каждая их совместная сцена запоминается и смотрится с невероятным удовольствием. А сцена где она добровольно отправляется в концлагерь вместе с мужем и сыном окончательно подтвердили ее талант.

В итоге я хочу сказать, что данный фильм является потрясающим шедевром, просмотр которого обязателен каждому человеку, вне зависимости от его отношения к кинематографу. И если у вас вдруг возникнет такая странная дилемма в выборе фильма между легкой комедией и суровой военной драмой, то смело выбирайте «Жизнь прекрасна»."
