rating,title,text
"8,0",Индиана Джонс: В поисках утраченного ковчега 1981,"Началось все в 1973-м.

Джордж Лукас, будучи талантливым режиссером, умел воплощать в жизнь даже самые неперспективные истории. В начальном этапе производстве фильма «Индиана Джонс: В поисках утраченного ковчега», Лукас написал четыре истории про приключения «Индианы Смита» и конечно же горел желанием воплотить идею в жизнь, визуально показать и оживить героя из страниц своих рассказов.

Дальше все сложилось интереснее, когда Стивену Спилбергу был предложен проект о новых приключениях Джеймса Бонда, его близкий друг и одноклассник Джордж Лукас убедил Стивена, что его история будет куда интереснее. Обговорив все «За» и «против», два талантливых режиссера взялись за дело. Разумеется, после того, как немного расслабились на Гавайях, где и встретились двое друзей. Собственно, Индиана Джонс являлся тем же Джеймсом Бондом, но без хитроумных примочек и тому подобного (отмечено Стивеном Спилбергом).

Стивен Спилберг разумеется был согласен на экранизацию этих историй, но чтобы фамилию героя сменили на «Джонс». Задача Джорджа Лукаса была сложной, так-как Лукас был сфокусирован на сиквеле «Звездных войны», именно в это время к проекту присоединились Фрэнк Маршалл и Лоуренс Кездан, дабы помочь Стивену и Лукасу в их начинании.

Дело было сложным и порой Лукас и КО проводили по девять часов в день, обдумывая идеи визуальной и сюжетной части.

И ОПА! Уже придумана сцена с катящемся за Индианой Джонсом валуном. Спилберг, придумавший эту сцену был доволен, а вдохновленный Лукас подтянулся за другом и придумал и свои эпизоды. Так прошли долгие шесть месяцев, и у создателей было нечто похожее на сценарий. Были и слишком грандиозные сцены, что были вычеркнуты из-за нехватки ресурсов, но в общем и целом работа не была проведена зря. Готовый проект стал настоящим прорывом приключенческого жанра.

Вся работа незадачливой идеи Лукаса в конечном итоге была оправдана. Учитывая все это, вряд ли создатели жалели об потраченном времени.

Поехали дальше.

Джордж Лукас и Стивен Спилберг видели своего героя очень брутальным и мрачным, на эту роль у них было разделенное мнение по поводу актера, который смог бы воплотить Инди. Обговорив все детали, хитрый Спилберг убедил Джорджа Лукаса взять на роль Харрисона Форда. Лукас хоть и с сомнением, но был не против. Воистину это был удачный выбор, так-как Харрисон Форд сыграл свою роль именно так, как и хотелось Лукасу и Спилбергу. 

И вот уже 1980-ом начались сьемки фильма, ставшим культовым среди приключенческого жанра. Знойный июнь, Франция. Во время сьемок актеры и создатели побывали чуть ли не на всех местах земного шара, так-как сюжет вертелся около Утраченного ковчега с заветами. Съемочная группа побывала от Франции до Туниса. 

Кажется, что создатели фильма сами были искателями приключений и кладоискателями. 

Мы поговорили про героя, а кто же ему противостоял? Ответ простой, это был Гитлер! Ну не сам Гитлер конечно, а нацисты. Испытывая слабость к древним артефактам, фюрер начал их с энтузиазмом искать. Нацисты с помощью соперника Индианы Джонса, Рене Беллока, хотели заполучить древний Ковчег. Разумеется, эта сюжетная часть долго была объектом споров Лукаса и КО, но в итоге ее оставили.

А ведь Саллах прав, если Ковчег и где-то существует, то его трогать нельзя, артефакт не для фюрера и не для кого-либо.

На чем мы остановились? Ах да! Режиссеры во время съемок где только не побывали, и, безусловно этот факт повлиял на их азарт, они прониклись духом приключения, сами будучи авторами приключенческого фильма и это передалось и нам, простому зрителю. Интересные места съемок, и в этих же местах в головы создателей приходили не менее интересные идеи новых эпизодов, которые в итоге не были удалены.

Немного о музыке. 

То, что в фильме музыка, вызывающая мурашки, ясно с первых же минут, но отдельные темы стоят особенного внимания. «Марш искателей» и берущая за душу «Тема Ковчега».

Из второстепенных персонажей особенно выделяется Мэрион. Карен Аллен отлично сыграла храбрую и отчаянную авантюристку, которую порой нужно спасть.

«Индиана Джонс: В поисках утраченного Ковчега» определенно стоит вашего внимания, так-как это образец отличного приключенческого фильма."
