rating,title,text
"8,0",Джастин и рыцари доблести 2013,"Уже порядка трёх лет этот мультфильм пылиться в моём портативном загашнике и вчера вечером я извлёк оттуда сию ленту дабы отсмотреть и по достоинству оценить, благо что детище продюсерского центра Антонио Бандераса, теперь хоть увидел что под протекцией этого актёра выходит и хочу сказать что это не последний мультфильм и что его стоит посмотреть как детям, так и взрослым. Далее поделюсь своими впечатлениями и мыслями по этому поводу.

Сюжет крутится вокруг обыкновенного парня Джастина у которого в жизни наступил тот жизненный период, когда определяются с жизненными приоритетами и будущей профессией. Дедушка парня был рыцарем и знавал те времена, когда речи о чести, ратных подвигах и славе были в чести, ныне же в маленьком королевстве правит бюрократия и её величество Волокита, где чтобы подать жалование нужно заполнить форму Е-83 и предоставить справку о благонадёжности в четырёх экземплярах, заверенных там, то и там-то… В общем перечислять можно бесконечно, но суть в том что всё вышеупомянутое убивает всякую надежду на романтику и нечто возвышенное, поэтому первый смысловой пласт мультфильма – противостояние старого и нового, когда бумажка с печатью заменила весь военный аппарат, указ о  расформировании рыцарства, создаваясь из благих намерений оказал пагубное влияние на оборонную сторону правления, ратники исчезли за ненадобностью, но один «Рыцарь» этого не простил, а дальше беспощадные спойлеры и хождение в дебрях.

Вторым и несомненно главным смысловым пластом мультфильма является мотивационная сторона о достижении своей мечты своими силами. Джастин обрёл желаемое, даже когда ему сказали что ему не стать рыцарем ввиду отсутствия некоторых качеств, но «для героя не только крепость мышц нужна, но и сила сердца…» и это он доказал во второй половине фильма и в поединке с главным антагонистом всего мультфильма. Достойна упоминания и качественная анимация на уровне гигантов мультипликации как то Dreamworks, Disney, Pixar к гигантам думаю также можно отнести и Blue Sky Studios, подарившей нам неплохую франшизу «Ледниковый период», последняя часть которой судя по отзывам вышла не очень, качественная графика, прорисовка черт лица персонажей и крокодил, летающий на механизированных крыльях так и отдаёт душком «Как приручить дракона», не так эффектно как приручение дракона, но тоже имеет право на жизнь.

Актёрские работы порадовали, но поскольку оригинальных голосов мы можем не услышать будем оценивать наш дубляж, а он здесь прямо-таки хорош. Николай Быстров подарил свой голос Джастину и звучал очень органично, из наиболее известных работ можно назвать «Гарри Поттер со второго по восьмой фильмы», такая же ситуация и с Линой Ивановой, озвучивавшей Талию хорошо звучала, приятно слушать, в ГП голосит за Гермиону Грэйнджер, оригинальные голоса – Фрэдди Хаймор (Джастин) и Сирша Ронан (Талия), Владимир Антоник голосил за Гераклио в образе злодейской его голос хорошо звучит, наиболее известные работы с Арнольдом Шварценеггером, Сильвестром Сталлоне, Джеральдом Батлером в 300-ах спартанцах, в Мстителях звучит голосом Ника Фьюри. В оригинале также замечены сам Антонио Бандерас, Альфред Молина и Чарльз Дэнс, что известен нам как Тайвин Ланнистер из «Игры престолов».

В качестве итога: Отличный фильм для семейного просмотра, духоподъёмная мораль, качественная анимация персонажей и прорисовка пейзажей, сильная история не без косяков, но мультфильм мне понравился. Ставлю ему восемь баллов и рекомендую ознакомится, мультфильм достойный ознакомления! Всем Добра и приятного Просмотра!"
