rating,title,text
"10,0",Терминатор 1984,"Классический фильм моего детства, конечно фильм старый и спецэффекты на сегодня ушли далеко вперёд, но как говориться классика не устаревает.

Весь сюжет фильма разворачивается на спасение одной женщины а именно Сары Конор, так как она в будущем должна будет родить ребёнка, который в итоге должен помочь человечеству спастись от восставшего военного искусственного интеллекта.

В общем из будущего появляется ""Терминатор"" киборг для того что бы убить Сару Конор, так же из будущего появляется ""Солдат Кайл Риз"" для того что бы спасти её, но как оказалось Кайл Риз знает её не просто как женщину которая родила как бы спасителя для человечества, но как оказывается он в неё влюблён.

А что будет дальше советую посмотреть в самом фильме, хотя его наверно уже видели все."
"10,0",Терминатор 1984,"Или мировой кинематограф как инструмент изменения реальности и спасения мира.

В сентябре 1983 года СССР был под угрозой массового ракетного удара.
Все данные получены из открытых источников.
Известно, что идея фильма “Терминатор” буквально пришла во сне к Джеймсу Кэмерону. В 1981 году в Риме, работая над своим первым крупным фильмом “Пираньи-2”, Кэмерон заболел лихорадкой. И в бреду он “увидел” сюжет “Терминатора”.

Было ли допустимо предположить, что “Терминатор” сможет выйти в прокат до 1983 года? Сейчас об этом сложно судить, потребуется мнение экспертов и специалистов кинематографа как минимум.

Но почему я сравниваю именно эти две временные точки?

Одним из новых информационных посылов “Терминатора” стала, проходящая лейтмотивом, информация о том, что Третью Мировую ядерную войну начнут оборонные компьютеры.

В свою очередь, в 1983 году, кадровый советский офицер совершил невероятный поступок, для человека строго исполняющего протокол, устав и инструкции.

В ночь на 26 сентября 1983 года подполковник Станислав Евграфович Петров был оперативным дежурным на командном пункте системы предупреждения ракетного нападения в секретной части «Серпухов-15». В 0:15 раздался сигнал компьютера: с территории США в сторону СССР запущена баллистическая ракета. Следом пошла вторая, третья и так с интервалом в пару минут…

Что бы не думали позже о его поступке советское командование, забывшее о его существовании или ООН, наградившая в 2006 году Станислава Евграфовича как «человека, который предотвратил ядерную войну», я думаю, что он знал.

Он ждал.

Он спасал Землю.

Вкратце суть ситуации примерно такова: компьютерная система предупреждения ракетного нападения выдавала предупреждение о массированном ракетном ударе со стороны США. Полное совпадение всех показателей.

Петров был обязан дать подтверждение в генеральный штаб, где до нажатия на “красную кнопку” ушли бы считанные минуты и США оказались бы стерты с лица Земли, впрочем как и СССР, и большинство государств, ведь вне зависимости от того, ошибался ли компьютер или нет, США бесспорно успели бы нанести ответный удар на нашу первую волну.

Какой нормальный человек, к тому же военный, стал бы ждать выхода ракет на радары, фактически в зону поражения?

Подполковник Петров предотвратил ядерную катастрофу, не дав подтверждения тревоги, поступившей от оборонных компьютеров.

Рискуя оказаться либо героем, либо предателем. Ведь мы прекрасно помним как работала система уравнивания в 1980е годы в СССР.

Если кому то интересны детали, то в 2014 году о судьбе подполковника Петрова был снят неплохой художественно-документальный фильм “Человек который спас мир”.

Но собственно вернемся от героя к ситуации.

Баллистические ракеты, которые отчетливо показывала компьютерная система, уверенно шли курсом на СССР какое-то время и вдруг, перед выходом на наши радары, бесследно исчезли.

Уничтожили ли их с пульта управления в США, или это была хакерская атака и провокация третьей мировой войны, или это был просто сбой оборудования, как доложил подполковник Петров начальству, или же команда “мстителей” уже существовала?

Над этим можно долго рассуждать и спорить и каждый останется при своём мнении, но нас интересует в данной ситуации совсем другое.

В 1981 году, каким то волшебным образом, мысль о возможности практически идентичной ситуации, приходит в голову Джеймсу Кэмерону, а возможно и далеко не ему одному, но Кэмерон смог донести её до коллективного сознания населения Земли, создав один из самых популярных фильмов того времени, пусть и опоздал почти на год с его выходом.

Очевидно, что тогда подобные идеи не воспринимались сильными мира сего всерьёз.

Но позже ситуация начала меняться.

Наше подсознание атаковали следующие части “Терминатора”, в деталях описывающие варианты развития событий, которые могли привести к победе машин.

За ними последовала “Матрица” и так далее до наших дней.

И весь этот поток “фантастики” на четко сформулированную тематику,

был максимально доведен до населения нашей планеты.

Теперь давайте посмотрим на деятельность всемирных организаций в направлении метафизики, постижения невозможного и так далее.

В качестве примера возьмём ООН:

В рамках штаб-квартиры ООН в Нью-Йорке с начала 1980-х годов года действует ""Общество просветления и трансформации"" или S.E.A.T. (Society for Enlightenment and Transformation) — международное культурное сообщество, практикующее совместные медитации и духовное совершенствование.

Усилиями этой организации в ООН состоялся ряд выступлений Крайона, именующего себя космической сущностью, отвечающей за инженерные службы планеты Земля.

О самом Крайоне довольно много написано, в том числе и российскими учеными, но я хотел бы привлечь ваше внимание к небольшой части его первой речи в стенах ООН, которая состоялась 21 ноября 1995 :

“Мы говорим о придании энергии правительствам этой планеты, чтобы они начали говорить своим людям правду о тех, кто посещает Землю из других мест. Потому что это реальный процесс, происходящий сейчас и ведущий ко времени, когда вы узнаете этих посетителей по именам и будете разговаривать с ними лично. Мы призываем правительства сделать это, пока не стало слишком поздно, пока они не потеряли контроль и не выглядят полными дураками. Мы призываем: ""Расскажите своему народу то, что знаете! Поделитесь с ними новостями, не в страхе, но в просветлении и искренности о том, что происходило. Расскажите людям о переговорах, которые у вас уже были с теми другими, и о контактах, которые вам известны. Положите правду на стол, чтобы человечество могло её видеть! Время пришло…”

Конечно же ООН далеко не первая по приоритету инстанция куда попадают секретные материалы.

Конечно же стремительное развитие в мировом кинематографе такого направления как фантастика о супергероях, войне с машинами и всевозможные варианты постапокалипсиса, легко объясняется законами рынка.

Но оцените масштаб!

Весь цивилизованный мир смотрит на Одаренных героев и пишет себе на подкорку их мыслеобразы, готовит своё и коллективное сознание к спокойному восприятию новой реальности, Новой Эры.

Безусловно это глобальный проект, имеющий колоссальную поддержку на высочайшем планетарном, Земном уровне, а своё начало возможно и на Вселенском уровне…

Давайте вспомним чем начинается фильм “Терминатор”:

“Машины восстали из пепла ядерного огня. Их война за уничтожение человечества длилась десятилетиями, но решающая битва произойдёт не в будущем.

Она случится в наши дни.

Сегодня.”

Далее нам рассказывают как сеть оборонных компьютеров “Скайнэт” атаковала ядерным оружием СССР и запустила “эффект домино”.

И эта идея пришла Кэмерону в бреду, за два года до известного нам инцидента.

(для справки: В 2008 году “Терминатор” был включён Библиотекой Конгресса США в список фильмов, признанных культурным достоянием США)

Что это если не посыл к нашему подсознанию,

о том ,что война возможна и необходимо с особой осторожностью подходить к разработке ИИ (искусственного интеллекта),

о том, что победа человечества в руках самих людей,

о том, что всё возможно предотвратить…

То есть зафиксировать в наших мыслеобразах предотвращение третьей мировой.

Зачем? Да потому, что каждый человек, на уровне подсознания, формирует своими мыслеобразами свое будущее.

А “индиго” кстати делают это в сотни раз эффективней.

Потому, что мысль материальна.

Потому, что мы действительно меняем своё будущее.

Потому, что извечная война Добра и Зла не закончится никогда и людям необходимо помнить об этом.

Поэтому я еще раз скажу, что современные фантастические бестселлеры кинематографа готовят нас к новой реальности, в которой присутствуют и киборги-убийцы, и роботы-защитники, и Одарённые люди Х, и гости из других миров.

Хочется закончить словами Морфеуса из “Матрицы”:

“В 21 веке человечество было охвачено ликованием. Свершилась давняя мечта: Мы, хомо сапиенс, отмечали великий прорыв — создание ИИ…

…Единое сознание, оплот страшной эпохи машин.

Не ясно кто нанёс первый удар — мы или они…”"
"10,0",Терминатор 1984,"Джеймс Кэмерон — выдающийся режиссер, снимающий захватывающие, великие фильмы. Фильм «Терминатор» — одна из таких работ.

 Из 2029 года в 1984 год посылаются два главных действующих героя этого фильма. Первый — киборг-терминатор (А. Шварцнеггер) — одна из многочисленных в 2029 году машин с определенным заданием: найти женщину, имя которой Сара Коннор и ликвидировать ее из-за определенной цели. 

 Второй — солдат Кайл Риз — лидер сопротивления людей, задача которого обратная: защитить эту женщину. Кайл — это образ благородного, храброго, бесстрашного человека, каких было немало в истории, защитников своей родины, цивилизации. Такие люди были и в прошлом, есть в настоящем, и как показано в этом фильме, будут в будущем — то есть во все времена. 

 Арнольду Шварцнеггеру в этой отрицательной роли удалось очень достоверно, точно передать жестокость, отсутствие эмоций, черствость этого киборга-убийцы. 

 И в фильме поднят очень остро философский вопрос о взаимоотношении человечества и машины, техники. Научно-технический прогресс, интенсивное развитие науки и техники — процесс закономерный, возможно, естественный, полезный, необходимый. Но существует ли некая отрицательная сторона, неужели все не так хорошо и прекрасно, в момент, когда машина окажется сильнее человека? 

 А в этом фильме показано: да. Когда киборг, терминатор запрограммирован на задание: ликвидация человека — Сары Коннор, он будет добиваться выполнения этой цели очень настойчиво, без устали. В начале фильма он скрупулёзно ликвидирует по порядку телефонного справочника всех женщин, которых зовут Сара Коннор, пока очередь не дойдет до его цели. 

 А далее начинается преследование, погоня, перестрелки, которые поставлены очень зрелищно, захватывающе, эффектно. Но смотреть жутко. Это триллер. 

 И благодаря прекрасной спортивной форме А. Шварцнеггера становится понятно, сможет ли при выполнении данного задания что-то остановить киборга, который не знает усталости, ему не нужно время на сон, его не берут пули, ему не страшна полиция; переезд грузовика, взрыв в грузовике — сможет ли его хоть что-то остановить? Но пожалуй наиболее страшно то, что у машины нет эмоций, чувств любви, жалости, сочувствия, гуманизма. У терминатора есть лишь задание: ликвидация. 

 Фильм вызывает чувство ностальгии по 1984 году: машинам, телефонным будкам, одежде — эпохе, в которую также радость, свет, любовь и жизнь все же существовали, вопреки всему, как и во все времена."
"9,0",Терминатор 1984,"Перый фильм великого Джеймса Кэмерона. Этот режиссёр мастерски сочетает в себе создание качественного и при этом понятного всем и успешного кино. Терминатор не стал исключением. Несмотря на низкий бюджет Кэмерон снял эпическую картину сражения людей и восставших машин. Персонажи фильма харизматичны и убедительны. Сюжет не содержит явных дыр и нестыковок. Действие происходит достаточно быстро и увлекательно даже по современным меркам боевиков (а ведь Терминатор снят уже давно в 1984 году).

Это знаковый фильм, который должен посмотреть каждый любитель фантастики и боевиков. Терминатор действительно впечатляет. Не зря этот фильм дал начало целой вселенной для продолжений фильма, ответвлений, игр и книг."
