rating,title,text
"8,0",Девятые врата 1999,"Путешествие ""паломника"" в поисках дьявола изложенное в форме детективного триллера. При этом триллер и детектив находятся на поверхности. Слоем ниже - атмосферная мистика и ирония. А подо всем этим увлекательное путешествие, квест, с загадочной прекрасной незнакомкой, деньгами и властью, с оборотной стороны оказавшимися падением, порчей и самим дьяволом в образе вавилонской блудницы, оседлавшей (м) зверя, которым стал главный герой.

Путь к дьяволу оказался скрыт не в тексте книг (их сжигали за ненадобностью) и не в загадочных иллюстрациях (они - лишь иллюстрации пути), а в обыденном совершении главным героем одного зла за другим, причем, таким образом, что зла этого и не замечаешь. Так же, как не замечают дъявола и жаждущие встречи с ним сатанисты, в то время как объект их вожделения открыто ходит в образе красивой зеленоглазой девушки в разноцветных носках - что может быть невинней?

Шаг за шагом Корсо ступает по пути в ад, даже и не ведая о том, и становится избранником нечистого не из-за неких тайных знаний или заклинаний, а нарушая один запрет за другим, во имя в общем, неплохих целей - сначала денег, удовольствия, а затем из мести и в поисках власти. Пока не открылись ""девятые врата"".

Все это не очевидно и зритель может так и остаться на любом их предложенных режиссером уровней. Может и просто получать удовольствие от неспешного, атмосферного и ироничного, эстетского повествования. Разве не в этом прелесть хорошего фильма?"
"9,0",Девятые врата 1999,"Когда Роман Полански снял «Девятые врата» он был буквально уничтожен критиками, а затем и публикой. Весьма странно, ведь спустя несколько лет «Девятые врата» стал, можно сказать, если не культовым фильмом, то хотя бы превосходным образцом мистического детектива. 

Главный герой Корсо, в исполнении Джонни Деппа, является неким «книжным детективом». Он ищет редкие книги за разумную цену. Однажды он получает задание от миллионера, заключающееся в поисках подлинника книги, соавтором которой был, по слухам, сам Люцифер. Герой Джонни Деппа соглашается, польстившись на оклад. Но за книгой охотится множество других странных личностей.

Первое, что бросается в глаза – это качество. Декорации, созданные специально мрачными и холодными, чтобы вызвать замешательство; атмосфера древних тайн; операторская работа по всем стандартам качества выше среднего; превосходный каст актеров, где каждый на своем месте; музыка, создающая странное чувство потери в самом себе. Всё это делает фильм как минимум запоминающимся.
 
Не стоит ожидать от фильма исторической достоверности. Всё происходящее в сюжете является выдумкой. А сама книга («Клуб Дюма»), по которой и снимали «Врата», является дедушкой «Кода Да Винчи» в жанровом смысле. Концепция заключается именно в мистике, таинственности. И, как я уже сказал, это заметно даже в темной цветовой гамме и палитре фильтра кинокамеры. 
Фильм рекомендован всем любителям тайн, мистики и просто добротных детективов."
