rating,title,text
"10,0",Вечное сияние чистого разума 2004,"Вот наконец пришло время когда я добрался до просмотра этого фильма, а предшествовало этому (по многим причинам) куча фильмов в том числе и довольно большой список драм, так что на этом жанре я разбираюсь.
И первое что хочется сказать о фильме то это его сходство с «Начало» в обоих ковыряются в человеческом мозге и если бы я сначала посмотрел «Вечное сияние ...» то об оригинальности «Начала» речь бы не шла.

Думаю рассказывать сюжет нет смысла. Тем кто смотрел, это будет неинтересно, а тем кто еще нет не хочется рассказывать то что интереснее посмотреть.

Итак фильм о любви. А что такое любовь? Что за чувство, что заставляет учащенно биться сердце и радоваться от счастья. Это то что не логический не рациональный не материальный тай просто ум не может понять. Мы это можем понять только на духовном уровне, а в духовном ум растворяется, в духовном исчезает его, исчезает страх, там где любовь страх не может существовать, так же как любовь не может существовать когда есть страх. 

За повседневной рутиной нам некогда подумать над тем, что такое любовь и поэтому в семейных парах больше ненависти чем любви. Правду говорят «от любви до ненависти один шаг». В случае главных героев фильма их любовь - это судьба, и ей не страшны даже чудеса науки, настоящую любовь не украсть и не уничтожить компьютерным гениям."
"9,0",Вечное сияние чистого разума 2004,"Признаюсь, я небольшой поклонник такого жанра кино, как мелодрамы. У них слишком простые и избитые сюжеты, забитые типичными для этого жанра клише. Но истории про любовь обожает женская аудитория и поэтому очень много фильмов в жанре мелодрама предназначены исключительно для них, а у мужчин такие фильмы вызывают лишь скуку. Но есть такие мелодрамы, которые взывают восторг и у мужской аудитории, в том числе и у меня. Но они редко бывают «чистыми». Обычно в них содержатся элементы других жанров, как например в «Титанике». Или в них рассказывается об очень необычной любви, как в «Малене». Ну а «Вечное сияние чистого разума» является фантастической мелодрамой, которую можно смотреть лицам обоих полов. 

Хотя в начале она не показывает этого. Ведь данный фильм начинается, как типичный представитель данного жанра кино. Встретилась два человека, находящийся в состоянии депрессии Джоэл и яркая Клементина. Несмотря на то, что они очень разные, начать встречается это им не мешает. И когда я начал уже готовится к типичному сюжету, происходит то чего я не ожидал. Сюжет вдруг становится непонятным, кадры сменяют друг друга очень и очень быстро. И это меня настолько ошеломило, что я невольно подумал о том, чтобы выключить фильм. 

К счастью, все заканчивается быстро. В определенный момент фильм входит в нужное русло и сюжет становится понятным. И начинается лучшая часть фильма. Два жанра соединились, и я с удовольствием начал наблюдать, как Джоэл, словно оказавшись в фильме «Начало», бегает по своему разуму. Он слишком поздно понял, что стереть память о Клементине была огромной ошибкой. Ведь вместе со всем негативом, он избавляется и от счастливых воспоминаний о ней. И поэтому, все что ему остается – это бегать из одного участка своего мозга в другой, обращаясь к самым дальним и даже постыдным воспоминаниям. Лишь бы сохранить ее образ. Пускай ему будет плохо без нее, пускай они уже не будут вместе. Это не столь важно. Она стала слишком важной частью ее жизни и даже самое маленькое воспоминание о ней сделает его серую жизнь ярче, чем полное отсутствие всех воспоминаний. Так что этот фильм вместе с историей о любви несет скрытый посыл или даже предупреждение о том, к каким негативным последствиям могут привести поспешные решения. Так что Оскар за лучший оригинальный сценарий более чем заслужен. 

Актерский состав также бесподобен. Несмотря на наличие таки громких имен как Элайджа Вуд, Марк Руффало, Кирстен Данст и Том Уилкинсон, мне все же хотелось сосредоточить свое внимание на исполнителях главных ролей. Джим Керри прекрасен. Еще одна великолепная драматическая роль после «Шоу Трумана». Временами он конечно выдавал свои фирменные «кривляния», но куда же без них. Это часть его фирменной харизмы, за которую мы так его любим. И поэтому они скорее к месту, чем нет. И Кейт Уинслет. Для меня это, наверное, если не самая лучшая, то по крайней мере самая запоминающаяся ее актерская работа. Она невероятно яркая в этом фильме, как в прямом, так и в переносном смысле. Начиная от запоминающегося внешнего вида и заканчивая бойким и импульсивным характером. Так что их актерские работы – это вторая причина, почему этот фильм так прекрасен.

Ну и прибавьте к этому великолепную режиссуру, отличную операторскую работу и неплохие визуальные эффекты (которые были созданы практически без использования компьютера), то в итоге мы получаем отличный фильм. И не смотря на то, что он относится к одному из моих самых нелюбимых жанров, эта история любви получилась интересной, небанальной и очень фантастической, в результате чего я получил море удовольствия от увиденного. Так что рекомендую «Вечное сияние чистого разума» всем без исключения."
"10,0",Вечное сияние чистого разума 2004,"Представьте себе такую возможность – стереть из памяти особо неприятный момент своей истории, или полностью искоренить воспоминания о человеке, нанесшем вам неисправимую психологическую травму своим существованием или своей смертью. Станет ли вам так легче жить? И самое главное – нарушит ли эта маленькая коррекция целостность вашей личности?

Главный герой фильма, Джоэл, и его бывшая девушка, Клементина, испытывают сей чисто гипотетический маневр на себе, чтобы забыть друг друга, и то, что происходит с ними впоследствии, навсегда изменит ваше представление о «человеке - совершенном компьютере» и довольно спорном вопросе «настоящей любви». 

Сюжет фильма построен так, что зритель невольно оказывается втянут не только в ход линии событий, но и водоворот исчезнувших воспоминаний, и это завораживает и держит в напряжении до самого итога. В конце концов, складывается сильное ощущение путешествия по лабиринтам сновидения или прокладывания дороги сквозь паутину воистину запутанной психологии человеческого разума. И только финал истории поставит все точки над i.

И многое в картине зависит от естественной и качественной игры актеров. Кейт Уинслет великолепно изобразила интересную и нестандартную личность Клементины, а Джим Керри, ловко спрыгнувший с всеми любимого амплуа комика, безоговорочно доказал свою способность к многогранным воплощениям. Вместе они сотворили такой компот мыльной драмы и фантастики.

Красивый, необычный, эмоциональный фильм!"
