rating,title,text
"7,0",Нефть 2007,"Фильм ""Нефть"" Пола Томаса Андерсона практически сразу охарактеризовали ""Гражданином Кейном"" XXI века. И действительно в обоих случаях речь шла о капиталистах, семимильными шагами стремившихся к заветной цели. Но в отличие от героя Орсона Уэллса, начавшего терять свою человеческую сущность уже после обретения власти, магнат Плэйнвью в исполнении Дэй-Льюиса не обладал данным качеством с самого начала. Фильм открывает ряд немых сцен, отлично характеризующих главного героя как прагматичного капиталиста. И никакие производственные трагедии не были способны выбить героя из колеи.

Ему чужды обычные чувства, такие как любовь, дружба и вера. Более того - он не способен ни на какие отношения, кроме деловых. И если в начале Пол Томас Андерсон дает зрителю ложную надежду на то, что в бездушном предпринимателе все еще остались крупицы отеческой заботы, то уже в следующей сцене данная иллюзия разрушается. Своего приемного сына Плэйнвью использует лишь для заключения выгодных сделок с простолюдинами. Да и не сын он ему вовсе - так, деловой партнер и один из нескольких ключевых элементов в осуществлении поставленного плана. При этом сама нефтедобыча для него является ни чем иным, как способом сбежать от социума - от всего человечества, в котором он не видит ничего привлекательного. ""Я хочу заработать столько денег, чтобы убраться подальше от всех"" - говорит Плэйнвью своему невесть откуда взявшемуся брату. И именно этого он в итоге и достигает. В финальной сцене он избавляется от последней связующей - от Илая. ""Я закончил"" - заключает магнат. И адресовано это было не столько спустившемуся на крики дворецкому, сколько зрителю. Цель достигнута. Звучит победоносная музыка. Конец.

При всей серьёзности происходящего на экране, кино не лишено изрядной доли иронии. В первую очередь это относится к сценам с участием вышеупомянутого пастора Илая. Образ главного антагониста гиперболизирован настолько, что невольно становится комическим. Изгнания артритных демонов и словесные перепалки с Плэйнвью дают редкую возможность зрителю улыбнуться. При этом юмор в таких сценах максимально циничный, отчего и уместный. Но главным достижением Пола Томаса Андерсона является отнюдь не это. При всей своей противоречивости, созданный им образ главного героя не кажется вселенским злом. Более того, в отличие от многих других известных киномагнатов, он не сколотил состояние на крови. И в своем деле он честен как перед собой, так и перед окружающими: ""Мы - нефтяники - привыкли говорить начистоту"" - этому деловому принципу капиталист следовал до самого конца. Он поставил себе цель - он её достиг. А какими методами это было сделано уже не столь важно. Плэйнвью заработал те деньги, коих оказалось достаточно для заветного одиночества. И неизменным другом миллионера как был, так и остается виски. Вот только можно ли после всего этого считать Плэйнвью победителем?"
"8,0",Нефть 2007,"Эпическая  лента Пола Томаса Андерсона, лауреат премии Оскар  2008-го года. Картина считается одним из величайших произведений киноискуства нашего века. Главную роль в фильме исполнил Дэниэл Дэй-Льюис. Роль в ""There will be Blood"" закрепила за ним статус легенды кино.

“There Will Be Blood” — в дословном переводе “И будет кровь”. В России переведен как просто “Нефть”. Локализованное название — это одна из многих ошибок отечественных прокатчиков, и очередной повод упрекнуть их в этом.  Кино снято по роману Эптона Синклера “Oil”, но у фильма и романа мало общего. В киноленте ведущий лейтмотив — кровь во всех ее состояниях, потому перевести для  русскоязычного  показа “There Will Be Blood” как “Нефть” — ошибка, которая извращает понимание фильма.

Кратко о сюжете. Конец XIX века, Калифорния. Где-то в пустоши предприниматель Дэниел Плэйнвью в одиночку роет землю в поисках  золота и серебра. Свалившись в шахту, он ломает ногу, но находит образец горной породы, указывающей на наличие залежей нефти. Так  герой становится нефтедобытчиком. Дэниел усыновляет  ребенка погибшего   рабочего и именует Эйч Даблъю (H.W.). Спустя годы, когда Дэниел обзавелся собственной нефтедобывающей компанией, к нему приезжает молодой человек по имени Пол. Парень продает информацию о месте, богатом нефтью, и тогда магнат направляется в Литл Бостон.

“There Will Be Blood”  стоит рассматривать как отдельную эпопею об уже не диком Западе. Вводит в историю бессловесное молчаливое повествование, которое только на 15-той минуте обрывается монологом самого Дэниела. И уже с вводных 15-ти минут атмосферу фильма создает сильный саундтрек Джонни Гринвуда, окутывающий картину до финальных титров.

Кино четко прописывает эволюцию персонажей. Дэниел Плэйнвью усыновил сироту, построил инфраструктуру в захолустном городке, но постепенно демонизируется в глазах зрителя поступками. Непомерные амбиции, меркантильность, циничное  отношение к людям, обман, лукавство и предательство. Но, каким бы с моральной стороны человеком не был Дэниел, его целеустремленность, настойчивость, предприимчивость и расчетливость достойны восхищения. Начав дело в одиночку, он вырастает до корпорации. Дэниел — воплощение американской мечты. Дух нефтяной лихорадки. 

На фоне Дэниела морально возвышается Илай. Он заботится о  семье, церкви, прихожанах и рабочих. Видит себя пророком, способным спасти души доверившихся  людей и изгнать дьявола, биться с ним: “И до коль есть у меня зубы, я кусать тебя буду, а когда не станет зубов, грызть деснами буду, ибо сильны кулаки у меня, бить тебя буду”. В момент изгнания нечистого камера берет на себя роль дьявола, и, когда Илай со словами “он вышел вон” возвращается в церковь, по правую руку от него стоит Дэниел, и камера фокусируется крупным планом на нем. Словно говорит: дьявол — не дух в теле старушки, а Дэниел Плэйнвью. Лишенный гуманности, пропитанный злобой к людям, вере и человечности. В роли контрапункта для него выступает Илай — альтруистичный праведник. 

По мере раскрытия персонажей становится ясно, что Илай не лучше Дэниела, а хуже.  Если Дэниел делает деньги на нефти и предпринимательском таланте, то Илай на людях. Лжепророк, притязающий на статус посланника Бога, а его промысел — обман прихожан и лицемерие. Илай алчен, порочен и меркантилен, как и Дэниел. Если меркантильность Дэниела вытекает в желание создавать, развивать компанию и не останавливаться, то меркантильность Илая в вымогательство и побирательство. Резкое противопоставление двух крайностей раскрывает истинные лица протагонистов.  С одной стороны — лжепророк шарлатан, а с другой — демонизированный убийца с непомерной жаждой соперничества.

“There Will Be Blood”  — цитата из Исхода, посвященная 10 казням Египетским. Кровь — лейтмотив фильма. Как священная кровь текла по жилам Христа, так и черная  течет в недрах планеты.  Если в церкви крестят кровью Иисуса, то нефтяники окрещиваются кровью матери-Земли. Проведя пальцем по лбу юного H.W., отец окрестил его перед промыслом. Дэниел, изваляв в луже нефти Илая, окрестил его перед лицом своего дела. Спустя время, уже Илай окрещивает Дэниела перед лицом церкви. “Дай мне крови, Илай, и я уйду, дай мне крови, Господь!”.

Кровь предстает символом родства. Кровное родство важно для Дэниела. Оно определяет вектор развития отношений с другими людьми. И, возможно, кровное родство единственное, что заставляет  Дэниела показать чувства. Руководствуясь кровным родством, он приблизил к себе Генри и, из-за отсутствия такового с Эйч Даблъю, не полюбил как сына. 

Кино длится 160 минут, но его нельзя назвать затянутым или утомительным. Хронометраж — это динамичная схватка, контрастирующая со зловещим музыкальным тоном, а Дэниел Дэй-Льюис снова доказывает миру, что он — гениальный актер. 

“There Will Be Blood” — это торжество кинематографа. Предательство, драма, обман, убийство. Многочисленные отсылки к Библии, начиная с названия ленты, заканчивая кровью Агнца. Пол Томас Андерсон снял великолепное кино и передал дух времени. Все невероятным образом подтачивает работа композитора. Финальное слово Дэниела завершает эпопею, схватку,  судьбу протагониста. Потому, монолог я завершу его простой цитатой. I'm finished."
"8,0",Нефть 2007,"Фильм «Нефть», не рассказывает технические особенности добычи «черного золота», он рассказывает о порочности человеческой души и о том, что, чернея нефти может быть лишь она.

Пол Томас Андерсон, мастер визуальных повествований. За 20 минут фильма он успевает показать больше. Раскрывая героя почти без слов, он демонстрирует детали, которые становятся понятны простому зрителю. Перед зрителем главный герой, жадно влюбленный в нефть и в свое дело её добычи. На первый взгляд человек черствый и алчный, однако, в последующих сценах становится понятно не только это. Благодаря постоянным качелям, которыми успешно управляет режиссер, удается испытать огромную гамму чувств во время просмотра.

Дэниэл Дэй-Льюис, который не раскидывается своими ролями, отлично поработал и для этой роли. Колоссальная проработка запоминающегося образа и как следствие заслуженная награда и мировое признание. Его образ жадного и расчетливого Плэнвью, холодный и мрачный. Его серьезность и хладнокровность, пугает. Он словно Джокер, с расчетливым и хитрым умом, достигает больших успехов, который готов пойти на любые ухищрения, ради достижения своих коварных целей. Пропитанный чернотой на первый взгляд, он оказывается не единственным в прогнившем мире. И тот, кто казался благоверным, оказывается хуже всех остальных.

«Нефть», о бьющей фонтаном, черноте души. Пропитанный ненавистью к людям и беспросветной надеждой на лучшее, главный герой не находит другого выхода, кроме того, как погрязать в ней ещё больше."
"9,0",Нефть 2007,"Один из очень сильный фильмов, которые я когда-либо видел. История о выгоде, лицемерии и постоянной жажде наживы. Картина с исторической точки зрения охватывает взлёт нефтедобывающей промышленности, описывая действия со стороны магната Плэйнвью. С первых минут сюжет знакомит с главным героем. Путешествуя со своим сыном в поисках нефтяных источников, исследователь находит чёрное золото, но территория уже принадлежит жителям, которые и знать не знают о сокровищах под землёй. Дальше вступает безупречная операторская работа и гладкая лесть амбициозного Плэйнвью. Что происходит на экране, передать словами не выходит, это нужно видеть. Ради выгоды человек идёт на всё, власть и мания величия, деньги и алчность опутывают в свои сети магната. Отлично сочетаются между собой операторская работа и Дэниэл Дэй-Льюис. Один из самых талантливых актёров в наше время ответственно отнёсся к этой роли. От его героя веет силой и всеми отрицательными качествами данной роли. Даже когда резких событий не происходит, когда на первый план выходит показ героя и его борьбы с внутренними демонами, достаточно навести камеру на Дэниэла, пронизывающий взгляд которого рвёт на тебе все связки. Жанр охватывает вестерн, но это не привычное нам кино про ковбоев и салуны, поэтому, в первую очередь, это драма. Причём драма с большой буквы. Ведь на наших глазах зарождается монстр, которого ничто не может остановить. 

Сюжет фильма вносит трагедию на сына, дабы показать нам, какими способами можно было остановить магната, но не тут то было. Переломный момент наступает в тот день, когда ради достижения своей цели, наполненный алчностью и злобой, герой следует напролом, лишь бы достичь желаемого результата. Тот момент, когда теряются все жизненные принципы, зритель понимает, что эта история врежется в память надолго. Именно с этим фильмов будут сравнивать сильные проекты. Та сила, с которой на нас передаётся вся атмосфера, не знает границ, а финал показывает невообразимые вещи, когда злая личность не знает предела. Боже, это великолепное произведение, которое можно описывать ещё очень долго. Это нечто большее, чем простое кино для единичного просмотра, это шедевр, который не оставляет равнодушным никого. Можно получить желаемое, но заплатить за это дорогую цену. История показала нам, как изменяется человек, которым управляют лицемерие, самолюбие и алчность, а теперь позвольте этому творению изменить ваше представление о банальном современном кино. 
Фильм, который выше всех сравнений и категорий, по праву носит статус «великого творения». Браво !"
"10,0",Нефть 2007,"Фильм Пола Томаса Андерсона вышедший в 2007 году. Главную роль исполнил Дэниел Дэй-Льюис и получил свой второй “Оскар” из трех и, наверное, все-таки эта роль уступает его другим работам, которые были отмечены данной наградой (“Моя левая нога” и “Линкольн”) все равно персонаж получился очень сильным, четким, интересным и явно Дэй-Льюис на эту роль подходил как нельзя лучше, придав ей именно тот образ, который благодаря Льюису заиграл очень яркими красками, он запомнится всем надолго. Примечательно, что фильм занимает одни из первых мест среди различных рейтингов лучших фильмов 21 века, а также и за всю историю кино.

По названию и в общем по самому действию можно определить, что это фильм именно про добычу нефти, ее нахождение, продажа и думается, что сам фильм будет посвящать нас в жизнь и работу нефтемагнатов, а уж тем более, когда имеется такой умный, жесткий и пробивной человек, который этим занимается и имеет явный успех, строя нефтедобывающие скважины и скупая все земли, где может быть нефть. Несмотря на обыденность и ярую поверхностность с которой нам рассказывают об этом смотреть за этим все же интересно.

Дэниел Плейнвью - богатый нефтяник ищет и покупает участки, где имеется нефть, делает это он вместе со своим сыном и все бы продолжалось хорошо он  продолжал бы так свою деятельность, вытесняя конкурентов если бы однажды не встретил священника местной церкви, который собирает на нее деньги для дальнейшего ее развития. Плейнвью обещает ему выдать деньги, когда на участке у него он найдет нефть. Все просто, но гармонию нарушают вечные перепалки его и священника , причем в них бывают виноваты обе стороны, никто не выставляется здесь явным злодеем или глупцом. Однако герою Дей-Льюиса можно предъявить множество серьезных претензий, помимо его работы мы в полной мере получим картину нашего персонажа и все объяснения его поступков, поэтому все четко логично и никаких недосказанностей. Бросается сразу в глаза его бесчувственность и тут же ее можно объяснить - все успешные люди стремились к успеху долгие годы и сколько было потрачено усилий, главную чуть ли не единственную роль в этом успехе сыграл их собственный разум, вера в него, только практическими действиями можно достичь чего-то, естественно из этого могло выйти, что люди живущие строго по закону разума не могут переносить все что связанно с религией, пустой верой в чудо, перекладывание своей ответственности на волю божью и надеяться, что он сам все сделает. Люди, прожившие и трудившиеся столько времени уже не верят в эти сказки, все что было создано это исключительно результат разума такая изнурительная работа вводит в стресс и апатию ко всему, поэтому все, что тяготеет к сердцу им неведомо, с нашим героем в дальнейшем это сыграет злую шутку. Это одна сторона медали, ясно что по натуре Плейнвью эксплуататор, в его компании работает большое количество людей и он не боится подвергать их опасностям на производстве и заставлять работать как можно больше. Единственное, что может согревать его сердце это сын, который возможно может стать продолжателем дела, но какое удивление приходится испытать, когда мы видим, что из-за несчастного случая на производстве сын остается глухим и у отца хватает смелости безжалостно от него отказаться. В дальнейшем понятно, что сюрпризов ждать от Дэниела не стоит он просто не любит людей и не знает, что такое любовь вообще.

Все что происходит на наших глазах, то есть видимая часть фильма это всего лишь малейшая часть того, какую картину на самом деле в себе скрывает произведение, основной посыл здесь совсем иной. Противостояние главного героя и священника продолжаются на протяжении всего фильма не просто, так это имеет под собой как и реальные основания так и в общем это противостояние является в фильме движущей силой от начала и до самых последних минут. Борьба двух противоположностей и мировоззрений, эта вечная борьба между разумом и религией (не чувством, как обычно привыкли сопоставлять, а именно религией) присуща всем поколениям и каждому человеку в отдельности. Показано немного абстрактно, но очень ясно. Может ли религия и добро найти место в душе даже самого прожженного атеиста и не верующего во что-либо кроме какой-то четкой цели, ради денег, славы и влияния?

Люди верующие наивны, просты, а люди разума именно в том виде как наш герой, корыстны, хитры и злы это типичный образ они даже иногда могут использовать религию в своих целях. Священник в исполнении Пола Дано является наивным мягкотелым и глупым, но чист сердцем и помыслами, он используя в помощь свою душевную силу способен простить врага и наставить его на путь истинный, очистить от грехов ради спасения души и любви ко всему человеческому, он пока является единственным сдерживающим рычагом для Плейнвью, чтоб он полностью не погряз в пустоте своей души. Даже такой успешный человек достоин осуждения, он бросил своего сына! Очищая от грехов идет ему явный намек на ошибку, это против человечности и кто как не человек религиозный, пропитанный человечностью может убедить провинившегося в своей ошибке? Несмотря на то, что все это воспринимается протагонистом как  цирк, который стоит пройти ради достижения одной из своих корыстных целей, на него действуют упреки и он возвращает сына обратно. Стал ли герой на путь истинный, на путь очищения и доброты? Борьба между самим собой продолжается с ним до самого конца, давая в дальнейшем итог.

Сын стал также нефтяником, но интересы его и отца не соответствуют друг другу. Отец в силу своей корысти и жадности не хочет, чтобы у его, как потом выясняется, на самом деле приемного сына не было собственного бизнеса, но у сына желание отделиться, дабы не стать, как отец. Дэниел так и не изменился собственное удовлетворение для него важнее, тогда сыну придется стать его конкурентом, желание набить карманы, чтобы считать других людей за ничтожество, для него важнее родственных чувств.

Все вопросы рассеиваются и карты раскрываются именно в последние 15-20 минут происходит последняя встреча священника и Дэниела Плейнвью очень ярко жестко, а главное развернуто и очень метафорично говорится о главной идее в фильме. 
Священник разорился и просит у Плейнвью денег, но почему он это делает, потому что бесплодно надеялся на Бога, а он явно не предупредил его о сложившейся ситуации в отчаянии он это понимает, но все равно продолжает верить, хотя бы в доброту Дэниела, а нефтянику остается только дразнить его и тыкать пальцем на то, что он был прав, он его обставил, победил! Никакая религия не поможет по сравнению с реальной работой! Спор перерастает в физическую борьбу, где не просто так победу одерживает именно Плейнвью и что важно, убивает своего противника, но что у него осталось? Он один пьяный в пустой комнате у которого никого нет и что же теперь ждет главного героя?

Нефть и все что с ней связано в этом фильме это всего лишь связующее звено, на самом деле фильм о сущности религии. Это один из самых ярких, точных, глубоких и умных фильмов на данную тему, это одно из лучших высказываний о ней и все что с ней связано! Объясняется, что такое религия, чему она учит, для чего она предназначена и главное говориться о том куда ей лезть не следует, а где ее присутствие очень важно. В прямой схватке побеждает Плейнвью, так как на практике, когда речь идет о действии религия не поможет он бессильна и ничего не может противопоставить также и другие практические сферы общества, религия вас не предупредит о сложной экономической ситуации и так далее. Поэтому просто сидя сложа руки и чего-то ожидая, вас ждет поражение. И простое вымогательство на примере пожертвований больших сумм во благо церкви тоже глупо и неверно, это вызывает смех, так как пожертвования ради чего, польза от этого какая?!И над такими наивными недалекими людьми остается только смеяться, как и делает герой Дей Льюиса. 

Задавив в себе все, что могло перекликаться с религией и чувством он просто остался у разбитого корыта, остался в душе таким же бесчувственным, без высших ценностей и без близких он одерживает кроме победы также и поражение, но нравственное в свою очередь герой Пола Дано нравственный поединок выигрывает. Влияние религии помогло нравственному победителю остаться чистым человеком, а проигравшему помогло однажды совершить морально правильный и важный поступок, религия учит хорошему и правильному выбору если он связан с вопросом нравов и в душе она должна присутствовать, но только в воспитательных целях, развивая доброту и человечность, чтобы не остаться без ничего в будущем. Вот она наконец показана объективная ситуация религиозного вопроса, что ценно в наши дни, как для жизни, так и для кино. Такой правильной картины на эту тему мы не видели очень давно и вряд ли еще скоро увидим."
"9,0",Нефть 2007,"Режиссер Пол Томас Андерсен в своем фильме «Нефть», или «There will be blood», как в оригинале, поднял череду мыслей о человеческом обществе и религии, о том, что нужно личности для счастья, и на что мы готовы ради денег. Все они, эти мысли, долгое время после просмотра фильма будут приходить в голову и озарять чередой новых размышлений по поводу перечисленных идей. Но и другие идеи, те, которые не были замечены, сразу неожиданно будут заявлять о себе, представляя собой послевкусие фильма. 

В своей картине про нефтедобытчика и его сына Андерсен покажет вам становление человека, желавшего заработать именно столько денег, сколько ему хватило бы абсолютно на все, чего он бы пожелал. А желания его довольно просты и он вам о них непременно расскажет. Роль главного героя воплотил Дэниел Дэй-Льюис, смотря на которого в этом фильме хочется просто аплодировать. Будьте готовы пережить, именно пережить сцены его эмоционального накала, эту встряску, которую он устроит вам своей актерской игрой, будьте готовы не просто выдохнуть и испытать неимоверную радость от потрясающе чистой его работы, а самому впитать в себя весь этот эмоциональный спектр, выдаваемый поистине легендарным актером. Он умудряется потрошить и показывать вам со всех возможных сторон не только характер своего героя, но и характеры героев, его окружающих, демонстрируя вам все их плюсы и минусы, все потаенные уголки их души, все их стремления.

Андерсен и Дей-Льюис в своем тандеме создали шедевр, сила которого будет бить через экран все время от начала просмотра и еще очень долго, пока вы будете осознавать величие актерской игры, шикарность атмосферы, навеянной в том числе и музыкальным сопровождением и гениальность режиссера, так мощно в своем фильме раскрывшего огромное количество мыслей."
