rating,title,text
"9,0",Хатико: Самый верный друг 2008,"Что вы знаете про героев, какие качества должны у них быть? А ведь все порой очень просто, для того, чтобы быть героем, нужно быть верным и преданным другом, не важно кто ты есть, качества героя есть в любом, будь то человек, или же зверь. Быть кем-то другим, быть выше понимания человеческих мерок и понятий, обладать исключительными качествами и сеять добро, справедливость, даже если это проявляется в маленьких и незначительных количествах, вот что значит быть героем. Критерии героизма можно перечислять без конца, но фильм Лассе Халльстрема о другом проявлении героизма, о верности и дружбе, но не от человека, от собаки, эта история о Хатико, ее рассказывает мальчик, в виде сочинения он пересказывает рассказ, реальную историю, где герой Хатико!

Нелегкий был путь Хатико, он видел все из клетки, это было в начале, он искал дружбу и свое место в этом мире, мире жестоком, но не без добрых людей.

Во взгляде многочисленных дублеров Хатико, можно разглядеть истинную дружбу, взгляд верности. Эта умилительная морда полна добра и понимания. Этот щенок, как и большинство других достойны любви и хорошего хозяина. Разумеется, он такого найдет, в лице Ричарда Гира, который вжился в образ великолепно, он как будто не играл, а действительно дружил с этой собакой и очень правдоподобно это смотрится на экране, вы сами поймете посмотрев картину, РичардуГир и многочисленные Хаткио достойны плюса. Из актеров второго плана довольно хорошо себя проявляет Джоан Аллен, в начале фильма ее сюжетная линия заставляет проникнутся к фильму еще больше, во многом благодаря ее игре и эпизоде где она в размышлениях, а оставить ли щенка, или же нет? Джоан Аллен плюсик за актерскую игру.

Есть ощущение, что игрушки и мячики, которые любезно дарит профессор своему новому другу, нужны для Хатико для того, чтобы сильнее сблизится с хозяином, он ценит хорошее обращение, чувствует все, что переживает его хозяин, в свою очередь он окрыляет профессора и дарит ему «новое дыхание», для того чтоб взглянуть мир по-новому. Хатико хочет лучшего, для хозяина и хозяин хочет того же для Хатико, быстро сблизившись они становятся нужными друг для друга.

The best friend 

Нельзя не заметит, что плюс ко всему Хатико еще и любит музыку, как настоящий знаток, он с интересом слушает композиции хозяина, волшебные мелодии музыки лишь укрепляют их дружбу. Хатико стоит слезы умиления, да и сам фильм тоже. Прекрасная история о дружбе и собаке, что пробуждает вышеупомянутые качества героя. 

В окружении профессора и Хатико все восхищены, они удивляются и радуются удивительной дружбе, это нечто за грани понимания.

Эта собака знает то, чему не следуют многие люди, о нужде правильных поступков. 

Так нужно, так правильно.

Фильм Хатико стоит просмотра, если вы настроены на нужный для этого фильма лад и если хотите посмотреть искренне кино, наивное, но вуалирующее много из человеческих ценностей жизни, пусть даже в лице Хатико. История о «счастливом числе восемь» достойна просмотра и внимания, фильм заслуживает высокой оценки."
"10,0",Хатико: Самый верный друг 2008,"Хотите немножечко драмы? Одна из самых удивительных и трогательных историй к вашим услугам. Более современная экранизация легендарной истории позволила познакомить молодое поколение с ней. История Хатико является ярким примером преданности животных, любви и породила очень много отсылок, как смешных, так и трогательных.
 
Фильм погружает в раздумья, волнения, вызывает оскомину и трепет в душе. Постановка сценария начинается легко и приятно. Даже будучи зная финал, нет ни единого намёка на драму. Зрителей знакомят с главным героем, который не отказал в помощи щенку. Удовольствие от просмотра вызывает даже тот факт, что человек способен на великие поступки, что он не отворачивается от нуждающихся и поступает по зову сердца. Дружба с животными – тема довольно распространённая в семейном кинематографе, даже взрослое повествование не устоит перед этим, на радость маленьким зрителям. Щенок такой милый и добрый, что ты от восторга сразу умиляешься, и понимаешь: чем больше добра и любви показано сейчас, тем сильнее и глубже будет восприниматься утрата. Великолепно создатели держат планку.

Легко и непринуждённо нам повествуют о жизни главного героя, которая сильно изменилась с появлением пса. Позиция жены не всех обрадует, ведь ревность не знает границ, поэтому более остро переходит внимание от неё на четвероного члена семьи. И это даже забавляет, показывая, что супруга – семейный статус, она надежда и опора, она самый близкий человек. Человек! А Хатико преданный и любящий друг. Пёсик становится членом семьи и является уже частью повседневной жизни. 

Благодаря музыкальной палитре, каждые важные события в картине преображаются. Радость, любовь, боль и страдания. Под каждое настроение свой тон. Ричард Гир смотрелся строго и в тоже время казался добрым до глубины души. Именно его непринуждённость и доброта в глазах позволили оценить привязанность питомца. То есть, сам персонаж располагает к тому, что финал известен, тем самым более насыщенно и ярко нужно показать себя в основной линии сюжета. Эмоции Ричарда вызывают ответную реакцию, он улыбается, а у тебя на душе не спокойно, он хвалит либо ругает Хатико, а ты не находишь себе места.

Каждый день собака провожала и встречала хозяина на вокзале. На этом и заканчивается весёлая пора. Потому что, чем больше ты привязываешься, а это происходит непосредственно, тем сильнее будет чувствоваться утрата. Роковое событие не растягивают, так как драма заключается в потери хозяина и в дальнейших ожиданиях друга. Не тянули и выдали вовремя, отчего у фильма хорошо поставлена планка.

Мы познакомились, мы привыкли, мы полюбили, мы познали утрату и преданность. Хорошее кино, которое показывает, на что способны самые верные друзья."
"8,0",Хатико: Самый верный друг 2008,"Хатико: Самый верный друг - драма, поставленная Лассе Халльстрёмом. Бюджет картины составил 16 миллионов долларов. И при таком маленьком бюджете удалось снять поистине сильную драму!

В основе сюжета — реальная история, случившаяся в Японии и потрясшая весь мир! Описывать ее, я не буду, так как она, сама по себе спойлер всего фильма. Сюжет простой, по большому счету банальный. Но, несмотря на всю простоту, эта история берет за душу! 

Сценарий написан полностью по реальной истории, с тем отличием, что действие фильма разворачивается не в Японии а в Америке. Плюсом добавлены второстепенные но харизматичные персонажи. Диалоги неплохо прописаны, но не несут сильной смысловой нагрузки. 

Но вот чем фильм реально берет, так это подачей и особой атмосферой! Он снят очень натурально. В нем нет ни намека на сказочность или вымысел. Подача в фильме очень сильная! Просмотр вызовет у вас бурю самых разных эмоций и чувств! От радости, до сожаленья! Фильм заставит вас задуматься о таких вещах, как настоящая дружба, преданность, любовь! Атмосфера фильма завлекает вас ненавязчиво с самого начала, захватывая ближе к середине и не отпуская до самого конца! Драма во второй половине фильма, очень сильная и серьезная! Причем животному удается передать ее гораздо лучше, чем человеку!

Актерская игра в фильме на высоком уровне! Ричард Гир, Джоан Аллен, Сара Ремер и Эрик Авари прекрасно справились со своей задачей и полностью раскрыли своих персонажей. Но главный герой этого фильма - собака породы Акита-ину, достойна самых больших наград по актерскому мастерству! Хатико при этом, в разные годы жизни играют три взрослые собаки и три щенка. При этом, благодаря правильной постановке и работе оператора, вы как будто наблюдаете за одной собакой. С мальства до старости. Причем спектр эмоций, который передает как щенок, та и взрослая собака в кадр, просто феноменальный! 

Музыкальное сопровождение, только усиливает эффект повествования! За музыку отвечал Ян А.П. Качмарек, и она шедевральна! Классическая, красивая и волнующая, она прекрасно дополняет историю, причем в некоторых местах даже избыточно! Но благодаря ей эффект драмы возрастает в абсолют!

Визуально фильм великолепно снят! Хочется отдельно отметить работу оператора и художников-постановщиков! Атмосферу удалось передать отчетливо, тонко и красиво! Твердая десятка!

Вообщем, фильм вышел замечательный! Да, в нем простой сюжет,незамысловатый сценарий, но при этом сильная подача, шикарная атмосфера, великолепная музыка, интересные персонажи и прекрасный видеоряд! Фильм заставляет задуматься о вечном! О самых теплых и сильных чувствах! Даже концовка фильма - это своеобразная метафора!

Мне кажется, то данный фильм, хотя бы раз в своей жизни, должен посмотреть каждый человек! И поверьте фильм вас зацепит и надолго останется в вашей памяти!"
