rating,title,text
"5,0",Джек Райан: Теория хаоса 2013,"Джек Райан – американский аналог Джеймса Бонда, выдуманный герой «Холодной войны». Рожденный из параноидальных фантазий Тома Клэнси, спецагент/аналитик ЦРУ был неоднократно представлен на киноэкране. Знакового для американского народа персонажа играли и Алек Болдуин (https://www.ivi.ru/watch/124631/ ), дважды его роль исполнил Харрисон Форд (https://www.ivi.ru/watch/190310/ и https://www.ivi.ru/watch/124644 ), отметился даже Бен Аффлек (https://www.ivi.ru/watch/115370/ ). По-видимому в первую очередь из-за политических тенденций, американцы решили, что самое время вернуть Джека Райана в строй. В «Теории хаоса» события осовременили, «перезагрузили» историю с игнорированием предыдущих фильмов, а студия пригласила на пост режиссера Кеннета Брану. Отсутствие опыта последнего в шпионском жанре чувствуется, из-за чего даже попытка сыграть на актуальных политических событиях не спасла «Теорию хаоса» от провала.

Во-первых, все предыдущие фильмы про Джека Райана от «Охоты за «Красным октябрем» до «Цены страха» были представлены в формате своеобразного политического детектива. Киноленты были сложными для восприятия и строились в основном на диалогах. В них, конечно, был экшн, но главное заключалась в атмосфере недоверия к элитам (в особенности в «Прямой и явной угрозе»). В «Теории хаоса» же решили полностью поменять и концепт, а не только героя. «Теория хаоса» напоминает, скорее, какую-то очередную часть похождений агентов Бонда или Борна, да вот только уровень слабее, а сюжет больно глуповатый (в особенности для русского зрителя!). 

Во-вторых, смущает и сам подход к реализации этого шпионско-политического «недоэкшна». По каким-то причинам в «Теорию хаоса» вкачали неуемный и неуместный пафос. Русский злодейский злодей (в исполнении самого Кеннета Браны, разумеется) здесь плохой, потому что так захотели сценаристы. Молодой герой полагается на интуицию, ему никто не верит, но он оказывается прав и спасает положение. Мудрый наставник в исполнении Кевина Костнера делает то, что до него делали уже сотни персонажей. А представленный в «Теории хаоса» мир, сотканный исключительно из «черного» и «белого», полностью рушит обаяние.

И, наконец, актерская игра. Крис Пайн – хороший актер, но, почему-то, Джек Райан из него слабоватый. В особенности, если сравнить с актерами, который исполняли роль Джека ранее. Крис Пайн играет просто какой-то абстрактный образ агента. Кира Найтли играет Киру Найтли, а Кевин Костнер всё же доказывает, что у него есть порох в пороховницах.

В итоге «Джек Райан: Теория хаоса» вышел достаточно обыденным и банальным шпионским боевиком, в котором основные элементы политического триллера сведены на нет. Пафос сыграл плохую шутку с подачей материала в «Теории» причем такую, что наиболее оскорбительные для россиян сцены с «bad russians» пришлось вырезать в русскоязычном прокате."
