rating,title,text
"7,0",Рай: Любовь 2012,"Знаменитый режиссер европейского арт-хауса Ульрих Зайдль решил поглумиться на почтенными немецкими бюргерами и в свое время снял провокационную трилогию «Рай».  Первая часть трилогии повествует о любви, которой, в представлении Зайдля, нет. Вместо неё есть история об обрюзгшей пятидесятилетней Терезе, отправившейся в Кению в поисках любви, а нашедшую, в конце концов, чернокожих альфонсов.

Ульрих Зайдль был когда-то режиссером документального кино, так что и к «Рай: Любовь» он подходил со всей тщательностью документалиста. Фильм очень натуралистичный, включающий в себя сцены с обнаженными мужчинами и женщинами. Подобный подход, как правило, вызывает споры. Так случилось и с «Любовью»: ханжи и эстеты на кинофестивалях оплевали, массовый зритель не понял, а многие восприняли фильм цинично и поверхностно. По большому счету в основе сценария лежит идея, что после определенного возраста в человеке умирает романтика и любовь, оставляя место лишь привязанности и скучному сексу. Естественно, смотреть на подобные откровения куда сложнее, чем на обнаженную женщину бальзаковского возраста.

Помимо этого, «Любовь» ещё и талантливо сделан. Здесь и красивая операторская работа, и четкая ориентация на европейский менталитет, и актеры подходят своим персонажам идеально. Красивая картинка способна спасти сценарий в те моменты, когда сюжет начинает провисать. Не подкачали и своеобразные комедийные элементы, пусть юмор здесь более житейский и совсем не добрый. 

Что остается в итоге? Тереза ищет любовь, но, почему-то, занимается сексом, а не любовью. Зрелище не для каждого и рекомендуется только фанатам авторского кино."
"9,0",Рай: Любовь 2012,"""Рай: Любовь"" первая часть трилогии австрийского режиссера Ульриха Зайдля, объединенной общим названием ""Рай"". Фильмы рассказывают о женщинах из одной семьи - сестрах Терезе (""Любовь"") и Анне-Марии (""Вера"") и дочери Терезы Мелани (""Надежда"").

Тереза живет в Вене вдвоем с дочерью, работает воспитателем в центре для людей с синдромом Дауна. Это тяжелая работа требует отдыха, возможности забыться. И женщина отправляется за новыми ощущениями - в далекую Африку.

Под палящим солнцем Кении Тереза знакомится с соотечественницами и выясняет, что дамы здесь вовсю практикуют секс-туризм. Выбирают себе понравившихся мужчин, дарят им подарки, дают деньги. А те оказывают ответные услуги.

Недолго думая, соскучившаяся по ласкам Тереза, включается в этот увлекательный процесс. Вот только ей нужны не разовые услуги, она мечтает о любви. Найти родственную душу, чтобы ""глаза в глаза"" и ""мой навеки"". 

Но у этой игры совсем другие правила, Терезе их не изменить. Шоколадные Ромео грезят лишь о деньгах своих Джульетт. Не гнушаются никакими средствами, в попытке сорвать лишний евро. 
Как итог - разочарование  и прозрение Терезы. Горький процесс, но для самопознания очень нужный. Фильм реалистичный, в нем много обнаженной натуры. Не самой аппетитной. Но это не отталкивает, а служит яркой иллюстрацией к драматизму происходящего.

Любителям авторского кино очень рекомендую."
