rating,title,text
"10,0",Фантомас 1964,"В 1964  году режиссер Анре Юнебель  поставил первую часть ставших в свое время культовых фильмов о Фантомасе.
Мир охвачен паникой, потрясен преступлениями таинственного Фантомаса. 

К его поимке привлечен комиссар Жюв (Луи де Фюнес), который в начале фильма по телевизору пытается успокоить общественность. Однако после того, как один из павильонов подвергается обстрелу со стороны людей Фантомаса, уже тогда становится понятно насколько комиссар Жюв соперник Фантомасу.

Вместе с полицией не дремлет и пресса. Журналисту Фандору (Жан Маре) поручено задание написать статью о Фантомасе. Вместе со своей невестой Элен журналист начинает работать и «несколько приукрашивает» деяния Фантомаса, жестко, иронично высмеивая его. Журналист Фандор считал, что за его искажение, нечестность, он получит гонорар и успех, считая, что Фантомаса нет. Но ведь тогда он тем более поступал нечестно и непорядочно!

Однако Фандор и сам не ожидал такого поворота событий, что окажется похищен из собственного дома самим Фантомасом.

Он приходит в себя в таинственном месте. И перед ним появляется сам Фантомас. Он очень не доволен, что господин Фандор выставил его не в лучшем свете, требует написать опровержение. В противном случае Фандора ждет еще более жесткая расплата. И только татуировка в виде буквы F дает Фандору на утро осознать, что все это было в реальности.

И хотя изначально зрителю дается понять что Фантомас плохой, а Фандор, Жюв, хорошие, все ли так однозначно? Фандор, который искажает истину, в нужный момент нажимает на кнопку на телефоне, чтобы леди Бентам услышала то, что не должна была слышать, похищает машину. А Жюв устраивает показ коллекции драгоценностей, чтобы поймать Фантомаса.

И Фантомас — таинственный преступник, незнакомец, отшельник, одиночка, но и первооткрыватель, возможно недооцененный, который все же обладает определенными принципами. А если бы его талант, одаренность служили на благо человечеству! Сколько бы это значило для развития науки! А его правонарушения под маской Фандора, Жюва — это месть тем, кто вновь причинил ему боль.

Возможно здесь принцип литературного реализма — абсолютное злодейство и абсолютная добродетель встречаются нечасто. В каждом характере есть и положительное и отрицательное, но при этом каждому и Фантомасу и даже Фандору где-то нужно максимально перебороть свою темную сторону, встать на путь добродетели.
 Каждый из актеров внес в этот фильм что-то свое.
 Жан Маре с одной стороны передал свое обаяние, внешнюю красоту за что он сам по себе любим многими на протяжении десятилетий в образе Фандора. С другой стороны таинственность, зло Фантомаса. Эти столь противоположные качества, характеры актеру удалось сыграть в одном фильме. За актером уже закрепилось амплуа романтического героя, в том числе и после роли в ""Графе Монте-Кристо"". Однако роли в фильмах о Фантомасе стали для Жана Маре одними из самых ярких вершин в его актерской деятельности. 
  Милен Демонжо в образе журналистки Элен  передала женскую красоту и обаяние. 
Луи де Фюнес своим появлением в фильме в образе комиссара Жюва принес иные, свойственные именно этому актеру черты: комизм. Который может идет от его неверных логических умозаключений, может от наивности в самоуверенность в стремлении найти Фантомаса. Но он просто смешной. Такой же смешной, каким Луи де Фюнес являлся в большинстве своих фильмах.   

Этот фильм, поставленный в шестидесятые годы прошлого столетия, быв триумфом, культовым фильмом в СССР и других странах в то время, конечно значительно уступает по количеству спецэффектов «Звездным войнам», «Аватару» и другим и, возможно, современному зрителю, покажется скучным. Но в нем есть и свое обаяние, привлекательность, азарт, авантюризм, в соединении как ни странно с умиротворением, покоем, гармонией — то, что привлекало к нему огромное количество зрителей и сегодня: в достаточно длительной погони Жюва и Фандора за Фантомасом задействованы различные виды транспорта: поезд, вертолет, подводная лодка. Преследование ведется на земле, воде, воздухе. Красота природы зеленых массивов из окон поезда, как нечто бесконечно близкое, тихий умиротворяющий штиль воды в самых финальных кадрах фильма. А также стремительная езда Фандора и Элен на машине без тормозов, которые некто убрал из-за мести, подвергнув обоих смертельной опасности.
 Ведь фильм, основанный на литературном первоисточнике, все же вероятно сумел его обойти по популярности.
  Ведь через комизм Жюва и его помощника, обаяние Фандора и Элен, жестокость и таинственность Фантомаса, ряд динамичных событий в фильме поднимаются философские вопросы  в первую очередь добре, нравственности и зле, научно-техническом прогрессе, судьба которого зависит от первого выбора. И это делает этот фильм, ставший уже почетной классикой, важным вне времени и актуальным для сегодняшнего дня. Поэтому он значителен и важен. 

Когда во второй части кинотрилогии Жюв в определенных обстоятельствах сказал: «Я не умею летать», тут он в не менее экстремальной ситуации вынужден признаться: «Я не умею плавать!»

И важна финальная фраза комиссара Жюва: «Это еще не конец!»

Это фильм — памятник той, по своему прекрасной эпохи шестидесятых годов и еще и поэтому он велик. О нем нельзя забывать."
"9,0",Фантомас 1964,"После преодоления рубежа в 10,5 баллов, надышавшись парами грядущего апокалипсиса, решил отдохнуть от конца света и вернуться назад к истокам. В этот раз решил обратиться к столпу такого жанра как «приключенческий комедийный боевик». Фильм франко-итальянского производства, открывший для меня по-новому мир изящных преступных авантюр и ещё одного харизматичного злодея. И имя ему – «Фантомас». Об этом фильм был ранее много наслышан, на КП вертится постер ремейка, но пока он до нас дойдёт можно будет ознакомиться с оригинальной трилогией. Фильм снят по мотивам серии бульварных романов бывших в своё время на пике популярности и вот спустя много лет я посмотрел вступительный фильм и готов поделиться своими впечатлениями о нём.

Фильм сопровождал оглушительный успех, было снято два продолжения, огромная куча подражателей и последователей, думается мне, что источником вдохновения для «Маски» с Джимом Керри был отчасти и этот фильм. Советские зрители окунулись с головой в омут фантомасов, зачитывались романами, ребятишки играли в фантомаса, а подростки брали с него пример, фильм восприняли как-то по страшному, хотя фильм позиционируется как комедия. Ныне образ Фантомаса вошёл в своеобразный криминальный фольклор. Его отношение к человечеству привлекает тем, что не относится к ним как к шибко умным существам и видит острую необходимость в том чтобы обеспечивать работой стражей правопорядка. Он – главная загадка, которую никак не могут разгадать и во время просмотра я проникся вот этим его злодейским обаянием и харизмой. Не буду говорить где он живёт и вообще как-то пытаться с ним говорить, потому что одному бедняге сильно не повезло, когда он попытался на его анонимности сделать себе имя и стал жертвой очередной его авантюры.

В основе сюжета кража ювелирных украшений стоимостью в несколько миллионов долларов и тень Фантомаса, нависшая над Парижем. Цель проста, но способ её достижения вызывает эстетическое удовольствие. В этой истории есть несколько героев: Комиссар Жюв – представитель компетентных органов по части сыска, жаждет посадить за решётку Фантомаса и всячески убеждает общественность что беспокоится не стоит, ибо полиция предпринимает всевозможные попытки, но постоянно упускает. У Луи де Фюнеса потрясающий талант комика и его комиссар Жюв хоть единственный персонаж, которого я видел в его исполнении, но он мне запомнился. По характеру и внутреннему складу к образу Жюва близок инспектор Клюзо, в котором сочетаются некоторые черты комиссара из этого фильма.

Журналист Фандор является одним из тех кто пытался исказить образ Фантомаса и за некоторые свои статьи едва не расплатился жизнью, с превеликим удовольствием вступил в группу по поимке Фантомаса. Его красота заключает в себе должное и присущее не только Фандору, но и Фантомасу мужество, харизму и ироничность, Жан Марэ бесподобно исполнил свою многозначительную роль и создал несомненно культовый образ злодея, хотя он и считал худшей свою роль и нехотя отдал пальму первенства Де Фюнесу, но и ему стоит отдать должное, ибо сыграл замечательно.

Милен Демонжо исполнила роль прекрасного фотографа газеты «Рассвет» Эллен. Она является воплощением идеальной французской женщины: «удивительная красота, сексуальность, невинность, кокетливость — сделали ее объектом мечты мужчин со всего мира и примером женского подражания». Лучше чем эта цитата героиню не охарактеризует ничто, актриса справилась со своей задачей и блеснула.

Надобность в абзаце об игре актеров только что себя исчерпала, теперь придётся думать о чём бы написать. В мире кинематографа достаточное число обаятельных и мужественных преступников, наводящих ужас, но при этом мыслящих за пределами обыденных схем и стереотипов, им легко увидеть неисправности в большом общественном механизме. Моду на анархистов-революционеров ввёл в моду Джокер из фильмов Нолана, а мужественных и ироничных героев с особыми взглядами на вещи и нестандартным мироощущением подарил нам Фантомас, меня этот фильм просто зацепил и я пожалуй даже добавлю его в любимые, потому что есть много интересных моментов, которые получат своё развитие в продолжениях.

Также не могу не отметить дубляж старой советской школы. Когда в студии для записи эпизодов с большим количеством людей и массовки собиралось ровно столько же людей, когда диалоги и монологи писались в несколько приёмов и господа озвучивавшие видели лица друг друга. Владимир Дружников и Владимир Кенигсон великолепно справились со своими образами, подарили им свои прекрасные голоса, особенно отмечу Кенигсона, к уровню мастерства которого стремятся многие современные актёры дубляжа, помнится в первом выпуске программы «Легенды Дубляжа» Александр Баргман упоминал о нём как о своём учителе, да и вообще тогда дубляж был искусством, а сейчас – это стало ремеслом, но по прежнему сложным, ибо в этой работе важно не навредить…

В качестве итога: всячески рекомендую посмотреть этот фильм тем кто неравнодушен к приключенческим комедиям и всем тем кто любит интеллигентное времяпрепровождение в культовой компании обаятельного и смешного комиссара, мужественного и харизматичного журналиста дефис злодея и привлекательной девушки фотокорреспондента. Всем добра и приятного просмотра!"
