rating,title,text
"9,0",Четыре комнаты 1995,"Общее впечатление: Озорная комедия состоит из четырех новелл (каждый режиссёр сделал по одной), связанных одним героем — коридорным Тедом (Тим Рот), вышедшим на работу накануне Нового года.

Каждая история превращается в необычный фарс, где к коридорному испытываешь жалость, а нелепые ситуации, в которые он попадает веселят до слез. В первой Тед попадает на шабаш ведьм, где женщины атаковали его своими домоганиями, а уйти просто так не получится. Во второй — чуть не погибает от руки ревнивого мужа, и эта история абсурдна и искрометна диалогами. В последующей истории Тед еле уносит ноги от шаловливых детишек гангстера, 3-й рассказ мой самый любимый. Ну и заключительная от маэстро Тарантино, где все тот же коридорный принимает участие в странном пари эксцентричных господ.

Это невероятная ночь для Тэда обернулась кромешным адом, но, несмотря на все сомнительные приключения, коридорный сохраняет невозмутимость в любых, самых невероятных ситуациях. Отель огромен, а он один, да еще какие гости, все как на подбор треплют нервы.

Гвоздь программы — Тим Рот, выдавая колоссальный спектр эмоций, Тим великолепно смотрится на экране. Его шикарная мимика, ужимки, переживания, злость, неловкость и многое другое не описать словами как играет актер, это надо видеть! Искрометные эмоции от увиденного я вам гарантирую!

Новеллы друг от друга отличаются и по степени подачи, и по юмору, но связующее звено между ними — коридорный, ну и есть пара моментов, где перекликаются эпизоды. Но это скорее маленькая дань уважения режиссеров к друг другу. Фильм шикарен, удивительно что я посмотрела его только что) Так в чем же мораль? А в том, друзья, чтобы в вами не происходило, надо уметь выходить из ситуации и искать выгоду из приключений, а не беду на голову. Рекомендую к просмотру!"
"7,0",Четыре комнаты 1995,"4 режиссёра, каждый из которых добавил свой стиль. 4 различных истории. 4 комнаты. 1 портье. Объединяющий элемент – Тим Рот, который связывает события воедино. Они не накладываются друг на друга, не мешают и не отсылаются друг на друга. Эллисон Андерс, Александр Рокуэлл, Роберт Родригес и Квентин Тарантино взяли себе по комнате и сделали там своё кино.

Первая. Элементы фэнтези были непривычными, но они успешно показали забавное представление. Ночь. Тим Рот заступает на пост. Вызов в комнату с дамами, где происходит нечто невероятное. Съёмка и позирование оператора отсылаются к картинам Эллисон Андерс. Данная миниатюра не вызывает пошлостей, несмотря на прямые эротические элементы. Комедия сглаживает неловкость, а бесподобная игра Тима Рота забирает всё внимание на себя. Поймите, когда против актёрского мастерства выступает обнажёнка, то выбор Тима Рота действительно достойный. Дамы в комнате стараются завершить древний обряд, а Рот – единственный, кто может помочь с недостающим пятым элементом. Первая комната – весьма специфическое, на любителя представление кинематографа.

Вторая. Составляющая – криминал. Неплохая постановка семейного скандала, который с каждым разом набирает обороты. Пьяный муж, связанная жена и портье. Действие обретает серьезный характер, поднимаются вопросы морали и этикета. Том Рот попадает в почти безвыходную ситуацию. Кривляния и комедийный посыл кажутся лишними, но на этом и строится такая неопределённость, изюминка скандала. Персонаж Рота вводит в смятение не только зрителей, но и героев миниатюры, из-за чего неожиданное окончание встречи скрашивается юмором. Непредвиденно ли это? Нет, скорее уже предсказуемо.

Третья. Бесподобный Антонио Бандерас делает укладку волос своему сыну. Любимый приём Роберта Родригеса. Эта миниатюра показывает актуальные проблемы с непослушными детьми, которые остались одни. Только разбирается с этими проблемами Тим Рот, и делает он это «по-родригесовски». Огромное внимание уделено обыденным деталям, которые и не вызывают ажиотажа, а, порой, даже накатывают чувство омерзения, но акцент на них перерастает в отличное представление с шампанским и шлюхами. Это метафора… или нет… Тим Рот в своей привычной манере смешивает триллер с комедией, показывая важную деталь: какой бы не был жанр комнаты, портье остаётся неизменным. Это понимаешь спустя половины фильма. Есть внутренние сценарии каждой комнаты, а есть один внешний. Стиль Родригеса: приближение камеры на брутального Бандераса – шикарно!

Четвёртая. Сам мэтр, исполняющий роль, построил диалоги таким образом, что, не меняя положения героев, способен заинтриговать. Тарантино и его комната – завершающий этап этого увлекательного приключения. Больше героев, больше диалогов, больше отсылок. Круто. Нужно быть фанатом Квентина, разбираться в его работах, чтобы оценить последний эпизод. Заключение вышло отличное.

Портье. Почти не связывая события во всех комнатах, можно оценить персонажа, который побывал в разных историях, в разных фильмах, от разных режиссёров. Манера кривляния была и уместна, и не в тему. Но образ такого человека позволил насладиться игрой актёра. В итоге, у нас фильм-аттракцион, проходящий по разным жанрам и по отдельным почеркам режиссёров."
