rating,title,text
"9,0",Одинокий мужчина 2009,"В моей просмотровой практике это первый фильм режиссёра Тома Форда, последнюю работу которого хвалил критик Антон Долин и по рекомендации моего хорошего друга, того который навёл меня на «Ганнибал». Также это второй фильм в котором прямо или косвенно затронуты однополые отношения. Первым был фильм «Горбатая гора» с Хитом Леджером и Джейком Джилленхоллом, но работа Энга Ли больше драма о том что не  приветствуется в нашем обществе мужская любовь и говорится об этом как мне сейчас кажется несколько прямолинейно. Этот же фильм немного о другом, но он тоже достоин. Далее поделюсь своими впечатлениями от фильма и мыслями по этому поводу.

Сюжет фильма переносит нас в 1962-ой год, где-то за кадром радио объявляет о Карибском Кризисе и ракетах направленных на Кубу. Но историческая реалия здесь является не более чем фоном для история одного человека по имени Джордж Карлайл Фалконер и он англичанин проживающий в штате Калифорния, преподаёт английскую литературу и относится к тому редкому типу людей, любящих и умеющих наблюдать за окружающей жизнью. При этом он убеждённый гомосексуалист и не стесняется своего жизненного кредо и состояния души. Со своим любовником Джимом он прожил шестнадцать лет и фильм начинается с того момента когда главный герой узнаёт о катастрофе и тут начинаются все чувства, эмоции, переживания и философские мытарства главного героя. Первой наиболее значимой для фильма сценой является та где он в институте разжевывает Олдоса Хаксли, произведение именуется как «Через много лет» в которой главный герой средних лет ищет бессмертия и связь с фильмом в том что эти два главных героя похожи, они оба по-особому воспринимают этот мир и ищут своеобразной гармонии для себя. Оба англичане и пытаются стать частью этого мира. Но Джордж весь фильм пытается осознать своё место и понять что он дальше будет делать. Самое лучше в сюжете это то что он абсолютно не предсказуем и идёт единым моментом в котором есть моменты где боль и тоска одиночества возведена в абсолют, та сцена где он пытается укутаться в спальный мешок, она хоть и немного китчевая, но в  ней столько боли что невольно улавливаешь эту грусть главного героя и невозможно не проникнутся.

В канву повествования также удачно вплетена музыка и здесь стоит сказать отдельное спасибо композитору Абелю Коженёвски удачно связавшего музыкальное полотно из классических мелодий и оперных женских голосов, подчёркивающих самые острые и эмоционально предельные моменты фильма, некоторые уже не воспринимаешь без этого сопровождения, интересный композитор нужно будет ещё что-нибудь с его музыкальным оформлением оценить.

Покопался повнимательней, почитал другие источники и вот что обнаружил. Кристофер Ишервуд написавший оригинальный роман по сути своей был борцом за права гомосексуалистов и убеждённым кришнаитом, также написал книгу «Прощай, Берлин» ставший впоследствии фильмом «Кабаре» 1993-его года выпуска. Данная же картина стала режиссёрским дебютом Тома Форда в прошлом модельера, до этого десять лет руководивший «Гуччи». Сие сочетание достаточно экзотично чтобы отпугнуть или привлечь к фильму ещё до всяких подробностей, и если вы ожидаете от модельера исключительно визуальных красот, то готовьтесь к тому что будете приятно удивлены, потому что в этой картине помимо качественного визуального ряда ещё много глубоких философских сентенций, одну из них я лично для себя почерпнул, оказалось что это мысль того же Хаксли, парой абзацев выше я пытался связать его с фильмом и вот нашёл для себя эту связь, замечательный афоризм – «Опыт это не то что происходит с человеком, а то что человек делает с происходящим» и хоть не ждёшь чего-то сверхъестественного от фильма, но то как режиссёр обращается с деталями не может не внушить уважения, а ведь модельер на мой взгляд должен уметь обращать внимание на детали и уметь с ними работать, даже в кино и своим дебютом Форду удалось это продемонстрировать, в работе со светом и звуком, в том как «вылизана каждая мизансцена» видится не только «опрятность домохозяйки» но и способный ученик, на которого оказывают влияние такие мастера кинематографа как Педро Альмодавар и Вонг Кар Вай.

Актёрская игра является тем элементом на котором держаться многие авторские фильмы. Колин Фёрт великолепно играет Джорджа Фальконера и в его игре видишь этот полутрагический оттенок повествования, когда с потерей любимого человека теряется и смысл жизни и в этих невидимых слезах и немного сухой манере общения, кажется что Джордж закрывается в коконе дэндизма от происходящего но это только кажется. В нашем дубляже говорит голосом Константина Лавроненко, это единственный герой, которому он подарил свой голос. Мэттью Гуд сыграл Джима – любовника Джорджа, его мы можем видеть во флэшбэках, где нам показывается знакомство и отношения Джима и Джорджа, понравилась та сцена где Джим читает «Завтрак у Тиффани», а Джордж по работе читает «Метаморфозы». Джуллиана Мур в роли Чарли хороша, водит дружбу с Чарли и её главный герой пытается вытащить из омута безнадёги. Николас Холт в роли Кенни Поттера и обращение главного героя «Мистер Поттер» наталкивало меня на определённые ироничные ассоциации в пользу некоего произведения. Здесь он герой почти эпизодический, но даёт понять главному герою понять, что не всё потеряно, но жизнь и сценаристы вносят в повествование свои коррективы.

В качестве итога: Потрясающая картина о философском осмыслении мира с позиции человека не такого как все в плане ориентации, но при этом не надо думать что все они носят филетовые шарфы и говорят странным фальцетом, это история о чувстве одиночества, об уходе мира в бездну и о том что всегда есть надежда на спасение, главное её не потерять и не опустить руки. Мне фильм понравился, поставлю ему твёрдые девять баллов. Потрясающее кино! Всем Добра и приятного Просмотра!"
