rating,title,text
"10,0",Амели 2001,"Познакомьтесь с Амели и взгляните на то, как мастерски она наблюдает за другими людьми. Не просто наблюдает, но совершенствует свои навыки – моделирует ситуации, которые боится испытать сама. «А может она просто трусиха?» – так спрашивает один из героев фильма и, возможно, попадает в цель. А в этом и предстоит разобраться вам, зрителям этой французской кинокартины и вмесле с нашей героиней понаблюдать, как в этих ситуациях будут вести себя другие персонажи.

Фильм простыми словами расскажет вам о том, что нельзя упускать свой шанс и откладывать все на потом, иначе будешь сожалеть об этом всю свою оставшуюся жизнь. Это довольно убедительно показано на историях нескольких людей, через жизни которых легко и незаметно проходит она, сама Амели. Та самая, которая любит пускать блинчики по воде канала Сен-Мартен. Фильм, кажущийся простым как три копейки, на самом деле содержит в себе очень много философии человеческой жизни, он о нас с вами. Часто можно заметить, что он сам зацикливается на себе, стоит только после просмотра задуматься, например, о чем же все таки пишет неудавшийся поэт Ипполито и кто он, герой его ненапечатанной книги.

Радует использование разнообразного монтажа в фильме: то камера переворачивается на бок, то рывками подъезжает, образуя, в конце-концов, крупный план. Используемое музыкальное сопровождение одно из лучших, что когда-либо можно услышать, а какой-нибудь один из саундтреков, расхваченных как горячие пирожки, вы наверняка уже где-нибудь слышали. Используя все это фильм пропитывается широкой гаммой человеческих чувств и переживаний, которые главная героиня, Амели, предлагает вам разделить вместе с ней."
