rating,title,text
"7,0",Гамер 2011,"Кино молодо и его изобразительный язык  несовершенен в сравнении с такими собратьями по видам искусства ,как театр или музыка.Однако уже есть его  разделение  на Кино,как художественное творчество,и киноширпотреб. Иногда вкусный, иногда   п""все на продажу"".Эти категории определяются по вкусам зрителей и их целей .Кому-то в кино хочется  развлечься,получив удовольствие, и отдохнуть от жизненных проблем, для других искусство,как Л.Толстому,""высшая форма общения"".

   У Сенцова герой погружён в ""поток жизни"" и показ его в ней таков,что потомки именно здесь  узнают  нас живыми..У фильма небольшой бюджет,потому технически сложно звукооформителям передать постоянно сопровождающий нас ВЕЗДЕ ШУМ ЖИЗНИ,как обязательный фон особенно в городе. Сенцову не нужна навязчивая и модная в других лентах музыка,но,к сожалению,шум представлен  именно как шум,а не фон,хотя замысел понятен. Герой постоянно увлечен компъютерными играми.Это страсть,требующая много времени и эмоциональной отдачи.Поэтому он ЖИВОЙ во время игры,в остальное время производит впечатление ""замороженного"".Оцепенелого,что не мешает ему ДУМАТЬ,и он вполне осмысливает его состояние и цели.Понятно,что кроме игры всё и все остальные ему безразличны.ОН ИГРОК!Как у Достоевского,только сегодня.

   Общая тема у Шахназарова в ""Курьере""и Сенцова в""Гамере""- ПЛЕМЯ МОЛОДОЕ НЕЗНАКОМОЕ.Но герой Шахназарова,с которым некоторые сравнивают Косса,НИЧЕМ НЕ УВЛЕЧЕН!Поэтому сравнение неубедительно-они слишком разные.У  психофизической заторможенности Косса есть причина- игра,отнимающая эмоции и силы,герой Шахназарова ничем толком не занят .Конечно технически не вытягиваются замечательные задумки.Отношение парня к игре вполне понятно продемонстрировано во время матча,когда он вдруг счастливый летит на качелях.ЭТО он и чувствует во время игры,из-за ЭТОГО он ТАК ею увлечен.Когда он просто играл ДЛЯ СЕБЯ,все у него было нормально.И во время игры радостно.Но он стал чемпионом не просто играть,а  для успеха! Для него ИСЧЕЗ ПЕРВОНАЧАЛЬНЫЙ БЕСКОРЫСТНЫЙ СМЫСЛ ИГРЫ - его убила внедрившаяся в сознание жажда успеха!И оказалось,что успех не стоит того,что в результате он потерял,-счастье играть.У мальчика ОКОНЧИЛОСЬ ДЕТСТВО!

Так бывает.Я  успешно играла в шахматы(экс чемпионка  ВС СССР И ЛЕНИНГРАДА),но это меня скорее забавляло.А мой тренер Эдуард Гуфельд обожал шахматы,но при этом СТРАСТНО хотел быть гроссмейстером,однако  все не хватало полочка до нормы в турнирах. Я поступила учиться на престижнейшую кафедру истории искусств в Ленинградский университет,а для меня тогда просто Эдик  наконец таки стал гроссмейстером ,и мы случайно радостно встретились в Питере ,обнялись, расчувствовались и пошли по улице.Эдика что-то страшно волновало и наконец он вымолвил:""Наталка,ты хотела поступить на твою кафедру?-Да.-Очень?-Очень.-А ЧТО ТЫ СЕЙЧАС ЧУВСТВУЕШЬ? -Ничего.-он уныло вздохнул-Вот и  я - Н И Ч Е Г О!"" Но него остались его любимые шахматы,мне  - моя история искусств. А  в фильме герой понял,что ему  игра -пустое.И начал ЖИТЬ! Об этом нам сказала его улыбка в финале.То,как это увидел и снял ЖИЗНЬ  режиссер без школы и опыта в профессии,потрясает!Диалоги его героев обычны .Их можно даже как в ХУДОЖЕСТВЕННОМ НЕМОМ КИНО вообще не слушать.Интересно всё представленное на экране ,как развернутая ожившая картина того где и как мы живем.Удивительная художественная правда,увиденная очень точным,внимательным взором(например,герой сидит на лавочке в сквере.Рядом урна,из которой чистенькая-явно не бомжиха-приличная старушка что-то вытаскивает,видимо,пустую бутылку, и это драма жизни не опустившегося,а доведенного до такого жалкого состояния человека).Подобных деталей много,как и ясно,что у Сенцова в его отборе учителей в киноискусстве прекрасные ""отцы"",начиная с Тарковского. Жаль,что и  не  Робера Брессона. Форма могла быть яснее и проще с возможно,что отсечением деталей для выявления главного смысла.Но эта фильма несомненное  появление очень яркого таланта в Кино.В совокупности с прочими творческими занятиями и особенно рассказами, крепостью связей с землей и добрыми человеческими чувствами всё это напоминает Василия Шушина. Хотя Олег Сенцов по видению мира  и самобытности таланта несомненно""другое дерево""."
