rating,title,text
"9,0",Солт 2010,"Короче говоря, [Солт] - это увлекательное кино о шпионах и разведывательных организациях. Фильм не нудный и с первых же минут цепляет зрителя своей историей, развязка которой последует аж до самого конца. Наблюдая за героиней Анджелины Джоли, сразу вспоминаются ее предыдущие роли, такие как Лара Крофт или Миссис Смит. Вообще кино наполнено довольно интересными персонажами, за действиями которых интересно наблюдать. 

Вкратце говоря, сюжет повествует нам о сотруднице ЦРУ – Эвелин Солт [Анджелина Джоли]. После того как поступает информация о том, что Солт – это тайный советский шпион, ей приходится пускаться в бега, от своей же конторы. Теперь целью Солт становится восстановить свое имя. Но как гласит слоган: «Кто она?».

В целом у картины имеется хороший сюжет, который держит свою атмосферу на протяжении всего хронометража. Так же имеется большое количество отличных актеров, которые весьма органично отыгрывают свои роли. Экшн в фильме динамичный и захватывающий. Не обошлось в фильме и без щепотки драмы. 

Итого говоря, фильм мне понравился. Рекомендую его к просмотру. Наслаждайтесь."
