rating,title,text
"10,0",Квартира 1960,"Это настоящая классика американского кино, шедевр, каких сейчас уже днем с огнем не сыщешь.

Главный герой фильма, ради собственной выгоды, ради повышения по службе совершает такие поступки, которые унижают его собственное достоинство. Он это понимает, но сердце говорит одно, а разум твердит, что за это он может неплохо выслужиться и получить отдельный кабинет. Пока наконец-то обстоятельства не складываются таким образом, что далее поступать против своей совести и чувств уже невозможно. Нужно наконец-то принять решение быть настоящим мужчиной.

Как прекрасно справился с ролью Джек Леммон, как много он смог сказать одним только взглядом, как прекрасно показал все чувства, которые пережил его герой.
А какой трогательной и нежной была Ширли Маклейн, какой живой, настоящей. Она сыграла женщину отчаявшуюся, которая не любит себя, но ей предстоит этому научиться. Вся эта история - о любви к самому себе и о самоуважении. 

Нельзя не сказать про старый Нью-Йорк, черно-белый, и оттого по-особенному очаровательный.  Город в этом фильме словно играет наравне с актерами.  А какая музыка в фильме, как тут не влюбиться?

А вот новогоднего настроения, про которое многие говорят, совсем не ощущается в фильме. Но это не главное. Потому как фильм очень душевный, наполненный разными оттенками чувств. Взгляды, разговоры, смех и слезы – все настолько искреннее показано в этом, фильме, настолько мастерски, что удивляешься, как же все-таки умели раньше снимать. Никаких спецэффектов, банальный, казалось бы, сюжет, но все настолько увлекательно, что невозможно оторваться, и два часа пролетают незаметно.

Я рекомендую этот фильм всем любителям классического черно-белого кино. А еще всем тем, кто топчется на месте. Этот фильм заставляет нас понять одну важную вещь - когда мы принимаем решение, все становится на свои места, а мы сами становимся сильнее."
"8,0",Квартира 1960,"Чудесный фильм с Джеком Леммоном и совсем юной Ширли Маклейн. Из тех, что никогда не выйдут из моды и не потеряют актуальности.

Бакстер - холостяк, единственный в своем офисе. Этим обстоятельством бессовестно пользуются его многочисленные сослуживцы - любители сходить налево. Квартиру Бакстера они используют как гнездышко для любовных свиданий. Хозяин меж тем вынужден допоздна гулять вокруг собственного дома и слыть у соседей за Казанову, невоздержанного по части женщин и спиртных напитков.

Единственная отдушина для Бакстера - милая сослуживица Френ. Каждое утро он любуется ее улыбкой, мечтает однажды пригласить ее на свидание. Но в один прекрасный день узнает, что дама, с которой его босс встречается на его же квартире... и есть та самая Френ.

Бакстер решает отойти в сторону, но у голубков все совсем не гладко. В итоге, несчастному влюбленному приходится решать проблемы парочки. И его чувства к девушке становятся еще сильнее.
Это очень добрая картина, настоящая классика американского кино, его ""золотой фонд"". Трогательный Джек Леммон, удивительная Ширли Маклейн - на них можно любоваться бесконечно."
