rating,title,text
"8,0",Перси Джексон и Море чудовищ 2013,"Вот и посмотрел я продолжение фильма про Похитителя Молний, окрещенное «Морем чудовищ», помнится как читал отзыв в журнале «Мир Фантастики» и обнаружил что книгу оценивают неплохо и хотелось надеяться что фильм выйдет неплохим, но помня как перекроили её, адаптировав под фильмы то можно сказать что можно ожидать другое «Море Чудовищ» с несколько иными сюжетными коллизиями. Посмотрел второй фильм и хочу сказать что получился фильм неплохой, достойный оригинала и просмотра. Ниже постараюсь поделиться своими впечатлениями и мыслями о фильме.

Традиционно начну с сюжета. Сюжет повествует о новом похождении Перси Джексона и его друзей, в этот раз они отправляются в новый поход в место, именуемое «Морем чудовищем» на языке земной географии они отправились в Бермудский треугольник, за которым скрываются кто бы вы думали? – Сцилла и Харибда – две знаменитейших древнегреческих нечисти, что в своё время преградили путь Одиссею на пути обратно в Итаку. Весь сюжет строится именно на том участке Древнегреческой мифологии что мечена Гомером в его «Одиссее». Посмотрев начало вы поймёте почему Зевс издал указ о том что Боги не могут видеться со своими детьми от смертных женщин, о котором в прошлом фильме Перси весьма нелестно отозвался. Некоторые сюжетные ходы из первых фильмов получают объяснение во втором и добавляется новый персонаж – Кларисса Ру дочь Ареса, целеустремлённая амбициозная, слегка самоуверенная, но это быстро проходит. Единственным к чему можно отнестись неоднозначно, так это к возвращению в строй Люка Кастеляна и его новой могучей кучке, намеренной найти искомый артефакт, обозначенный мной в названии рецензии. Мы все видели как водяной трезубец в первом фильме сбросил Люка в залив, но ведь мало кто поверил что он утонул?! Вообще этот момент мне кажется немного натянутым в сценарном плане. На мой взгляд, Люка воскресили чтобы вплести в повествование Гермеса – отца Люка, речь о котором пойдёт ниже (но не факт что в следующем абзаце).

Этот фильм раскрывает тему уз кровного братства и предопределения судьбы. Эти вещи по многу раз мусолились в кинофильмах и здесь не предлагается каких-то оригинальных решений и развязок, всё согласно каноническому пониманию вещей, и хоть всё стандартно но для подобных фильмов это в порядке вещей, есть немного драмы и накала страстей ближе к концу. Не могу не впихнуть в одну лодку с раскрываемыми темами и визуальную составляющую фильма, которая для меня оказалась не менее важной. Титан Кронос выглядит массивным и серьёзным противником, вышеупомянутые Сцилла и Харибда тоже смотрятся неплохо, спецэффекты в целом радуют глаз, особенно воссоздание желудка одного из вышеупомянутых чудовищ.

Немного об игре актёров. Принципиальные изменения каста коснулись только актёров второго плана, так теперь роль Хирона исполняет актёр Энтони Хад, заменивший Пирса Броснана. Последний был наиболее харизматичен в роли мудрого Кентавра, наставника Перси и  в отечественном дубляже его озвучил уже Станислав Концевич, до этого бывший голосом Аида, в земно облике косившем под Мика Джаггера. Диониса здесь сыграл актёр с большой харизмой и узнаваемой манерой – Стэнли Туччи, именно из его уст звучит нечто вроде шутки про Христа «слышал есть парень, превращающий воду в вино – вот это истинны бог», по-моему звучала она как-то так. Озвучил его актёр театра и кино Валерий Кухарешин, вы его могли слышать как голос доктора Хауса в одноимённом сериале, голос Майкла Китона в Бёрдмене и много других замечательных ролей за кадром. Из всех второстепенных ролей особенно хочу отметить Нэйтана Филлиона, который отлично исполнил роль Гермеса, отца Люка, и в том маленьком эпизоде где он появился спрятано несколько пасхалок. В разговоре подмечает что Перси и Аннабет продолжают фразы друг друга. Отсылка к сериалу «Касл», где Касл и Беккет активно продолжали мысли друг друга. Отсылка № 2 – упоминание сериала «Геркулес бьёт по башкам» - «лучший сериал, поэтому его и закрыли». Это отсылка к сериалу «Светлячок», который закрыли после первого сезона, хотя сериал был на редкость высокого качества. На пике славы.

В качестве итога: это не шедевр, фильм не претендует на место прекрасного, но как среднее приключение в стиле фэнтези вполне способно запомнится, в этом качестве выступает отлично и может подарить приятные впечатления если не будете ждать от фильма каких-то высокоморальных выкладок или сюжетных ходов на разрыв шаблона. Этот фильм хоть и на один раз, но может подарить вам приятное времяпрепровождение. Советую ознакомится любителям интерпретаций мифов и хороших подростковых приключений без изысков. Фильм оценю в восемь баллов. Всем добра и приятного просмотра!"
