rating,title,text
"7,0",По волчьим законам 2009,"Джошуа хорошо не жил, прозябая с придавленной коксом матерью. А что если начать? Боженька подкинул шанс, когда родительницу навестил захватывающий дух передоз, избавивший исколотое тело от мучительной ломки, принеся с собой последний, прощальный восторг, вторым подарком выдав мальчику приглашение прыткой бабули, определившей пареньку место в своём доме и семейном бизнесе, издалека раскрывая перед новичком порядок вещей, определяющих приход денег в семью и выдачу карманной наличности, роль в том хозяйки и подчиняющихся ей сыновей, хищно поглядывающих на вдруг заявившегося к ним племянника, сориентировавшегося на месте раньше, чем его буйные дядьки, полагавшиеся во всём на маму, думая, что ту не обманет чутьё.

Он не моргнул, когда понял, что сладкие слова ему говорят пополам с колючим взглядом, стелят мягко, да жёстко спать, открывают двери, но прячут лицо. Нет в семье одинаковых, каждый с секретом, узнав который, будешь не рад, засыпая посреди логова, где один воет на Луну, другой закидывается коксом, третий — это нормально — дурак, а четвёртый стал отцом, но никак не дорастёт до хозяина.

Малому гарантирована доля, правда выбор неширок: быть хищником или стать добычей волков, охотящихся на желтый металл и денежные знаки, обращая их в бешеный вихрь своих удовольствий, бодрясь адреналином, скользя на доске по океанской волне, заряжаясь расщепляющей мозг мощью белого вещества или укрощая татуированное тело безумной красотки — жизнь, где есть только взлёт и полёт без посадки, деньги, женщины, питьё — и тебе достанется от всего, если сам будешь не против.

Пропадать — не в масть, да и кто может быть уверен в своей природе: из нежных мальчиков, случается, вырастают монстры, умирать в семнадцать глупо, а с умом Джошуа можно было двинуть вперёд, правда он и сам не догадывался, что ступит так далеко, из лёгкого орудия превращаясь в изощрённого стратега, считающего свои шаги наперёд, тем более под прессом смертельной угрозы, когда в игру вступают профессионалы, чьи методы далеки от идеалов общественной морали и всеобщей справедливости, где ему надеяться не на что, кроме на себя самого.

По большому счету, не так уж много в этом сериале заразительности, но в сюжете достаточно изворотливости, в актёрах есть своеобразие, адекватный теме темперамент и желание, а в перспективе нет обыкновенно раздражающей предопределённости выхода из положения, в которое попал паренёк. Есть лишь туманные подозрения, которые всё никак не находят своего подтверждения на деле, где наблюдаются очевидные шаги только одной из сторон, тогда как намерения другой похоронены молчанием одиночки, хорошая успеваемость которого является залогом непредсказуемости дальнейших событий, ставящих под сомнение профессиональное совершенство вездесущей бабули, добравшейся до трусов внука, так ни разу и не посмотрев в его аттестат.
 
Пропорции соблюдены: секс, угарные гулянки, детективная подпруга и триллерное обострение. Персонажи с оттенками и мрачными тенями, близкие, до боли, и чужие, аж до смерти — откровенно безнравственное хитросплетение диких повадок и грехопадений, за чем следуют исключения из надежд, обозначающие собой невыносимое для Джошуа ощущение безысходности в мире состоящем исключительно из опасных людей, заставляющих других быть их не лучше, так что к развязке вопрос кем быть и с кем быть, на вид, не имеет для молодого человека спасительного ответа, в поиске которого парень уходит ещё на один круг."
