rating,title,text
"6,0","Жизнь, как она есть 2010","Вот и наступили холодные осенние дни и вечера. Хочется закутаться в плед, обнять любимого человека, налить чашечку чая и смотреть добрые фильмы.

Дорогие друзья, представляем вам один из таких легких и «домашних» фильмов американскую мелодраму 2010 года «Жизнь, как она есть» режиссера Грега Берланти. В главных ролях Кэтрин Хэйгл и Джош Дюамель.

Родители маленькой Софи, Питер и Элисон, погибают в автоаварии и завещают опеку над дочерью своим лучших друзьям - Холли (Хэйгл) и Мессеру (Дюамель). Отношения между которыми не складывались с самого знакомства, но теперь им предстоит жить под одной крышей и постараться стать хорошими родителями для своей любимой крестницы.

Зачастую мы имеем четкий план действий, ощущаем уверенность в себе, в своем завтрашнем дне. Но наша жизнь полна перемен, которые иногда ставят нас перед выбором. Что для каждого из нас станет приоритетом в таком случае: семья или работа. Все это можно совмещать и вполне успешно, но выбор все равно предстоит сделать. А выбор влечет за собой ответственность.

Героям фильма предстоит непростое решение: принять ответственность за жизнь чужого малыша. Ведь необходимо не просто обеспечить ему бытовой комфорт, но и полюбить его, впустить в свое сердце, найти для него место в своей жизни. А самое главное, есть два варианта развития событий: играть роли матери и отца или стать настоящей семьей.

Несмотря на всю свою предсказуемость, фильм действительно западает в душу, порождает тепло, которое мотивирует на добрые поступки."
