rating,title,text
"7,0",Волк с Уолл-стрит 2013,"Когда режиссер предлагает зрителям посмотреть трехчасовую картину, он не может просто сказать: «Заходите, вам понравится, у нас хорошие актеры!» Ведь за то время, пока идет его кино, можно посмотреть два обычных фильма – вполне возможно, что талантливых и интересных. Чтобы заполучить публику, постановщик трехчасового фильма должен сделать ей предложение, от которого она не сможет отказаться. Что должно входить в такое предложение? Как минимум гарантия, что главный герой опуса – занимательнейший субъект, который завоюет зрительскую симпатию и за судьбой которого будет интересно следить.

К сожалению, о Джордане Белфорте этого сказать нельзя. Снимая фильм об этом реальном махинаторе, Мартин Скорсезе следовал по стопам собственных «Славных парней» и других знаменитых лент о гангстерах. Но финансист – не гангстер! Мерзейшие бандиты вроде Майкла Корлеоне в «Крестном отце 2» или Тони Монтаны из «Лица со шрамом» вызывают зрительскую симпатию, потому что рискуют жизнью, бродят по лезвию ножа и противостоят тем, кто в любую секунду готов всадить им пулю в голову. Страх смерти – великий уравнитель. Белфорт, однако, на всем протяжении трехчасового повествования играет со смертью лишь тогда, когда принимает слишком много наркотиков. Ему не угрожает мафия, ему не светит смертный приговор и долгое заключение, и зрители еще в самом начале фильма узнают, что разорение для Белфорта не трагедия, так как он настолько ушлый торгаш, что может подняться с любого дна. Не боится он и семейного презрения (в отличие от главного героя «Уолл-стрит»): его отец работает вместе с ним, а его жена в курсе его делишек. Да и не такая она женщина, чтобы всерьез читать кому-то мораль. 
Так с какой же стати сопереживать этому преступнику, который начинает с отъема сбережений у бедняков? 
По крайней мере, наркоторговцы дают что-то клиентам в обмен на деньги, а Белфорт отбирает все подчистую. После чего хвастается своей неуемной жадностью, развлекается как «новый русский», нюхает все, что нюхается, и спит со всем, что движется. Ни глубины, ни трагизма, ни сложности – сплошной загул. Изощренный и увлекательный по форме, но довольно примитивный по содержанию. Огромный, но единственный плюс этого персонажа – его играет обаятельнейший Ди Каприо. 
У кого там дома висит портрет Лео в натуральную величину?

Конечно, Скорсезе уместил в три часа не только «подвиги» Белфорта. Есть в фильме и остроумные шутки, и финансовый ликбез, и обнаженные красотки, и колоритные второстепенные персонажи, и вполне достойный драйв. Однако это прежде всего картина о Белфорте, и отвращение, которое к нему испытываешь, все-таки отравляет удачные ходы Скорсезе. Не идет фильму на пользу и то, что драматизм в повествовании возникает через полтора часа после его начала, когда за Белфорта берется ФБР. До этого момента «Волк» – лишь череда событий. Порой забавных и эффектных, но не захватывающих настолько, насколько должен захватывать удачное трехчасовое кино."
"9,0",Волк с Уолл-стрит 2013,"Употребление кокаиновых дорожек с упругих ягодиц шикарных дам, чрезмерное поглощение алкоголя и наркоты, спортивные тачки, огромные яхты, невероятное количество «зелени» и бесконечные оргии — все это есть в новом фильме Мартина Скорсезе «Волк Уолл-стрит».

Фильм хорош тем, как режиссер передал царящую атмосферу вокруг Джордана Белфорта в те года, когда брокеры занимались легкой наживой и некоторые из них очень хорошо умели только одно — убеждать покупать дешевые акции наивных инвесторов. Следствием чего, самые проворные получали невероятную прибыль, начинали беситься с жиру и вести себя как животные, тратя деньги на всевозможные прихоти, трахая все, что движется и пожирая все, что можно запихнуть в рот. А зрители в кинотеатре, похрустывая попкорном, смотрят и ржут, прямо как в зоопарке у клеток с обезьянами. А что? Весело ведь. Как говорится, — «Над кем смеётесь? Над собой смеётесь!»

Вообще, зачитывания морали и прочих вещей по типу «хорошо-плохо» — в фильме нет. Скорсезе лишь показал эту «дикую фауну» изнутри — все ее прелести, разврат и ад. Как все есть на самом деле. Можно как осуждать Белфорта — наркомана, бабника и жулика, так и сопереживать — ДиКаприо же! Ведь он такой душка. Но Скорсезе не занимает ни одну из сторон, он лишь демонстрирует вам все откровения, показывая как было дело. А если вы спросите «почему так?» или «почему эдак?» — на любые вопросы отвечайте и решайте сами для себя, что правильно, а что — нет.

Фильм получился качественным. Кто бы сомневался, ведь Скорсезе + ДиКаприо."
"8,0",Волк с Уолл-стрит 2013,"Очередная, уже пятая по счёту, совместная работа Мартина Скорсезе и Леонардо Ди Каприо. Стоит отметить, что этот фильм основан на реальных событиях, так как снят по мотивам автобиографической книги с одноименным названием некоего Джордана Белфорт – человека, заработавшего миллионы через мошенничество на рынке ценных бумаг с очень непростой судьбой. Уж не знаю, насколько картинка на экране повторяет то, что было с Белфортом на самом деле (книгу я не читал), но, если это действительно так, то кутил Джордан знатно.

Вот именно это ощущение кутежа является, наверное, главным ощущением, которое я, как зритель, наблюдал в своей душе на протяжении всего фильма, который, к слову, идёт почти три часа. То, что я увидел на экране - это яркий, безбашенный аттракцион с огромным количеством наркотиков, элитных проституток, дорогого алкоголя, машин, домов, яхт, самолётов и, как следствие, какого-то, я бы сказал, свинского отношения к жизни и к миру, в котором этим людям позволяется, к примеру, грязно приставать к стюардессам во время полёта, трахать всё, что движется или опорожняться на повестки в суд на глазах всей компании, которой управляешь. 

Картинка прекрасна – смотрится эта комедия (а, на мой взгляд, это по-настоящему классная чёрная кинокомедия, а не какой-либо другой жанр) с большим интересом. Однако, главное в этом фильме, конечно же, не это. 

Будем честны, за всю историю кинематографа, картин, в которых люди, проводящие всевозможные махинации, живущие так, что порой в мире не остаётся вещей, на которые еще они могли бы потратить свои деньги и, позже, наказанные за всё это, довольно много. И все режиссеры, которые снимали подобные ленты, всегда обращали главного героя к морали, к чувству раскаяния, к тем самым наказаниям за свои преступления. А в этом фильме Скорсезе этого нет. Это очень круто и интересно! Складывается ощущение, что Мартин отправил своего героя в свободное плавание, не нагружая его какой бы то не было ответственностью, каким-то рамками. Словно режиссер сам хочет увидеть во что выльется вся эта история, хватит ли у героя сил противостоять ужасному и страшному соблазну, влекущему за собой ужасные последствия, когда у тебя огромное количество денег. И, в этом смысле, наблюдать за героем даже интереснее. Он не погибает на яхте в шторм, он умудряется посадить вертолет будучи в неосознанном состоянии, в конце концов, каждый день он употребляет гору наркотиков, запивая их алкоголем, а вечера проводит в компании сомнительных девушек и со здоровьем у него все в порядке.

Мне кажется, Скорсезе хотел показать, что в нашей жизни бывает и так. Когда главный герой не чувствует вины, не получает по заслугам, не отвечает за свои поступки. А, главное, не чувствует вины за то, что от всего, что он делает, страдает не он, а его близкие."
"9,0",Волк с Уолл-стрит 2013,"Истории успеха мотивируют, и лента Скорсезе никак не отстает от остальных. Более того, главный герой в лице ДиКаприо учит нас быть более жесткими в достижении своих целей, идти на пролом, не останавливаться ни перед какими преградами и не считаться со мнением остальных. И, что самое главное, рисковать всем, ведь кто не рискует, тот не получает желаемого. В фильме ясно показано, как главный герой с помощью риска, который, конечно, основывался уже на довольно и хорошем понимании внутренних процессов рынка, смог моментально рвануть вверх в развитии, чего бы не произошло, выполняй он просто свою работу. Смог защитить свое творение всеми силами, даже когда от этого ему грозила опасность. Ведь твое творение и есть ты, даже если в его создании участвовали огромное количество других людей. Герой ДиКаприо расписывает все преимущества ситуации, когда у тебя за плечами огромный денежный мешок, раскрывает вам суть людей и то, какими они могут быть, когда ими движут деньги. Он невероятно отыгрывает изменение человека от просто амбициозного простака, до безбашенного кутилы. В обладании деньгами есть, конечно, и минусы, проявляющиеся в твоих отношениях с близкими и в отношении их к тебе. Насколько они пойдут с тобой до конца, несмотря на свои обещания? И кто из тех, кто делил с тобой радости, сможет разделить с тобой и твое горе? 

Скорсезе мастерски мешает кучу жанров в одном фильме, сделав невероятно интересным и увлекательным кино с хронометражем в три часа. Здесь вам и драма, и комедия в стиле 'Потом и кровью', и детективный триллер в одном флаконе. Многое показано как со стороны самих персонажей, так и со стороны посторонних людей для большего юмора. Правда, во всей этой хронологии событий как будто бы и нет ничего запрещенного. Нам просто говорят: 'конечно, это не законно', и мы просто должны верить. Но из-за недопонимания всех биржевых процессов недостаточно только время от времени слышать о запрещенности.

Многие могут отнестись к фильму скептично и продолжать корить людей за их желание зарабатывать, но, как сказал Белфорд, «я был бедным и богатым, и в обоих случаях мне хотелось быть богатым»."
