rating,title,text
"10,0",Рассказы 2012,"Захотелось посмотреть чего-то русского и достойного. После долгого и изнурительного выбора поняла, что современный российский кинематограф при обобщении можно разделить на две категории. К первой из которых относятся легкие фильмы про любовь, не несущие в себе глубокого смысла, но тем не менее приятные по своей атмосфере, красивым актерам, улицам родных городов, тонкой музыке, душевному юмору и по какой-то неведомой теплоте, имеющейся только в наших фильмах. А со второй категорией все гораздо сложнее, во всяком случае в одном предложении будет сложно описать все то,что несут в себе подобные фильмы. Чаще всего это, как говорят, для настоящих ценителей искусства, фильмы с глубинным замыслом, после просмотра которых погружаешься в мир раздумий, отрешенности и зачастую пессимизма. Именно такие фильмы удостаиваются побед на различных кинофестивалях, потому что есть за что. В них затрагиваются как личные, так и общественные проблемы, над разрешением которых бьется не одно поколение.Такие картины заставляют задуматься о чем-то более важном, чем ""цветочки и бабочки"". К просмотру таких фильмов нужно подходить ответственно. Во всяком случае не всегда после трудовой недели, наполненной множеством проблем, найдутся силы погрузиться в глубокие философские эпосы о нашем падшем обществе.

Содержание стоящее,а вот форма оставляет желать лучшего: мрачные серые тона, заблудшие души главных героев, пошлость, близкая к животным позывам, и обреченность, повисшая в воздухе, - нет, это не мое. Очень тяжело после таких фильмов, настолько, что отпадает желание смотреть. И вдруг совершенно случайно я встречаю фильм ""Рассказы"", фильм который не подпадает ни в первую, ни во вторую категорию. Это нечто среднее, авторам фильма удалось вместить в полтора часа и легкую атмосферу, и нестандартный сюжет, и стоящих актеров, и тонкий юмор. А что самое важное, под всей этой красотой скрывается все то, что волнует современного думающего человека. Мы видим проблемы нашего общества, с которыми сталкиваемся изо дня в день. Рассказы - это четыре совершенно разные истории, объединенные лишь актуальностью затрагиваемых тем. 

1. Все ли в этой жизни можно спланировать: нашу реакцию, события, чувства, и будет ли это настоящая жизнь?А может вся прелесть ее в неожиданностях и непредсказуемости?И разве для счастья надо знать, что будет через десять или двадцать лет и какими мы будем в 70? Может, все-таки счастье здесь и сейчас? 

2. Родная русская коррупция. Мужчина, покупающий тех.осмотр у другого мужчины, который покупает загран.паспорт у чиновника, который покупает поступление в институт для ленивой дочурки у профессора, который платит врачу, чтобы тот сделал операцию его жене и спас ее от смерти, а врач в свою очередь покупает сыну военный билет, чтобы сыночек откосил от армии у военного, который платит за получение квартиры вне очереди бизнесмену, который платит губернатору за разрешение на строительство, который идет к президенту и цепочка замкнулась...Чем больше мы с ней боремся, чем становятся она изощреннее. Новая антикоррупционная кампания приводит лишь к росту суммы взятки. Вот и вся борьба. А все потому что борьба формальная, направленная на прикрытие истинной коррупции, пронизывающей все российское общество. Пожертвуй немногим, чтобы получить больше. 

3. Книги - это наше достояние. Отрекаясь от нашего достояния, мы теряем себя как нация, и ничто нам уже не поможет. 

4. Что мы знаем о России? О истории? О людях, которые отдали свою жизнь за нашу свободы, чтобы мы могли просто ходить и дышать? Помним ли мы уроки истории и бережем их в памяти? Умеем ли мы разговаривать друг с другом, и о чем мы разговариваем? Какое современное поколение? Что для нас важно и какими ценностями мы живем? А, может, все дело в воспитании? Причем воспитании не только на уровне семейном, но и на уровне государственном? Если наше общество не бережет свою собственную историю, если морально-нравственные границы стираются, прославляется культ потребления, преобладания формы над содержанием, что мы сможем дать своим детям? Посмотрев фильм, я с благодарностью вспомнила свою учительницу истории, вложившую в нас те основы, на которых все строится.

И не смотря на это, после просмотра все равно рука невольно потянулась к энциклопедии неофициальной истории России - книге, подаренной мне одним замечательным человеком, но все еще пылящейся на полке и не прочитанной мною. Да и почитать перед сном захотелось ""Идиота"", а не современные романчики Сесилии Ахерн. Поэтому такие фильмы точно стоит смотреть."
