rating,title,text
"7,0",Другой мир 2: Эволюция 2005,"Короче говоря,  посмотрел я продолжение, фантастического фильма о непростой судьбе вампиров и ликанов. [Другой Мир: Эволюция] – именно такое название носит вторая часть. Поначалу, вспоминая первую часть, мы понимаем, что эволюция здесь не просто так. Эволюцией в другом мире является Майкл, ставший в первой части гибридом ликана и вампира. И вторая часть будет именно о нем. Именно так я считал перед просмотром сиквела. Но прав ли я оказался? 

Вкратце говоря, история продолжается ровно на том, на чем закончилась. А именно: Майкл [Скотт Спидман] стал гибридом, Виктор [Билл Найи] был убит Селиной [Кейт Бекинсейл], Крейвен [Шэйн Бролли] сбежал. Теперь история затронет самых древних существ. Двух братьев, которые были сыновьями Корвинуса [Дерек Джекоби], человека выработавшего в себе иммунитет к чуме в свое время. Но одного из сыновей укусила летучая мышь, а другого волк. Именно они и стали, прародителями своих видов. И теперь, когда Маркус [Тони Кёрран] пробудился, он  желает отыскать своего брата, который был заточен из-за своей неспособности, контролировать себя. Маркусу нужна Селин, ведь именно в ее крови хранится, то чего так жаждет самый первый вампир. И вот тут начинается самое интересное…

Итого говоря, фильм оказался не хуже первой части и плюс вторая часть,  ответила на вопросы, оставшиеся после первой части. Общие впечатления от фильма, приятные. Он вновь интересен своим сюжетом и снова так же динамичен своим экшеном. В фильме даже проходит любовная линия, дающая фильму немного иной оттенок. Однако данный фильм, прожил свое время и уже не так интересно смотрится как в начале 2000-ых. И да, все-таки по поводу эволюции, я оказался немного неправ, от чего конечное значение данного слова в фильме меня приятно удивило. Актерская игра в фильме хорошая, актеры старались передать все эмоции и это ощущается. Могу посоветовать данный фильм, любителям франшизы и плюс всем кому вообще интересна такая фантастика."
"7,0",Другой мир 2: Эволюция 2005,"Спустя два года выходит продолжение с неизменным прошлым актерским составом, к которому присоединились еще несколько новых лиц. После того как двое из старейших вампиров погибли, пробудился последний, невероятно сильный. Он не хочет помогать главным героям, создавать новую расу, а хочет сделать свою, для этого ему нужен его брат, который является древним оборотнем, ну или как их называют по фильму - ликаном. Двое главных героев, в исполнении Кейт Бекинсейл и Скотта Спидмана, находят в себе новые способности, которые помогут им противостоять новым противникам, правда будет это не так легко сделать. В этой части уже фигурируют обычные люди, которые знают все и вся о древнейшей войне между кланами. Спросите, откуда они все могут это знать? Для этого вам придется посмотреть фильм, и узнать лично. 

Что же касается технической стороны фильма, то тут вопросов никаких. Больше мяса, больше драк, и больше пугающего грима. Сюжетная канва погружает нас глубже в историю конфликта, и показывает новые страницы, произошедших событий. 

Так как фильм является прямым продолжением первой части, то очень приятно его смотреть, и хочется дальнейшего развития истории. Сама картина осталась на том же хорошем уровне, как и первая часть."
