rating,title,text
"9,0",Звездные войны: Эпизод 2 – Атака клонов 2002,"На свете есть несколько великих режиссеров:  Питер Джексон, Джеймс Кэмерон , Джордж Лукас. Этот ряд можно продолжить, но о главном творении последнего режиссера сегодня пойдет моя нескладная  рецензия. В далекой-далекой галактике есть несколько систем, которые находятся под контролем нескольких Федераций. На светлой стороне Силы стоят Джедаи — охранники порядка, добра и справедливости, на Темной стороне стоят Ситхи — властные и алчные существа, которые подкупают разных политических деятелей, лишь бы навязать всем Федерациям свою систему управления и избавления мира от зла. Цель Джедаев — восстановить равновесие силы в назревающем глобальном конфликте.  Идеалисты Джедаи как оплот Добра и Ситхи, жаждущие возвращения на большую арену политических игр. Пересмотрел ещё раз второй эпизод и готов представить вам своё мнение о нём.

Вся франшиза Звездных воин — это явление в кино, явление, которое не забудут. Это первый цикл, где все начинается с четвертого эпизода. Это первый фильм, который разделился на две ветви, одна с Люком Скайуокером, а другая с Энакином Скайуокером, вторая линия считается основной, потому что здесь рассказывается предыстория, как началась война и на какие ухищрения идут стороны, чтобы одержать победу. На всю жизнь нам запомнились звуки лазерных мечей и выстрелов из пушек. Многие до сих пор грезят мечтами еще раз посмотреть на столь масштабный конфликт. Спецэффекты были на высоте и заключались в лазерных мечах и выстрелах. Очень впечатлила постановка боев, акробатика Джедаев заставляет смотреть на все их ужимки и прыжки. Визуальный ряд не подкачал, создание таинственных мест все еще на высоком уровне и звук поставлен вполне, а то бывают моменты, когда в довольно серьезную сцену вставят веселые звуки. Отдельное спасибо хочется сказать декораторам и модельерам, которые создали корабли и костюмы для джедаев к вселенной звездных войн они подошли очень точно и создали такие правильные наряды, а не костюмы клоунов, такое тоже бывает.
Несомненно, порадовал и композитор Джон Уильямс.  Именно в этом фильме я впервые услышал легендарный имперский марш, ибо не довелось знакомиться с оригинальной трилогией. Знакомлюсь с ней в данный момент и есть опасность что могу не почувствовать той магии и того шарма конца двадцатого века, когда многие спецэффекты оказались прорывом в области визуального воплощения разных человеческих фантазий на экране. Общее звучание фильма понравилось,  в острые моменты музыка хорошо нагнетает атмосферу.

Персонажи. О них тоже можно сказать несколько слов. Понравились все, но в особенности Энакин Скайуокер и Оби Ван Кеноби. На протяжении всех частей Энакина мучал страх перед смертью, он начал это осознавать полностью, когда у него умерла мама. Вообще это очень больно, когда умирает кто-то из близких, здесь нам показали горечь утраты и горечь потери, всю грусть фильма скрашивают дроиды R2D2 и C3PO. Судьба Энекена достойна опуса про то, как Джедай стал Ситхом и в первых нескольких частях был главным антагонистом. Оби Ван - это образец лучшего Джедая. Он выполняет разные воли Совета, он всегда поступает так, как велено Джедаю, что его от Энекена и отличает. Из актеров мне понравились соответственно Эван МакГрегор и Хайден Кристенсен. роли свои они сыграли на десятку и думаю ,что со мной будет согласно большинство. Натали Портман в роли воинственной Амидалы продолжает радовать своей актёрской игрой, Самюэл Л. Джексон молод и хорош в образе магистра Мэйса Винду, завершающее сражение Йоды и Дуку шикарно поставлено, эпично выглядит битва с участием сепаратистов и клонов: смешались дроидеки и люди, здесь меч и лазер пополам… Актёры дубляжа сработали великолепно: Евгений Иванов радует своим тембром голоса Оби-Вана Кеноби, Андрей Зайцев встал за микрофонную стойку и отлично украсил своим тембром игру Хейдена Кристенсена, а голоса актёров постарше вообще не подлежат обсуждению. Чего только стоит Борис Смолкин, отдавший свой голос магистру Йоде,  Аркадий Волгин великолепно звучит в устах графа Дуку.

В качестве итога: Звездные воины: Атака Клонов - второй эпизод трилогии - приквела. Ставлю девять баллов из десяти возможных за то, что это сильнейшая работа Лукаса и за то, что даже пятнадцать лет спустя, этот фильм еще помнят и не забывают о нем, ведь хорошее забыть невозможно.  Всем Добра и приятного Просмотра!"
"6,0",Звездные войны: Эпизод 2 – Атака клонов 2002,"По сюжету прошло 10 лет с момента последних действий в прошлом эпизоде. Энакин повзрослел и его играет Хейден Кристенсен. Про этого персонажа скажу ниже. А ко всем остальным ролям вернулись те же актеры. Сюжет более интересен, чем прошлый, но все равно слабоват. 

Теперь о персонаже Энакине Скайуокере. Он стал учеником Оби-Вана и добился хороших успехов, в нем играет юношеский максимализм, что порой сбивает его с верного пути. Энакин встречает Падму, и она ему очень нравится, из-за чего порой он попадает под влияние чувств. Хотя джедай не должен на это отвлекаться. Если сравнить Энакина и Люка, то без сомнения видна разница в их обучении. Люк учился, будучи взрослым, а персонаж Хейдена Кристенсена с детства и разница в их знаниях, далеко не в пользу Энакина. Я к тому, что персонаж Хейдена интересный, можно узнать его историю, но сам по себе я к этому герою никакой симпатии не испытываю. Понятное дело, что ему следует стать Дартом Вейдером, но все же он главный герой и пока он хороший, все же симпатии к нему нет. 

Так же мы увидим маленького Боба Фетта и узнаем историю его отца Джанго. В прошлой части я возмущался по поводу компьютерного Йоды, так вот тут никаких возмущений, потому что мы, наконец увидим его в деле, и только компьютерные технологии позволили это сделать. 

Опять же у меня смешанные ощущения от просмотра, но ради полноты истории посмотреть можно. Может третий фильм этой трилогии выстрелит, но вряд ли он изменит общее впечатление о ней."
