rating,title,text
"6,0",Два ствола 2013,"Лично я сначала посмотрел фильм, а потом посмотрел трейлер, в очередной раз убедившись, что не стоит смотреть трейлеры!

Слышали поговорку: «Не грабь банк, напротив кафешки, где подают любимые пончики всех копов округа»? Два крутых парня, погони, перестрелки, коррупция, мафия. Скажете, обычный боевик? На самом деле, здесь все не то, чем кажется! Каждое слово в адрес этого фильма, будет спойлером. Вам стоит посмотреть, на что способны Марк Уолберг и Дензел Вашингтон в одной команде. Или они не команда? Так или иначе, захватывающий экшн, стоящие саундтреки и динамичный сюжет, не дадут вам скучать.

Если же вы уже видели трейлер к этому фильму, мне очень жаль вас, поскольку вы за две минуты, без какого либо интереса, посмотрели то, что в фильме называется «неожиданный поворот», а они здесь постоянно. Даже если так, вы не пожалеете, когда узнаете, как эти парни выкрутились и поставили всех на место!

Даже когда все уже, казалось бы, закончилось, фильм не перестает нас удивлять и радовать. Гарантирую, что до самого конца фильма, на вашем лице будет улыбка!"
"9,0",Два ствола 2013,"Когда начал смотреть этот фильм, то несколько сомневался в его крутости. Особенно, когда прочитал аннотацию (пора мне уже завязывать делать подобные вещи). Все эти полицейские под прикрытием, которые прикидываются бандюками. Какие-то бандюки, ограбление банка. В современных реалиях это выглядело слишком уж избито. Казалось, что вот-вот откуда-нибудь проглянет ныне модный аспект переживания собственной значимости в этом мире и поиска смысла жизни. Знаете, сейчас это модно, начиная еще с «Тренировочного дня». 

Но, чем дальше смотрел, тем больше у меня появлялось надежды. Ну, а после просмотра я вообще был… ну если не в восторге, то очень обрадован. Это словно такой привет из начала 90-тых. Парочка героев, которые не очень доверяют друг другу и долгое время притираются в процессе своего «расследования». Куча пропавших бабок, много стрельбы, взрывы и прочие привычные всем любителям тех самых старых боевиков. Да, «Плохие парни» были чем-то подобным, но они были слишком комедийные. А эти – все-таки посерьезнее, но все равно с шуточками и прибауточками. По соотношению шуток и серьезности, этот фильм где-то на уровне «Смертельного оружия». Вроде бы и проблемы серьезные у героев, но всегда найдется место шуточке. Что-то типа «Не грабь банки напротив кафе с самыми лучшими пончиками» и прочие забавные детали. 

Герои – еще одно, что роднит этот фильм со «Смертельным оружием». Пожилой чернокожий коп, который не то, чтобы очень устал, но все-таки уже несколько утомился от своей роли под прикрытием. Ну и молодой-горячий спецназовец,  который никогда не против рискнуть или сотворить какую-нибудь неожиданную ерунду, надеясь на «авось». Дуэт получается вполне себе удачным, и следить за ним интересно. Даже не сразу понимаешь, что где-то это уже видел. Если вам повезет, то вы и до конца фильма не обратите на это внимание. Благо фильм вполне себе динамичный оказывается. 

Но динамика здесь несколько необычная. Она больше похожа на катание на американских горках. Сначала мы взбираемся на вершину – какие-то разговоры, попытки выяснить что происходит и что делать, потом динамичная сцена. Обычно включает в себя какую-нибудь перестрелку, или погоню, или перестрелку с погоней. А потом опять передышка. Но даже во время этих передышек сюжет все равно неплохо держит в напряжении. Или наоборот, чем-то забавляет. Типа допроса в гараже с автоматическим выключением света, когда нужно все время махать рукой, чтобы этот самый свет включился. Не сказал бы, что очень уж уморительная шутка, но улыбнуться заставляет. Единственное, что несколько раздражает, это начало, которое довольно долго выстраивает декорации и знакомит с основными героями. Это надо просто пересидеть и дать фильму заиграть всеми красками.

Еще здесь неплохо поданы герои. Понятно, что ни о каких драматических переживаниях в подобном фильме и речи быть не может. Но со своей обязанностью актеры справляются замечательно. Подмигивают, шутят, спорят друг с другом и прочими способами доказывают свою крутость. Они даже не играют, а скорее развлекаются на съемках. Все как в старые добрые времена. Поэтому, когда фильм заканчивается, приходится себя некоторое время убеждать, что это вполне себе современный фильм, а не какой-то гость из прошлого. 

Кстати, с удивлением узнал, что оказывается этот фильм, поставлен по комиксам. Да, это объясняет многое, и теперь у меня есть еще один комикс, который бы мне хотелось прочитать. И это еще один плюс к этому фильму."
"8,0",Два ствола 2013,"Вчера посмотрел фильм под названием «Два ствола». Пока фильм прописывается в листе заказов я буду клепать на него рецензию. Вообще подобные фильмы о напарниках мне импонируют всегда, какого бы качества они ни были о чём бы ни повествовали. Всё выполнено в духе «Плохих Парней», «Смертельного оружия», немного «Мистер и Миссис Смит», если бы чуть более серьёзней, то можно было бы даже сравнить с «Отступниками». Посмотрел фильм и хочу рассказать о своих впечатлениях и выразить свои мысли по этому поводу.

В центре сюжета – двое соратников по преступному делу – Бобби и Стиг, работающие по принципу, ставшему слоганом фильма – «Карты есть, деньги будут». И хотя толково совершается ограбление одного банка и основным двигателем является история взаимоотношений этих персонажей и то что они являются не теми кем кажется и расследуют дела друг друга – только подливает масла в огонь. Бобби – серьёзен и немногословен, тогда как Стиг любит поболтать и едко пошутить, вообще основная доля смешного ситуационного юмора приходится на долю Стига и эта игра на контрастах характеров срабатывает как и во многих фильмах до этого.

Вменить в вину данному фильму можно только разве что скачки от одного жанра к другому, тогда как сценаристы ранних работ вроде тех же «Плохих Парней» старались держаться какого-то конкретного жанра, здесь местами даже нотки триллера проскакивают, кому-то это не понравилось, а мне как-то ничего не резало, поскольку на мой взгляд здесь всё держится в крепком взаимодействии, что и понравилось, хотя отдаю себе отчёт что не всё идеально в датском королевстве.

Прелесть фильма в том что он не пытается показать что-то новое в таком консервативном жанре как «боевик» и дух 90ых так или иначе присутствует в этом фильме, пусть и не в таком высоком качестве, как в работах вышеупомянутых, но всё смотрится неплохо и скучно не будет, можно увидеть жестокое отношение к курам, перестрелки с бандитами, жестокость по отношению к поступившим нехорошо людям и Папа Греко, похожий на Энштейна за минусом его гениальности, одна из самых запомнившихся цитат этого фильма. Режиссёром картины является Бальтасар Кормакур, в его фильмографии есть такие неплохи криминальные фильмы как «Контрабанда» с тем же Уолбергом и «Эверест» с Джилленхоллом, пожалуй лучшее полотно в его фильмографии.

Нисмотря ни на что посыл у фильма всё же есть. Честь, долг, мужская дружба – вечные атрибуты мужского криминального кино. Название фильма и его, если можно так выразиться, «шляг-фраза» отсылают нас к фильму Гая Ричи – «Карты, Деньги, Два ствола». Правда, никакого намёка в самом фильме на эту работу я не увидел, но это по меньшей мере забавно. Вообще пытаться цепляться за какие-т подтексты и искать тройные смыслы является бесполезным занятием, потому что создатели не позиционируют этот фильм как жанровое откровение, фильм хорошо держится в своей нише.

Игра актёров понравилась. В первую очередь стоит отметить пару главных ролей – Дэнзел Вашингтон и Марк Уолберг, оба актёра выдали хорошую актёрскую игру в рамках своих образов. Особо глубоко разбирать их образы не буду, ибо хорошо высказался о них выше. Также отмечу Поллу Пэттон в роли Дэб, неплохо смотрелась, пока лучшей ролью, по Кинопоиску, является роль Гароны в «Варкрафте». Также отмечу актёра Эдварда Джеймса Олмоса в роли Папы Греко, весьма колоритный персонаж.

В качестве итога: Отличный боевик старой школы, который не говорит нового слова в жанре, не ставит каких-то глубоких вопросов, всё в рамках жанра, но при этом неплохой ситуационный юмор, несколько фраз, которые разойдутся на цитаты, погони, перестрелки, динамизм. Всё это мне нравится в подобных фильмах и всё это есть в достаточно количестве в данной работе. Советую ознакомится и составить своё мнение. Всем Добра и приятного Просмотра!"
