rating,title,text
"7,0",У холмов есть глаза 2006,"Каннибализм, попытки остаться в живых и пустыня. Большего и не скажешь, обычный триллер, где главные герои случайно оказываются в непредвиденных обстоятельствах. Несмотря на экранизацию романа, несмотря на ремейк картины 1977 года, эта история ещё способна поразить своей жестокостью. Без прелюдий и объяснений с первых минут экран окрашивается в красный цвет. Что ? Где ? Это не важно, зрителей приманили, теперь можно и вводить основных героев. Большая семья, путешествуя по Америке с домом на колёсах, оказывается отрезанной от цивилизации в пустыне, где попадает в аварию.

 Заброшенное место и интригующие кадры радуют. Но в целом, даже в самом начале заварушки понимаешь, что будет мясо. Не потому что это триллер, а так уж построены подобные проекты. Группа отшельников, скрывающаяся среди холмов, начинает охоту на пищу. Невинная семья состоит из людей, к которым испытываешь разное отношение. Взрослый коп и его жена, их трое детей, зять и маленькая внучка. Вот, на чём строится акцент всего. Маленький ребёнок в трэшовом фильме, который забирает на себя всё внимание. Начальные убийства хоть и были жестокими и неожиданными, но ребёнок перевесил всех. Картина показывает борьбу за жизнь своего дитя, когда попадаешь в смертельную передрягу, или когда членов семьи убивают на глазах, даже в самых трусливых героях просыпается смелость. Помимо расследования и убийств фильм начинает потихоньку рассказывать, из-за чего обитатели холмов мутировали и стали жестокими. Нужная информация и именно в той дозе, в которой её подают, очень сильно играет на зрительском восприятии, ведь жертвам уже без разницы, какие причины послужили злобе. Одичалые мутанты не вызывали чувства страха, не было элемента неожиданности, поэтому жанр «ужасы» можно убрать, но то, что это кровавый триллер, спору нет. Фильм держит в напряжении весь хронометраж, постоянно, то доводя зрителей до отчаяния, то до крупицы надежды на happy end."
"7,0",У холмов есть глаза 2006,"В свое время жанру хоррор задали определенную планку. Как правило, действие предполагалось герметичным, главными героями являлась группа студентов. Маньяк в маске, каннибалы, древнее зло – в любом случае, после встречи с этими не самыми приятными сущностями, в живых остаются 2-3 студента. Отказ от подобной концепции мог привести к чему-то совершенно гениальному («Нечто», где группа состояла исключительно из мужчин https://www.ivi.ru/watch/90223 ), а мог привести и к полному провалу. Новая версия «У холмов есть глаза» (напомню, что картина является римейком https://www.ivi.ru/watch/158891 ) лежит где-то посередине.

Шахтёры, пережившие ядерные испытания, впитали в себя радиацию. Нельзя сказать, что радиация была губительной, но и живительной её также не получается назвать: отщепенцы облысели, огрубели, а их основным времяпрепровождением стало изучение кулинарных изысков, где основным ингредиентом является человечина. Звучит странно, не сильно запоминается, похоже на плод чьего-то откровенно больного ума, но, тем не менее, в «Холмах» реализовано это на своём месте. И это не тот случай, где смысловая подоплека является тем фактором, ради которого стоит смотреть картину. Дело здесь в реализации вышеназванного сюжета.

Атмосфера в фильме шикарная. Режиссеру удалось постоянно держать зрителя в напряжении и гадать, что же произойдёт в дальше. Именно такая атмосфера и необходима такому жанру как «ужасы». Более того, здесь атмосферой не особо и пугают. Скорее увеличивают эмоциональный накал и заставляют сопереживать героям. Рискованный ход для фильма ужасов, но он удался.

Актёры сыграли отлично. В большинстве своём, они даже верно подобраны для своих героев. Следует также отметить, спецэффекты «старой школы», реализованные, по большей части, в виде пиротехники и грима. А также отдельно стоит упомянуть напряженный саундтрек, правда, не позволяющий передать чувства героев.
В итоге «У холмов есть глаза» вышел достойным фильмом ужасов. Проработанные герои, заквлекающий сюжет, хорошая актерская игра. Однако, картина как бы не имеет ни начала, ни конца (сиквел не в счет https://www.ivi.ru/watch/109870/ ). Но, возможно, в этом и задумка, ведь ужас может быть бесконечным."
