rating,title,text
"8,0",Кейт и Лео 2001,"Достаточно многие фильмы просмотренные и пересмотренные несколько раз еще в детстве, оставившие «светлые» воспоминания, также легко и интересно смотреть уже и в более зрелом возрасте. Несмотря на незамысловатый, местами даже наивный сюжет и частую «искаженность» давнишних воспоминаний.

Впрочем сюжет «Кейт и Лео» достаточно хороший, каким наивным и простым он бы не показался на первый взгляд. Ведь чтобы создать интересную мелодраму, достаточно всего лишь иметь — увлекательную романтическую историю и хороших актеров, которые будут с интересном участвовать в данном проекте и также будут «честны» в исполнении своих ролей, что очень важно. И если не воспринимать всерьез «путешествия» во времени (по сути их нигде не нужно серьезно воспринимать) и некую «сказочность» происходящего, то на выходе получается еще один прекрасный и красивый фильм о любви.

Лео — галантный, честный, мужественный — истинный джентльмен XIX века. Которому хочется найти ту единственную, с которой он провел бы остаток жизни… Кейт же — деловая женщина со своими заморочками и тараканами в голове. Её мало что интересует кроме своей карьеры. И по началу она относится к Лео с недоверием, но позже недоверие сменятся симпатией, которая со временем перерастает в нечто больше… Интересно наблюдать за неким контрастом «старого-нового» времени в их отношениях. Вполне «логичное» и размеренное повествование, но вот «любовные» диалоги в какой-то степени затянуты. И те 2 часа, что фильм идет, вполне можно было бы сократить минут на 20-30. Тем самым сделав его чуточку интереснее. 

Актеры — молодцы. Хью Джекман здесь еще совсем молодой и еще более обаятельный, справился с ролью на ура, впрочем как и всегда. А также показал, что кроме «Росомахи» способен и на другие роли, что со временем еще ни раз докажет. Мег Райан я наблюдал впервые на экране, но в паре с Хью она смотрелась просто замечательно. Пусть с небольшой ролью, но все же к месту и Лив Шрайбер, с которым Хью также «встретится» через 8 лет, в фильме — «Люди икс. Начало. Росомаха». Да и с режиссером фильма — Джеймсом Мэнголдом, они еще ни раз будут сотрудничать в фильмах о «когтистом хищнике». 

В общем поклонникам Хью и Мег, к просмотру обязательно."
"10,0",Кейт и Лео 2001,"Какая девушка не мечтает о том, чтобы встретить на опостылевших улицах пошлой действительности настоящего джентльмена? Благородного, воспитанного, интеллигентного герцога, ухаживающего за своей леди, как подобает истинному дворянину. Какой бы фантастической ни казалась эта мысль – она всегда будет в моде. Дамы всех мастей умилятся очередной романтической истории любви «Ромео и Джульетты», разделенных целой эпохой.

<strong>Она.</strong> Итак, современная девушка Кейт наглухо увязла в трясине неудачных попыток построить личную жизнь и одновременно вскарабкаться по карьерной лестнице туда, где ее феминистическая гордость, наконец, останется довольной, но при этом лелеет мысль о «сильном плече» и тешится мечтами о поросшей забвением романтике. Любая гражданка большого города узнает в ней себя. Мег Райан великолепно воплотила образ эдакой потерянной женщины, запутавшейся в собственной жизни и уставшей от нее до смерти. При этом, благодаря своей противоречивости, она комична до уморы. Ее жизнь летит кувырком, и все, что ей остается – балансировать на шатком мосту своих амбиций. Какой выбор должна сделать современная Она, раздираемая с одной стороны потребностью в любви и семейной идиллии, с другой – в независимости и профессиональной самодостаточности? 

<strong>Он.</strong> Леопольд представляет собой полный антипод и, в то же время, дополнение для Кейт. Он уравновешен, изобретателен, рассудителен, вежлив и, разумеется, вымышлен. Сын своей эпохи и собирательный женский идеал, Лео явился в 21 век, чтобы отразить современникам их недостатки и напомнить о вечном, о главном. Хью Джекман вписался в свою роль настолько хорошо, что, как мне кажется, его британский акцент, манеры и трюки завоевали большую часть зрительской аудитории. Он скачет верхом, играет и поет, фехтует, говорит по-французски и вальсирует с непринужденной легкостью. Кроме всего прочего, молодой герцог высокоморален и невероятно умен. Оказавшись в мире будущего, столь отличным от привычной обстановки, какой выбор сделает он? Остаться и наслаждаться техническим прогрессом, им некогда запущенным, или же вернуться к своим тоскливым обязанностям? Жениться по расчету, как показано аристократам, или следовать своему сердцу, как научило его фантастическое путешествие?

<strong>Любовь.</strong> В картине показана до смешного нелепо и до умиления романтично. Некоторые моменты хочется оставить в памяти навсегда, чтобы доставать в ненастные дни, любоваться и надеяться. Несмотря на всю комичность и невероятность истории, она учит верить, прощать и ценить. Очень смешной и добрый фильм, заслуживает 10-ки."
