rating,title,text
"9,0",Пекло 2007,"За последние лет так 10-15 научная фантастика, по больше счёту, исчезла с радаров. Жанр скатился до дешёвых третьесортных подделок или таких же сериалов, всё банально и шаблонно. Любые попытки оживить жанр и вернуть его в стан лучших постоянно прыгали из крайности в крайность. И ведь, как со всеми остальными жанрами, не было и нет формулы, которая заставит тот или иной проект выстрелить или зажечь. Иронично это потому, что довольно прохладно приняли фильм с названием “Пекло”.

Человечество на грани вымирания. Нет, это не очередное инопланетное вторжение, вирус, фэнтезийные сказки или ещё что, всё гораздо яснее. Солнце гаснет, из-за чего климат на Земле становится не слишком пригодным для человека. Решить проблему должна уже вторая экспедиция учёных, снаряжённых ядерным зарядом, который нужно отправить на Солнце, дабы ""встряхнуть"" его. По пути они сталкиваются со многими проблемами, а так же находят пустой корабль первой экспедиции. Казалось бы, с двойным зарядом всё точно должно пройти гладко и эффективно.

Культовый режиссёр Дэнни Бойл, сценарист Алекс Гарленд, который при всей неоднозначности, всё же имеет ряд заслуг. В ролях Киллиан Мёрфи, Роуз Бирн, Крис Эванс, Марк Стронг и Бенедикт Вонг. Что же могло пойти не так, раз фильм провалился в прокате и более того, при всех достоинствах, остался известен, только в определённых кругах, а культового статуса так и не заимел?

А дело всё в том, что “Пекло”, это не нелепый и весёлый блокбастер, напичканный боевиком и экшном. Напортив, это серьёзный и суровый триллер не просто об очередном спасении человечества, но ещё и сохранении рассудка в сложившихся условиях. Веселиться тут не придётся, а вот подумать о многих вещах фильм заставит."
"9,0",Пекло 2007,"Дени Бойл в две тысячи седьмом году снял такой фильм, который мог бы и сейчас утереть нос многим картинам о космосе. Или как минимум быть с ними на ровне. «Пекло» - удивительное кино, можно сказать уникальное, выбивающееся из ряда подобных фильмов. Таким его сделал режиссер с помощью уникальной картинки, которая отдает его предыдущим '28 дней спустя', с помощью уникального монтажа, который веет его картиной «На игле». Монтаж, который нередко сможет обмануть зрителя: сцены появляются внезапно и сопровождаются громкой прорывной музыкой – создастся впечатление того, что произошло что-то страшное. Хотя режиссер покажет всего лишь драку двух что-то не поделивших участников космической экспедиции. Этим монтажом он будет привлекать ваше внимание к фильму - в ряде сцен нужно будет именно напрягаться, чтобы понять, что же происходит на экране. 

Сюжет как цепная реакция - одно событие запустит целую цепочку происшествий, каждое из которых будет менять курсы, жизни и решения всех персонажей. Событие это, этот сигнал, сродни сигналу из заброшенной планеты в «Чужом» Ридли Скотта, точно так же начнет менять все. Персонажи будут в панике пытаться все наладить, успокоиться, но успокоиться будет сложно - то весь космический корабль начнет трещать по швам, то в сильном солнечном свете будут видеть божественный промысел, то один из членов экипажа допустит фатальную ошибку из-за невнимательности - опасности будут на каждом шагу. В связи с этим фильм получился более чем насыщенным, и сквозь эту насыщенность Дени Бойл смог протащить атмосферу страха и напряженности, используя свой неординарный монтаж и звуковое сопровождение из асинхронной музыки, которая навевала бы ужас и без сопутствующего ей видеоряда.

Прекрасный фильм, просмотр которого вызовет бурные эмоции у особо впечатлительного зрителя, и может не понравится тому, кто привык уделять особое внимание сюжетным дырам и нестыковкам."
