rating,title,text
"10,0",Другие 2001,"После просмотра фильма у меня осталось двоякое впечатление: ""Какого черта я его не видел раньше?"" и ""Хорошо,что я его не видел раньше, это дало мне возможность непредвзято смотреть ужасы про привидений"". 

Сценарий хороший, актеры приятные, игра достойная, картинка и музыка на хорошем уровне. И пусть Вас не смущает Кидман на обложке, она замечательно вписываетсяв общую картину. 

Но главное сюжет. Концовка настолько эпична, что вытащила бы даже самый плохой фильм. Концовка - это и есть весь посыл фильма в концентрированном виде. После нее Ваше отношение к фильмам ужасов уже не будет прежним, станет более спокойным как после фразы ""Теперь я видел всё"".

Один из венцов жанра классических триллеров. Не самый страшный. Обязателен к просмотру."
