rating,title,text
"7,0",Последняя сказка Риты 2012,"Рината Летвинова - персонаж интересный и неоднозначный. Ей наравятся красивые фразы, которые она любит произносить именно из-за их звучания, а не смысла. Это не плохо, это показательно. Именно из-за её любви к звучанию стоит по-особому относиться  к её лентам, относиться стоит дословно. 

Если зритель упускает логическую цепочку или не может интерпретировать происходящее в кадре, пусть попробует в одном-двух предложениях описать то, что он видит в кадре. Болезнь независимого русского кино, недорогих сериалов, а также дорогих и унылых - плохой продакшн. По-началу это отталкивает, но лишь до тех пор, пока зритель не смириться с тем, что это авторское видение, так в принципе проще смотреть кино. Может быть там. где нет дорогой съёмки, она и не нужна, ведь тогда бы получилось совсем другое кино, и, может быть, говорило бы оно совсем о другом. Убогая съёмка в локациях морга сменяется очень и очень кинематографичной в кафе, особенно в сцене, где за столом сидят подруги, там картинка достойна американского нуарного фильма. Именно в этот момент понимаешь, что они могли снять насколько это возможно прилизанно, однако это не сыграло бы на руку истории. 

История похожа на сон. Несмотря на это, в ней имеют место ещё и сны героини, и мы имеем своего рода двойное погружение. Стоит признать, выглядят они действительно похожими на сон, абсурдные, в знакомых локациях, им веришь. Всё как в тумане, обрывки избитых, будто из детства, фраз, музыка и, наконец, пробуждение и тщетные попытки описать происходящее - всё как в жизни. 

Последняя сказка Риты взяла начало в фантазии и переиначенных на киношный лад взглядах на мироустройство одного человека - Ринаты Летвиновой. Кино до невозможного авторское, ему нужно разрешать всё, ему можно прощать всё, просто потому что ты согласился познакомиться с миром человека, его снявшего. Он не пытается быть кассовым или красивым, а транслирует  фантазию человека минимальными средствами."
