rating,title,text
"9,0",Король Лев 1994,"«Король лев» заслуженно получивший три золотых глобуса, до сих пор остается одним из самых красивых и лучших мультфильмов «Диснея»

Великолепная анимация и до мельчайших деталей проработанные детали, да простится эта тавтология, но это так.

У величественного Короля-Льва Муфасы рождается наследник по имени Симба. Уже в детстве любознательный малыш становится жертвой интриг своего завистливого дяди Шрама, мечтающего о власти.

Людей и прочих персонажей фактора существования человека, в этом мире, мире львов и их семьи, тут нет, взамен есть история, история львенка, прошедшего свой путь и ставшего настоящим львом.

Музыкальное сопровождение Ханса Циммера потрясает, эти африканские мелодии глубоко «Режут душу».

Мультфильм заставляет сопереживать всем этим зверям, героям неизведанных и местностей, где нога человека вовсе не ступала, потрясающий и реалистичный мир, мир зверей.

Рисовка Криса Сандерса и Энди Гескилла, с одной стороны очень красочная и запоминающееся, с другой стороны не режущая глаз, а это удивительно проделанная работа. Все это под умелым руководством Роджера Аллерса и Роджера Минкоффа и есть шедевр. Полнометражная картина про зверей, где главные герои львы, словно отдельный мир, такое ощущение, что этот мир вообще не часть нашей планеты."
"10,0",Король Лев 1994,"Это был один из любимых мультфильмов моего детства, поэтому я с некоторым трепетом решила его пересмотреть, т.к. знаю, что часто то, что было притягательно в детстве после пересмотра/перечитывания во взрослом возрасте теряет свою привлекательность, и в душе, при упоминании о произведении, вместо приятного чувства ностальгии возникает разочарование.

Но мультфильм ""Король Лев"" не только не устарел - также, как и в детстве, мне было радостно и грустно, в некоторых кадрах на глаза наворачивались слёзы, с волнением я ждала следующего момента, хотя прекрасно знала, что там произойдёт, но и ""повзрослел"" вместе со мной - в хорошо известных диалогах героев я увидела новые глубины и грани, мотивы некоторых поступков открылись в новом свете. 

Да, я стала по-новому воспринимать этот мультфильм. Может быть нет того чувства восторга и безмерного счастья, которые присутствовали 20 лет назад после последнего просмотра, но открылось что-то другое, наверно, это глубина и мудрость... Думаю, что такие метаморфозы свойственны только для настоящих произведений искусства, которые никогда не устаревают, но растут вместе со своей аудиторией!"
"10,0",Король Лев 1994,"<strong>«Король Лев»</strong> — это гениальный мультфильм компании Дисней. Он пропитан теплотой, любовью и добротой. Это, пожалуй, лучший из всех мультфильмов, который я когда-либо видела.

<strong>Сюжет.</strong>

<strong><em>«The Circle of Life»</em></strong>

Круг жизни. Все меняется. Что-то приходит, а что- то уходит. История повествует о маленьком львенке Симбе, у которого погиб отец. Дядя Симбы Шрам всегда хотел занять место короля, и убеждает Симбу, что это он виновен в смерти отца. Малыш верит дяде, и убегает из дома. 

<strong><em>«Hakuna Matata!»</em></strong>

По дороге он встречает суриката Тимона и кабана Пумбу. Эти два забавных персонажа просто излучают позитив. Как говорится «Хакуна Матата. Забудь заботы и держи трубой хвост, вот и весь секрет на сотни лет. Хакуна Матата! 

Надо смотреть на жизнь проще. 

На ваших глазах Симба вырастет и станет великим львом, прошедшим через многое и познавшим истину. В общем, наблюдайте за приключениями Симбы и вспомните, что вы чувствовали, когда смотрели фильм в детстве. Плакали, а может, смеялись! Я испытывала все сразу. 

В мультфильме раскрыта тема вечной дружбы и искренней любви. В нем есть все: доброта, верность, предательство, счастье, правда… Вечная тема противостояния добра и зла прослеживается во всех мультфильмах Диснея (и « Король Лев» не исключение).

Это рисованный мультфильм, очень много людей вложили в него душу. Каждый момент прорисован очень трепетно. Не зря миллионы людей по всему миру без ума от этого фильма. Его реставрировали много раз, значит, мультфильм не теряет популярность и в наши дни. Он уже второй раз взорвал американский кинопрокат.

Музыка переносит Вас в джунгли, в неизведанную Африку. А некоторые композиции цепляют до слез!

«Король Лев» — один из самых красивый, добрых и всеми любимых мультфильмов. Это классика Диснея, а Дисней всегда оставляет неизгладимые впечатления. Я считаю, что каждый должен его посмотреть, и взять из него что-то для себя!

<strong>10 из 10</strong>"
