rating,title,text
"7,0",Тревожный вызов 2013,"Когда день сменяется ночью, и зов природы (который в ментальном мире маньяка-психопата олицетворяет собой ужасную фантазию безумца) просыпается в кровожадном убийце, то следует ждать беды, ведь как известно эти душегубы не способны остановится, обычно для этого нужна помощь бравых блюстителей закона. А иногда дело заканчивается тем, что преступника шпигуют свинцом без жалости и не экономят на драгоценном ammo, но в ленте Брэда Андерсона все несколько иначе.

В центре внимания, простой оператор службы 911 Джордан Тернер, она справляется со своей работой хорошо, можно даже сказать отлично, пока в один «прекрасный» день, из-за оплошности Джордан, не погибает Леа Темплтон (Тернер во всем винит себя), ставшая жертвой неизвестного мужчины. Но работа в 911 требует немалой доли хладнокровности и воли, поэтому мисс Джордан Тернер возвращается на работу, но в качестве преподавателя. И вот однажды поступает звонок, а голос на той стороне провода так напоминает голос Леи Темплтон. Чувство ответственности в руках женщины — мощное оружие.

Разумеется, в руках Брэта Рэттнера или Джонатана Демме, у ленты была бы претензия на то, чтобы стать культовой, однако и у Андерсона в кои-то веки получилось снять интересный в своем роде триллер, не имеющий литературного первоисточника. Что у Брэд Андерсон смог реализовать? Ладно, давайте по порядку. Несмотря на эффект «Ей, мы такое уже видели, об этом где-то слышали», «Тревожный вызов» все еще способен держать своего зрителя в напряжении, используя с умом шаблонные скримеры, а также швыряя персонажей кинокартины в нестандартные, полные опасностей эпизоды, когда реально возникает переживание за героев. Во всяком случае, довольно радостно (не сочтите за каламбур), что роль похищенной сыграла Эбигейл Бреслин, а не актриса из труппы Уве Бола или Александра Невского. Что же до Холли Берри, то ей несомненно идут роли сильных женщин, в том случае когда сценарий уместный и лента не называется «Женщина кошка».

Актеры третьего и вторых планов особо не выделились (а их образы были безликими), но на них не было сконцентрировано индивидуального внимания, однако была в меру реализованная попытка раскрыть серийного убийцу, обрывочно рассказывая о его прошлом на протяжении недолгого хронометража. Да, эта линия не получила развития, так как о ней не поведали флэшбеками или своеобразным прологом, как например делают в тематическом сериале, «Мыслить как преступнике», но фотографии из детства Майкла должным образом дают осознать, что такому человеку не суждено изменится. Таким образом, задумано следующее: Оставляя палача несчастных блондинок довольно несговорчивым, картина сама говорит за персонажа Майкла Эклунда, причем довольно доступным методом, ведь гениальное — на деле тривиально, и особой смекалки для создания профиля экранного маньяка зрителю не потребуется. Аллегорично выражаясь, то в загоне с другими тематическими триллерами «Тревожный вызов» даже не посмел бы оскалиться, но всплывает другой логичный вопрос и одновременно ответ, а зачем данной ленте подобная клетка? Поэтому в своей стихии детище Андерсона показывает то, что хотело, без намека на повторный просмотр.

Ну, разве что в поисках пасхалок, которых мало, можно вернутся к twice просмотру.

А теперь немного о минусах. У ленты слегка долгая завязка и тратить почти двадцать минут на экспозицию в киноленте длительностью в полтора часа не то чтобы непростительно, однако раздражающе, увы, музыка не запоминается, а ведь с мелодиями, способствующими напряженной атмосфере проект Брэда Андеросна однозначно получил бы еще один плюсик. Временами раздражающие персонажи, и диалоги о бицепсах двух полицейских (накаченных), способны вызвать facepalm, а может сразу два таких. И еще один минус, точнее запоздавшее пожелание: Было бы хорошо, если бы в кресле главного продюсера восседал Марк Гордон, который и по сей день курирует съемочные группы, работающие над некоторыми детективными сериалами. Под крылом Гордона наверное из-за его любви к деталям, у кинофильма прибавилось бы хронометража, но что поделать, нет, так нет и имеем то, что есть, ну или Майкла Холла в роли маньяка, хотя это уже чересчур круто. Еще на руку героям играют постоянные роковые случайности, типа двойных телефонов и неожиданных просветов в памяти.

Все лишь мелочи, главный посыл — нужно быть готовым к любой чрезвычайной ситуации (а также иметь силу духа и верно использовать смекалку), передан с достатком, а героине приходится спасать жизнь, не отходя от телефона, что не ново, но все еще интересно."
"5,0",Тревожный вызов 2013,"Маньяк, жертва и человек, который преследует маньяка. Казалось бы, сколько раз мы уже видели такие фильмы. Но в этом фильме внесена некоторая интрига. Дело в том, что девушка, которая преследует маньяка, делает это по телефону. Она сотрудник службы спасения. И девушка, которая сейчас жертва маньяка держит с ней связь по случайно оказавшемуся у нее телефону. Все что нужно сделать героине, так это выяснить – где же сейчас маньяк, подключая к этому всю свою смекалку и технические средства. 

И надо сказать, это небольшое решение оказывает вполне себе шикарное воздействие на ощущения от фильма. Нужно следить не просто за развитием сюжета, но еще и пытаться предугадать, что же можно сделать в этой ситуации. Типа, вот девушка в багажнике, у нее есть только телефон. Как она может подать сигнал? Как показать, в какой машине находится? Что бы вы сделали на её месте, или на месте оператора? Это действительно увлекает зрителя.

Впрочем, к сожалению, длится это не очень долго. Примерно до тех пор, пока злодей не разбивает телефон. Где-то на этом моменте фильм со всего размаха падает в пропасть идиотизма. Развязка в этом фильме совершенно не соответствует тому, о чем нам пытались поведать весь фильм. Нам говорили, что мол, вы не должны делать это, или делать то. И вдруг главная героиня, которое все это и говорила, начинает сама противоречить своим заветам. Похоже это больше на то, что сценаристы вдруг поняли, что героиня, которая продолжает сидеть за телефоном, выглядит не очень вдохновляюще. А других интересных способов ввести её  в сюжет, так и не придумали. 

И пока весь сюжет развивается по уже не раз виденным и до боли знакомым рельсам из разряда «и тут я его каааак…» мозг отдыхает и пытается проанализировать все то, что он уже увидел. И это, опять же – большая проблема. В этом фильме куча провалов в логике. Пока герои пытаются выкрутиться из проблем, он находится в напряжении и не успевает проанализировать все то, что он замечает. А вот в конце начинает сомневаться. Типа – да, на машине, которую мужик всю общупал… откуда же там отпечатки пальцев? Ого! Этот полицейский нашел осколки бутылька на видном месте. Это же надо, какой он внимательный. Про машину уже практически все известно, и какого она цвета и где едет и что вокруг происходит. А полицейские все её найти не могут. Что это может говорить о них? И так далее и тому подобное. 

На этом моменте понимаешь, что авторы здесь играют с героями в поддавки. Им жутко необходимо, чтобы хронометраж фильма был хотя бы больше полутора часов. И они все будут делать для этого. Типа допускать ляпы, закрывать глаза на очевидные косяки, подкидывать маньяку счастливые случайности. Лишь бы вытянуть и дотянуть до финала. А ведь все так круто начиналось? И актеры вполне себе неплохие, и мотивация у них вполне логичная. Но фильм не спасает. 

Поэтому, если хотите получить удовольствие от этого фильма, то, пожалуйста, прекратите смотреть его где-то после двух третей. Чтобы не успеть разочароваться. Все самое интересное происходит как раз в начале. И все положительные ощущения сконцентрированы именно там. А в конце не будет ничего, кроме разочарования. Мотивация манька – уныние, финальная разборка - не интересна, ну и то, что происходит в конце – тоже как-то натянуто выглядит."
