rating,title,text
"7,0",Обитель зла 4: Жизнь после смерти 3D 2010,"Главной целью для Элис стала дорога до Аркадии - места на Аляске, где есть выжившие и нет вируса. Дорога приводит ее к тюрьме, в которой забарикадировались выжившие. В новой части сценаристы не перестают нас удивлять и пихают в сценарий все больше существ из игр оригинальной серии. Так там будет такой огромный монстр, похожий на палача с большим топором. И это не вся эволюция зомби. Вирус мутирует, и мертвецы становятся умней, быстрей и опасней. Привнося тем самым во франшизу глоток свежего воздуха. 

Что касается героев, то отличились там немного человек. С прошлой части вернулась Клер Редфилд (Эли Лартер), которая вела за собой группу выживших. Из новеньких выделился актер, Вентворт Миллер, звезда сериала ""Побег"", который сыграл брата Клер, Криса. И так же Борис Коджо, он воплотил образ Лютора, одного из выживших, который тоже может дать зомби отпор. Альберта Вескера сыграл уже другой актер, Шон Робертс, который покажет своего персонажа во всей красе. 

Саундтрек порадовал, операторская работа была красивой и качественной. Хотя хромакей порой режет глаза. Эта часть оказалась интересней прошлой и будем ждать продолжения."
