rating,title,text
"9,0",Меняющие реальность 2011,"Общее впечатление: Любовь — одна из важных вещей в нашем мире. Без любви и жизнь не имеет смысла. Поэтому вот вам кино на вечер, которое зайдет и тем, кто любит фантастику, и тем, кто готов погрузиться в романтику.

Сюжет интересен, а повествование затягивает с самых первых кадров. ГГ — конгрессмен Дэвид Норрис (Мэтт Деймон) узнает, что мир движется по заранее написанному плану, за исполнением которого следят работающие в неком Бюро Корректировки люди в шляпах, обладающие сверхъестественными способностями. Как назло, план не предусматривает дальнейших пересечений с балериной Элизой (Эмили Блант), в которую политик влюблен.

Было ли у вас такое, что вам казалось, что предначертанное вам судьбой вдруг резко меняется? Или же наоборот, кажется что случайная встреча вовсе не случайна? Герой фильма узнает то, что не следовало ему знать, его жизнь (да и вообще всех людей) идет по строгому плану, а девушка мечты не вписывается в распорядок, но как же так?! Если людям хорошо вместе, почему вдруг Бюро Корректировки решает изменить все? Герой должен прожить жизнь по другому? Но почему же он не может бать со своей любовью? И тут пожалуй объяснения причин, которые, конечно, влюбленный человек не хочет принимать. Важно бороться, что у героя получается.

Определенно что радует, это химия между героями. Она (Эмили Блант) — необычная девушка, явно с характером, утонченная, красивая. Он (Мэтт Деймон) — сильный мужчина, который и не думает отступать от цели, чего бы ему это не стоило! Тандем Мэтта и Эмили великолепен! Актеры смогли изобразить чувства любви одним лишь взглядом! А сколько переживаний готовит история, оторваться невозможно! Динамично и чувственно!

В картине много размышлений, о любви, о жизни, о предначертанном, о будущем, о тайных заговорах и случайностях) Все это образует фантастику, которая отлично обыгрывается любовной линией. Что выберет герой свое счастье? Или же?..

В нашей жизни все случайности не случайны, я так считаю, а как считаете вы?"
"9,0",Меняющие реальность 2011,"А Вы верите в судьбу? Что, если существуют некие силы, которые корректируют настоящее и умеют изменять нашу реальность? Нет, я сейчас не про фильм ""Матрица"" говорю, а про совершенно иную фантастическую версию о настоящем, это кинокартина ""Меняющие реальность"".

Мир, в котором живут подающий надежды политик Дэвид Норрис и жизнерадостная Элиза кажется на первый взгляд похожим на наш. В принципе, оно так и есть, только с одним небольшим исключением: когда в их реальности начинают происходить ""сбои"", тогда начинают вмешиваться странные люди, обладающие возможностью останавливать время и исправлять те самые ""сбои"". Героям Мэтта Дэймона и Эмили Блант не суждено было даже познакомиться, но произошел очередной ""сбой"" и их встреча произошла. Казалось бы, мимолетное знакомство, но оно оставило глубокий след в сердцах мужчины и женщины. Что дальше будет происходить, встретятся ли они снова, смогут ли они обойти препятствия меняющих реальность, что сильнее любовь или навязанная судьба - на все эти вопросы можно найти ответы в фильме ""Меняющие реальность"".

Идея фильма получилась, с одной стороны, довольно знакомой (та же ""Матрица""), но с другой - не похожей ни на какую другую. Хорошо проработанный сюжет, интрига с вмешательствами извне (кто они - те люди, что меняют реальность: боги ли, инопланетяне, а может быть и правда все происходящее - всего лишь виртуальная реальность, а настоящие люди спят в каких нибудь колбах) и конечно же, основной упор на любовную линию. Сколько уже было фильмов про любовь - не пересчитать никому на этом свете, но и без этого понятно, что очень и очень много. Казалось бы, уже все версии развития отношений давно придуманы и воплощены в кинематографе, но нет, кинолента ""Меняющие реальность"" предлагает свою версию и что самое главное - оригинальную, не похожую на другие! И пусть этот фильм с фантастической основой, в первую очередь - его можно назвать именно мелодрамой, но такой, которую будет интересно смотреть не только женской половине общества, но и мужской (по крайней мере, мне понравился, но я не в счет, так как априори, люблю кинокартины из этого жанра).

Графика, актеры, динамика и проработка сюжета - я ни к чему не придираюсь, мне понравилось все без исключений. Если хотите посмотреть нечто фантастическое и про любовь, ""Меняющие реальность"" - прекрасная находка в этом отношении. Я сам смотрел этот фильм 2 раза и с удовольствием через некоторое время вновь уделю ему внимание."
