rating,title,text
"8,0",Сокровища Сьерра Мадре 1947,"Я посмотрел этот фильм, оправдываясь его рейтингом золотой классики и всеобщих восторгов. Да и что-то я в последнее время по классике начал прогуливаться. Книги, фильмы и все такое прочее. Все-таки, вещи, которые выдержали проверку временем, обладают такой устойчивой и легко узнаваемой аурой. Вот с этим фильмом получилась точно такая же история. Именно эта аура меня и заманила - хотелось прикоснуться к этому. Понять и прочувствовать. Удивительно, что через столько лет после выхода он все равно выглядит достаточно бодро. Нет, понятно, что по меркам нашего суматошного века его хронометраж кажется завышенным. Да и действия на первый взгляд затянуты. Операторская работа, постановка кадров - это то, что можно было бы назвать классической школой. Наверное, в те времена это не казалось чем-то особенным. Но сейчас...

Впрочем, в этом фильме все выглядит очень и очень органично. История о трех золотоискателях, которые вместе решают разбогатеть, и по пути к своей цели испытывают множество трудностей, переживают, ссорятся. Сюжет не очень вдохновляющим кажется, да? Но, тем не менее, на экране все это выглядит гораздо лучше. Все-таки недоразвитость технических средств способна заставить создателей творить чудеса изворотливости и мастерства. Вместо того, чтобы завлекать зрителей гигабайтами специальных эффектов, режиссерам того времени требовалось куда более абстрактные умения. Выстраивание кадра, работа с мимикой, жестами актеров и прочими приемами из арсенала театральных постановок. Соглашусь, сейчас многие из этих вещей выглядят довольно архаично. Например, проговаривание героями собственных эмоций и мыслей. Но подобные штуки теряются на фоне множества других интересных сущностей - поворотах сюжета, диалогах, игре актеров. Всего того, чего не хватает нынче большинству блокбастеров. 

Понимаю, что фильмы того времени многим кажутся чем-то скучным. Признаюсь, я тоже подходил к нему с такой опаской. Словно к чему-то священному и обласканному миллионами других зрителей. Это было сродни проверки собственного восприятия на принадлежность к общности. А вдруг все это действительно покажется уже морально устаревшим? А вдруг я все-таки настолько прикипел к современным мне фильмам, и этот гости из прошлого станет для меня мне чем-то глупым и наивным? Но нет, оказалось, что это действительно хороший фильм. Да, есть в нем кое-какие вещи, которые так и не смогли до меня достучаться, но в целом ощущения у меня остались целиком положительными. Есть в этом фильме что-то от историй Джека Лондона. И при этом, на каком-то мета-уровне, он ощущается продуктом золотой эпохи Голливуда. Серьезные и по-настоящему мужские персонажи. Взаимоотношения между ними, паранойя и рассуждения о доверии. Нотки притчи, философский фатализм - подозреваю, что подобные мои ощущения во много навеяны классическим ореолом самого фильма. 

Это, кстати самая большая проблема классических фильмов. Этот самый статус, который уже сформировался и своим существованием сразу уже влияет на восприятие. Еще до того, как ты начал смотреть. Да, мне кажется, что не обладай фильм этим статусом, то я бы воспринимал его иначе. Не знаю точно, как, но явно по-другому.  Впрочем, об этом я уже даже и не узнаю. Но, фильм уже сделал свое дело - я получил удовольствие от просмотра, окунулся в совокупную атмосферу старого Голливуда и Мексики эпохи золотой лихорадки. Подивился красоте операторской работы и всему тому, чего нынче уже «так редко делают». Можно еще, конечно, в качестве доказательства привести целую кучу наград, премий и всего остального. Но поверьте - если вы любите хорошие и интересные фильмы, любите то самое, что лучше всего описывается словосочетанием «теплый и ламповый» - не пропустите этот фильм. Просто попробуйте его посмотреть. Дайте так сказать, шанс классике."
