rating,title,text
"6,0",Риддик 2013,"И так среднебюджетный фантастический хоррор-боевик «Черная дыра» был одним из «внезапных хитов» 2000 года. Картина двукратно окупила расходы инвесторов, сделала Вина Дизеля экшен-звездой и вдохновила студию Universal вложиться в масштабную космическую сагу о герое Дизеля «Хроники Риддика». Новая лента, однако, хитом не стала, и в дальнейшем Риддик появлялся лишь в видеоиграх. Затем Вин Дизель как актер и продюсер возродил увядающий киноцикл «Форсаж» и использовал свое свежеобретенное влияние, чтобы создать третий фильм о видящем в темноте безжалостном, но справедливом преступнике. В отличие от «Хроник», «Риддик» снят со скромным 40-миллионным бюджетом, и это жесткая постановка с рейтингом R, а не «мягкая» лента с рейтингом PG-13. Привет, умеренная обнаженка (поклонники телезвезды Кэти Сэкхофф, можете раскатывать губы) и кровавые убийства!

Фактически «Риддик» – это три фильма. Картина начинается как космическая робинзонада, в которой заглавный герой обживается на незнакомой планете, врукопашную сражается с ее монстрами и даже заводит «собаку». Затем в действии появляются наемники, и лента превращается в слэшер, где Риддик ведет с охотниками за головами психологические игры и убивает их одного за другим, пытаясь добраться до запертых в сейфе силовых блоков – ключей зажигания космических кораблей. Наконец, финал «Риддика» – это подражание «Чужим» и «Черной дыре», в котором главной герой и выжившие наемники объединяют усилия, чтобы отбиться от наводнивших планету ядовитых скорпионоподобных монстров (эти чудовища живут в грязи и выходят на поверхность лишь во время сезона дождей) и улететь к цивилизованным мирам.

Сюжетное разнообразие ленты и ее атмосфера мрачного космического приключения могли бы сделать «Риддика» безусловным хитом, если бы над лентой работал более талантливый человек, чем режиссер и сценарист Дэвид Туи. К сожалению, автор, начавший карьеру со сценариев «Зубастиков 2» и «Чернокнижника», всегда был второсортным голливудцем, способным выстроить занимательное повествование, но не способным превратить его в жанровый шедевр. 

В «Риддике» это хорошо видно. С одной стороны – удачные сценарные идеи, харизма звезд и впечатляющая мужественность главного героя, который делает себе операции без наркоза, превращает едва знакомую планету в гигантскую ловушку и не теряет самообладания, даже когда ему пытаются отрубить голову. С другой стороны – не всегда убедительные компьютерные эффекты, недостаточно колоритные второстепенные персонажи, банальные реплики вместо ярких фразочек, слабая постановка некоторых поединков, отсутствие финального эпического боя в духе сражения с Королевой в «Чужих»… И размеренное, порой даже умиротворенное действие вместо постоянного нагнетания напряжения, которого требуют законы жанра.

Последнее особенно прискорбно, потому что драйв мог бы скрыть многие оплошности «Риддика». По крайней мере, во время первого просмотра, когда у зрителей складывается мнение о картине. Туи же позволяет публике вглядываться и вдумываться в происходящее на экране, и фильм от этого проигрывает. Особенно на фоне более напряженной «Черной дыры», успех которой постановщик и продюсер пытались повторить. Впрочем, поклонникам космической фантастики в наши дни выбирать не приходится. Так что если жанр вас интересует, посмотреть картину стоит. Главное – не надейтесь на многое. Чем меньше вы будете ждать от ленты, тем больше удовольствия вы получите."
"7,0",Риддик 2013,"После ""Хронников Риддика"" сразу возникли вопросы по поводу продолжения. Интригующий финал вызвал кучу догадок. Но проект не возобновлялся, и всё само собой улеглось. ""Риддик"" же словно глоток свежего воздуха от кинематографа понравился и пришелся по вкусу. Дабы пробудить ностальгию.

События сюжета бросают героя (а, соответственно, и зрителя) на пустынную планету, где он пытается выжить в одиночку. Это обстоятельство слегка запутало меня, но вскоре флешбэки спасли положение. И тут сразу можно опустить вторую часть франшизы, а следить за историей сразу после ""Чёрной дыры"". Что таить, и сюжет схож, и события зависят от первой части, и герои, связанные также с дебютом Риддика. Огромный плюс в качестве съёмки и в красках. Несмотря на узкий, мало масштабный проект, фильм смотрится на одном дыхании. Я ловил каждое действие и каждый монолог. Добротно и качественно. Про остальные схожие детали первой и третьей части уточнять не имеет смысла. Также порадовали обитатели планеты, хорошо преподнесены и проявлены в лучших качествах. Самому Риддику веришь беспрекословно. Ведь скучал по нему. Хех... И все его действия вызывали восторг. Да, я уже знаю, что от него ожидать, но это делает просмотр еще более увлекательным. Здорово. Единственный существенный для меня минус - хронометраж. Картина вроде и идет 2 часа, но время это проносится незаметно. После экшена только настроился на дальнейшие действия, как картина заканчивается. ""Что ? Почему так мало ? Ещё хочу ! Нужно больше Риддика !"" - вот в целом и все эмоции. 
Вин Дизель крут и эпичен. Многие говорят, что он живет пока только на ""Форсажах"", да и актуальный сейчас ""Последний охотник на ведьм"" получил мало положительных отзывов, но ""Риддик"" сохранил положение Дизеля на высшем уровне.

В итоге отличный триллерный боевик, который не даст вам приуныть. Не только для поклонников, а вообще для всех зрителей. Приятного просмотра !!!"
"10,0",Риддик 2013,"Первый раз глянул это продолжение (Предыдущие части все смотрел) и мне очень понравилось. И я очень надеюсь, что будет следующая часть. Ибо у Риддика осталось ещё куча дел. А что по фильму, да он темноват но в меру, музыка и спец эффекты как всегда супер. Смотрите сами, а то если рассказать о фильме уже не интересно. Главное суть  Риддика не изменилась: &quot;Выживание &quot; но лучше гляньте сами. Приятного просмотра. 

PS: Рекомендую смотреть фильм в хорошем качестве."
"8,0",Риддик 2013,"Третий в серии фильмов о космическом преступнике «Риддик».Главный герой в поисках &quot;Фурии&quot; отправляется на необитаемую планету,  где его предают. В связи с тем что он остается один на один со смертью, пытается приспособиться и выбраться из данной ситуации. 
Данный фильм очень пропитан темными красками , много прорисованной графики,спец эффектов , четко поставлен текст , перевод на русский язык шикарный. Оценивая данный сюжет и в целом картину я оцениваю на 8 баллов из 10 , и то что купил и посмотрел фильм не сожалею."
