rating,title,text
"10,0",Звездные войны: Эпизод 4 – Новая надежда 1977,"Once upon a time in a galaxy far far away.
В далёком 1977 году Лукас дал начало великолепной саге, имя которой «Звёздные войны». Спустя 35 лет интерес к ней так не исчез. Так в чём секрет успеха?

Секрет в том, что «Звёздные войны» — идеальная космическая опера, которая базируется не только на стремлении рассказать о космических кораблях, инопланетных цивилизациях, технологиях и межзвёздных путешествиях, но и о вещах вечных, таких как любовь, политика, человеческая жизнь и свобода, отношения между родственниками и поколениями, противостояние добра и зла.

Трудно переоценить роль, которую «Звёздные войны» сыграли для мирового кинематографа и для культуры в целом. Собрав в себе аллюзии на обширное количество современной и даже античной литературы, подведя итог многочисленным космическим операм, столь популярным в то время, эпизод «Новая надежда» сам по себе стал неисчерпаемым источником аллюзий и объектом цитирования. Практически каждый третий голливудский фильм, вне зависимости от жанра, содержит упоминание о нём.

Многих людей связала эта легендарная трилогия. У некоторых появилась традиция пересматривать старые эпизоды раз в несколько лет. Кто-то даже пишет «Джедаизм» в графе «вероисповедание», когда заполняет анкету. Новые поколения с огромным удовольствием знакомятся с этой удивительной сагой, и их не отпугивают устаревающие спецэффекты. Интернет завален материалами так или иначе связанными с франшизой, которую для нас придумал Лукас. И эти материалы продолжают появляться.

Конечно, спустя 40 лет фильм выглядит уже не так свежо, но в нём есть непреходящие элементы, которые заставляют зрителей буквально прилипать к экрану и любить этот фильм, несмотря на обилие других современных, технологически совершенных картин. В «Новой надежде» есть живая игра актёров, есть увлекательный сюжет, есть неподдельное обаяние и прелесть. Благодаря многим вещам «Звёздные войны» приобрели свой неповторимый шарм. Это знаменитые жёлтые буквы, убегающие вдаль, это потрясающая музыка, световые мечи, невероятный симбиоз мистического и фантастического. Это целая проработанная вдоль и поперёк Галактика, так похожая и одновременно не похожая на наш Млечный Путь, и история на целых двадцать тысяч лет.

«Новая надежда» — классика, по праву завоевавшая 7 премий Оскар и любовь фанатов по всему миру. Обязательно смотрите «Новую надежду», чтобы знать, с чего начиналась легенда."
"10,0",Звездные войны: Эпизод 4 – Новая надежда 1977,"Вот и минуло то время, когда я с упоением пересматривал трилогию-приквел моё знакомство с миром фантастической космооперы началось с того что я узрел становление Дарта Вейдера и вот наконец на этой неделе начал знакомство с классической трилогией зачинателем, посмотрев фильм я имел возможность лицезреть начало главной франшизы кинофантастики. Как только этот фильм ни называют: «первый блокбастер», «начало самой кассовой киносаги в мире», «лучшая картина в истории кинематографа»… Лукас долго толкал идею этого фильма и многие боссы думали что такое никто смотреть не будет, только лишь его хороший друг — маститый Стивен Спилберг увидел в этом стоящую вещь. Есть история что за день до премьеры «ЗВ» Спилберг и Лукас на пляже построили замок из песка, когда узнали что все билеты проданы построили ещё один. Если приливом замки смоет, то фильм в прокате провалиться, если нет — то всё пойдёт нормально…

Ныне же франшиза перешла порог в семь эпизодов и до сих пор остаётся увлекательнейшим зрелищем, отличающейся всё же проработанной мифологией и сильной историей, этаким «Средиземьем в космосе». Прекрасный новый мир, придуманный «с нуля», крепкий в деталях и не похожий на другие. Разнообразие планет сравнимо лишь с изобилием инопланетян. Сочетание оркестровой музыки с холодными тонами космических сцен можно было бы назвать заимствованием из Кубрика, однако у Лукаса космос похож на головокружительный аттракцион: камера не стоит на месте, а в кадре постоянно что-то летает и взрывается. Сюжет состоит из классических штампов: «юный рыцарь», «мудрый учитель», «хороший и плохой контрабандист», «спасение принцессы», «уничтожение Оплота Зла». Многие из них идут ещё со сказочных времён, а некоторые действительно стали таковыми только после появления в «Звёздных войнах», но грамотное их использование создаёт новый эталон романтико-футуристической истории, где высокие технологии содействуют с магией (Силой), высокие идеалы защищают с мечом в руке, а Добро одерживает победу над Злом решительно и эффективно. При этом активно раздвигаются границы жанра космической оперы.

Справедливости ради следует вспомнить такой исторический факт что критики в своё время ругали фильм за «ходульность» персонажей, мол они использовали красивую риторику для того, чтобы казаться «выше» при недостатке эмоциональной, жизненной игры. Действительно, основная изюминка этого фильма — не парад актерских талантов, а увлекательная приключенческая история, неотличимая от реальности благодаря передовым спецэффектам. Также еще стоит отметить что так случилось что у фильма есть три варианта дубляжа, поскольку фильм претерпел три редакции. Многое было подправлено и исправлено, например в одной из сцен где Хан Соло взаимодействует с Джаббой сцена шла двадцать лет, потому что в 1977-ом Джаббу не смогли дорисовать из-за нехватки времени и средств. В итоге дошла она только в 2007-ом и это при условии что я обладаю правильной информацией. Из всех маленьких мизансцен фильма запомнился тот эпизод, когда один из имперских штурмовиков ударился о косяк двери, этот момент меня изрядно позабавил.

Актерская игра сильная. Отмечу молодого Марка Хэмилла, воссоздавшего на экране образ Люка Скайуокера — юного жителя Татуина, который волею судьба оказался предназначен для великого дела — становления своего как Рыцаря-Джедая. Юный, пылкий, романтичная натура, всё в его образе кажется таким лёгким, почти воздушным, потому что это только начало его пути и он как Новая Надежда на избавление от гнёта Империи. Учителем его стал Оби-ван Кеноби или просто Бен. Легендарная, почти мифическая личность. Никто уже не помнит о том времени когда существовала Республика и орден Джедаев почти забыт. Дарт Вейдер и Оби-ван последние его представители. Схватка между ними получилась сильной и это было столкновение характеров. Мне довелось посмотреть фильм в последней редакции, дубляж 2010-ого года, когда Вейдера озвучивал Владимир Антоник, Хана Соло — Денис Беспалый, а Принцессу Лею — Марианна Шульц. Кэри Фишер справилась со своей задачей, запомнилась.

В качестве итога: Несмотря на некоторые киноляпы, пока что сырые но уже тогда неплохо выглядевшие спецэффекты, фильм до сих пор остается эталоном космической оперы. Каждое поколение может сказать своё слово об этом кино. В котором цепляющая атмосфера космической сказки сочетается с крупными космическими авантюрами и Высокими Рассуждениями о природе Силы, в которых можно найти смысл, если задуматься. Мне фильм понравился, в своём жанре пожалуй корифей, получивший в своё время семь Оскаров, большая часть в технических номинациях. Отличное кино, к просмотру порекомендую. Дальше пойдем осваивать Империю, наносящую ответный удар. Всем приятного просмотра!"
"7,0",Звездные войны: Эпизод 4 – Новая надежда 1977,"Почти через 40 лет после выхода фильма, я все таки его посмотрел. Учитывая каким культурным феноменом стали ""Звездные войны"" для мира, как-то не особо хотелось все это лицезреть, хотя героев знают даже те, кто никогда не видел ни одну часть франшизы. 

Но мои впечатления оказались очень хорошими от просмотра картины. Как-будто сказку какую-то посмотрел, даже голливудским блокбастером это не назовешь. Тем не менее компьютерная графика довольно хороша, чего вообще не ожидаешь от фильма тех лет. И где же еще встретишь вместе таких молодых Марка Хэмилла и Харрисона Форда, только здесь, и в последующих частях. Единственное, что смутило, так это сражения на световых мечах, но думаю для первого такого эксперимента, результат оказался неплохим.

Очень много необычных существ, Джорж Лукас смог создать вселенную, в которой хочется побывать самому. Очень много запоминающихся персонажей, особенно дроиды C-3PO и R2-D2, которые все внимание отвлекают на себя, со своим юмором.

Посмотрел одну часть, теперь хочу посмотреть и следующие. Начинаю понимать фанатов, данная франшиза очень сильно к себе притягивает. Теперь я тоже советую всем посмотреть ""Звездные войны""."
