rating,title,text
"8,0",Тор 2: Царство тьмы 2013,"Вышедшего четырегода назад «Тора» Кеннета Брэны не пнул только ленивый – мол, и с сюжетом беда, и герои получились по-комиксовски плоскими, и декорации компьютерного Асгарда сыграли лучше самого Энтони Хопкинса. Критика не была лишена основания, Marvel провела замену постановщика и представила на суд зрителей обновленного Бога Грома. Зрителям не остается ничего иного, как признать, что выводы были сделаны правильные, работа над ошибками проведена блестяще, а Тор превратился в полноценного Супергероя. Если к чему-то в картине предъявлять претензии, то, пожалуй, лишь к сюжету. Однако рубить с плеча не спешите – к Тору, при всех прочих, должно быть определенное снисхождение. Это не совсем обычный комикс-герой. Если остальные Мстители так или иначе вписаны в современный мир людей, то Тор вырван из привычной нам жизни не только пространственно, но и во времени – его место среди викингов и скандинавских божеств с их огромными тяжелыми мечами и устрашающими доспехами. С сюжетом об отношениях близких людей, пусть и прячущихся за масками и плащами, к нему подойти непросто, а потому, как и в первом фильме, на передний план выходят внутрисемейные отношения Тора, Локи, Одина и Фригги. Особенно здесь не разбежишься, да авторы и не пытаются – полубоги снова выясняют отношения внутри семьи, а грозящий при этом конец света… Ну, мало ли на веку Одина их было и еще будет… Справятся, что бы там ни грозило. В отсутствие сложного сюжета на витрину картины приходится выводить размах – и вот в этом «Тор 2» уже может тягаться с самими «Мстителями».

Недостатков в охах и ахах перед 3D-картинкой у зрителей не будет – миров, где побывают герои, стало еще больше, путешествия между ними к финалу превращаются в захватывающий калейдоскоп со многими неизвестными. «Тор 2» вообще стал более стремительным – в Асгарде образовался и космический флот, и огнестрельное оружие, и свои секреты, делающие его не просто городом на облаке, а полноценной боевой крепостью. Отдавая сиквел в руки Алана Тейлора, Marvel, безусловно, рисковала. За плечами режиссера хоть и имеются мощные работы вроде «Игры престолов», «Подпольной империи» или «Рима», но все это постановки телевизионные, не без стиля и шика, но довольно умеренные. В «Торе 2» Тейлор наконец-то смог воплотить свои мечты с грандиозным размахом, не забывая при этом отблагодарить своих учителей – зритель с фантазией разглядит в фильме реверансы в сторону «Хищника» и «Птиц», «Стартрека» и «Терминатора 2». А «Звездные войны» так просто будто в Асгарде и «снимались». Но при всем этом ворохе «респектов» «Тор» не перегружен, наоборот, он будто сбросил слой тяжелых доспехов и двигается с легкостью и изяществом. Легкость эта особенно стала заметна в игре актеров. Крису Хемсворту больше не нужно строить из себя сурового северянина, он дышит полной грудью и с удовольствием использует свое обаяние. 

Том Хиддлстон в свой третий фильм входит уже настоящей звездой, а оттого раскрывается еще ярче. Шире диапазон стал и у Натали Портман, актриса ее уровня заслуживала большего, чем предоставляла ей роль в первом фильме. К радости поклонников, Кэт Дэннингс развернулась в сиквеле на полную катушку. С этим подъемом среди ведущих актеров и второй план заиграл с утроенной силой. Все эти совместные усилия не просто превознесли Тора, слегка потерявшегося за внушительными персональными картинами других Мстителей, они вывели «Царство тьмы» на уровень, сравнимый с первым «Железным человеком». В нем появилось все то, что необходимо современной комикс-экрнизации: много экшена, много юмора, много самоиронии, любовь, взрывы, еще раз взрывы, спасение мира и яркие герои, имена которых запомнятся даже тем, кто не отличает Зеленого Фонаря от Красного Сапфира. Немаловажно и то, что «Тор 2» прекрасно вписался в мифологию киновселенной Marvel – пересечения героев, отсылки к предыдущим и будущим историям делают из просмотра этих картин своего рода игру, где можно ожидать появления на экране любого из других героев команды Мстителей."
"8,0",Тор 2: Царство тьмы 2013,"Восьмой фильм линейки MARVEL. 

Прошу вашему вниманию, самый лучший фильм любимой мною студии, который я пересматривал, и буду пересматривать много-много раз. И ведь чем-то картина смогла зацепить, да настолько крепко, что и сам того не ожидаешь. 

Вкратце сюжет. 
Эфир высвободился и Малекит - король темных эльфов проснулся от вечного сна, чтобы погрузить все девять миров во мрак. Джейн Фостер, возлюбленная главного героя, становится невольным носителем Эфира - силы, способной сокрушать миры и Тор должен ей помочь. Тем временем Локи находится в тюрьме Асгарда, после событий фильма ""Мстители"", за все его плохие деяния. Братьям придется объединиться, чтобы спасти девушку главного героя, и все миры от погибели. 

В этот раз действие происходит в основном в Асгарде и его виды завораживают. Авторы показали очень много новых локаций оттуда, и все больше и больше хочется побыть там лично. Операторская работа получилась на 100%, спасибо Крамеру Моргенто. Так же не могу не похвалить Брайана Тайлера, именно он писал музыку к данному фильму, и она пробирала до мурашек. Отличный сценарий и мощная актерская игра сделали свое дело, все получилось как нельзя лучше. 

Крис Хэмсворт и Натали Портман не оставляют к своим персонажам ни одного вопроса, очень приятно смотреть на развитие их отношений. Том Хиддлстон, как всегда на вершине пьедестала. Нельзя не отметить, что Локи вызывает больше симпатии и интереса, нежели Тор. Как раз с героем Хиддлстона было много забавных моментов, из-за чего к этому персонажу зритель притирается. Кристофер Экклстон, звезда ""Доктора Кто"", сыграл короля темных эльфов Малекита, и для этого ему пришлось выучить придуманный сценаристами язык. Очень опасный и жестокий противник, но что только не сделаешь, чтобы запомниться зрителю. Идрис Эльба показал во всей красе боевые навыки своего персонажа Хэймдалла, а также мы видим, насколько важна его должность смотрителя всех девяти миров. Что касается земных обитателей, то ученый Эрик Селвиг, разум которого в ""Мстителях"" захватил Локи, все еще пытается отойти от того, что в нем ""хозяйничал Бог"", и Стеллан Скарсгард смог придать своему персонажу нужную долю комичности. Великолепная Кэт Деннингс была просто генератором забавных предложений. Любой комментарий, из уст ее героини Дарси, вызывал улыбку, такой MARVELовский юмор очень хорошо разбавляет атмосферу. И напоследок хочется отметить финальную схватку сквозь миры, которая получилась очень интересной. 

Так что, друзья, фильм определенно нужно смотреть, и не только из-за того, что тут заходит речь о камнях бесконечности, которые в последующих фильмах будут иметь очень большое значение. А также потому, что это отличный блокбастер, который подходит для всех возрастов, и будет всем одинаково интересен. Чтобы вы понимали насколько, приведу пример: в кинотеатрах в конце фильма зрители аплодировали, что очень редко можно встретить в нашей стране на обычном сеансе, а не премьере или спецпоказе."
