rating,title,text
"10,0",Донни Дарко 2001,"Общее впечатление: Данное кино я смотрела лет в 14-15, почти ничего не помню. В памяти отпечатался странный Джейк, ужасный огромный кролик и непонятный сюжет. И вот на днях пересмотрев, я в диком восторге! Хочется делиться и говорить об этом фильме как можно больше, но вот беда, такое кино не всякому по вкусу) Но я так люблю странности, что для меня такая лента автоматом становится любимой. В ней идеально все!

Безумно понравилось сюжетное решение, временные петли закольцовывают фильм деталями, делают упор в фантастику, но привнося детектив с нотками триллера. Все 2 часа смотрятся на одном дыхании, уводя в мир странностей и аллюзий. Как глубока эта нора?

Невозможно описать что происходит в фильме, как и что с чем связано, потому что все что я скажу — это раскрытие сюжета. Это многослойный торт из добротных диалогов, цитат, а вишенкой на торте является содержательный финал, раскрывая нам весь тайный замысел и очерчивая границы всех размышлений в хронометраже, расставляя все по местам. Все детали, которые так умело разбросаны по фильму наводят на раздумья, а в дальнейшем, в последующей части фильма сюжет делиться на главы, рассказывая в кратце что же ждет героя! Невероятно интересно!

Что удивительно, в купе с разнонаправленностью жанров отлично вплетена драма, кино будит эмоции, от чего рассматривая сюжет поближе, натыкаешься на необычные повороты, это очень хорошее сценарное решение!

Радует Джейк Джилленхол, своей сумасшедшей улыбкой он привносит еще больше странности своему герою — Донни Дарко. Но вот какая штука, чем ближе и дальше я узнаю героя, тем сильнее мне он импонирует. Пусть он не такой как все, зато мысли и рассуждения верны.

К слову, вместе с Джейком сыграла его же родная сестра Мэгги, в фильме она так же его сестра) Кого-то выделить и поставить на одну полку с Джейком не могу, но и выбросить из сюжета не выходит. Все смотрелись как надо, хорошо отыгрывая свои роли.

Жизнь — одна длинная безумная поездка. Некоторые люди просто имеют лучшие направления. Так можно ли изменить то, что предначертано? Рекомендую!"
"9,0",Донни Дарко 2001,"Бывают фильмы, которые изначально получают признание критиков и зрителей и обретают статус классики; бывают финансово успешные картины, которые не считаются значимыми, но в свое время принесли создателям солидную прибыль; и бывают фильмы, изначально не вызвавшие энтузиазма у критиков и не собравшие кассу, но со временем обретавшие культовый статус. «Донни Дарко» относится к третьей категории. На фестивале независимого кино «Санденс» фильм не получил никаких призов, да и шума не снискал (победивший тогда фильм «Фанатик» при этом, наверное, сейчас в основном вспоминают любители Гослинга и зрители ММКФ). В успешный прокат картины также никто не верил, и первоначально ее хотели выпустить сразу на видео. Потом все же компания Дрю Бэрримор, которая исполнила в фильме второстепенную, но очень яркую роль, отважилась выпустить его в ограниченный прокат, но рекламную кампанию решили не проводить, поскольку за месяц до выпуска случилось 11 сентября (в фильме, напомню, авиакатастрофа - один из центральных сюжетных эпизодов). В итоге картина собрала в Америке чуть больше полумиллиона долларов, т.е. чуть больше 1/9 доли от всего бюджета. Казалось бы, после такого провала место «Донни Дарко» было на полке давно забытых вещей, но его, к счастью, как и заглавного героя, ждала совсем другая судьба.

Внезапно «Донни Дарко» обрёл довольно мощную и преданную фан-базу. Фильм стал таким хитом на DVD, что нью-йоркский кинотеатр «Пионер» в срочном порядке организовал специальные полуночные сеансы (время также играет ключевую роль в сюжете), которые непрерывно шли 28 месяцев. Сарафанное радио позволило продать более 300 тысяч билетов в Великобритании, а  журнал «Эмпайр» в 2012 году включил фильм в списки 50 лучших независимых фильмов (поместив сразу на 2 позицию) и 500 лучших фильмов всех времён (63 позиция). Каким же образом независимая картина без большого бюджета и с очень запутанным сюжетом, пусть и с парой (на тот момент) известных актеров на вторых ролях, смогла завоевать свой культовый статус?

Дело в том, что 26-летний Ричард Келли нашёл ключик к сердцам своих ровесников и в принципе всех, кто ностальгирует по американским глубинкам 80-х. Режиссёр и сценарист одним из первых  (задолго до создателей «Stranger Things», «Оно» и «Супер 8») вспомнил про необыкновенную кинематографичность США той эпохи, скрупулёзно воссоздавая на экране атмосферу этого времени. Камера в одной из первых сцен долго гуляет по школе под синтезаторные проигрыши «Tear for Fears», в том как герои фильма смотрят в кино «Зловещих мертвецов» и по телевизору VHS с нелепыми кадрами героя Патрика Суэйзи (одна из последних его ярких работ), обсуждают «Женатых с детьми» и сыплют цитатами из «Назад в будущее». Учитывая, что для постперестроечной России все вышеперечисленное тоже далеко не пустые звуки, «Донни Дарко» оказался близок и нашей аудитории. Кроме того, фильм сочетает в себе множество жанров (от подростковой мелодрамы до хоррора, недаром же костюм жуткого кролика из видений Донни разошёлся в массовом культуре на визуальные цитаты), а количеству загадок и отсылок ко всему, что можно только придумать (Библия, литература, лингвистика, Стивен Хокинг), могут и сами «Lost» с «Твин Пиксом» позавидовать. 

«Донни Дарко» сложно понять рассудком, но легко принять сердцем, потому что так или иначе многие проблемы заглавного героя нам знакомы и близки. Для Джейка Джилленхола эта роль стал лишь промежуточным этапом и так очень успешной карьеры, а вот для его сестры Мэгги и в особенности для 16-летней Джени Мэлоун фильм стал мощным трамплином в большое кино. К сожалению, сам же Ричард Келли успех так закрепить и не смог. После двух провальных фильмов, последовавших за «Донни Дарко», он ушёл с горизонтов и пока не объявлял о своих дальнейших планах. Ходят слухи, что он корпит над продолжением своего дебюта и не признает официальный сиквел, вышедший сразу на видео в 2009 году (более того, он его даже не смотрел). Что ж, посмотрим, может у него и получиться войти в одну реку дважды. В конце концов, как говорил сам Дарко в фильме, «разрушение - есть форма творения», и череда провалов режиссера необходима для создания чего-то великого и достойного его имени культа."
