rating,title,text
"7,0",Гринч – похититель Рождества 2000,"Несмотря на то, что в России история про зеленого «монстра» (язык не поворачивается его так назвать), по имени Гринч не столь популярна как на западе, многие его знают и из года в год любят пересматривать. Не секрет, что популярным этот герой стал благодаря потрясающей игре Джима Керри.

Отличный комик, вместе с этим, и актер подарил поклонникам не мало незабываемых образов: Эйс Вентура, Маска, Брюс Всемогущий, ну и конечно же Гринч. Джим с его неподражаемой мимикой и искромётным талантом сумел взглянуть на образ противного монстра по-новому, с его юмористической стороны и по-настоящему повеселиться. Его забавные кривляния, ужимки и баловство переносят в детство, заставляет забавно по улыбаться и от части подыграть. Несмотря на то, что это антигерой, вовремя просмотра невольно просыпается любовь и сочувствие к этому персонажу, что несомненно исключительно благодаря неподражаемой игре и подачи актера.

О сюжете все просто. Сказа о добрых жителях сказочного городка, которые любят праздник Рождества, а Гринч в обиду за прошлое решает проучить их и портит праздник. Забавная и милая сказка, которая учит доброте, искренности и пониманию. Оставляет после себя только положительные эмоции и желание пересматривать его снова и снова, каждый год. Хорошее семейное кино, которое обязательно должно войти в традицию для просмотра в тесном и уютном кругу близких, в то время, когда за окном идет снег.

Не забудьте заварить себе вкусный чай и укрыться пледом, а настроение за вас сделает это милая и добрая сказка.

Приятного просмотра!"
"7,0",Гринч – похититель Рождества 2000,"Пока ещё не вышел ремейк 2018 года с Бенедиктом Камбербэтчем, где только озвучка и никакой актёрской игры, обратимся к классике похитителя Рождества 2000 года – Джима Керри. Оскар за «Лучший грим» забрал к себе в копилку фильм.

Эта история знакома многим с 1966 года, хотя у нас не так популярна, как в штатах. Но перенос на большой экран позволил насладиться новогодним настроением, так как картина после себя оставила тёплые чувства. На фоне детского настроения скрывается социальная драма, смотря вглубь сюжета можно увидеть неприятные для большинства моменты. Почему Гринч захотел испортить праздник? Ответ на этот вопрос приводит нас к детству главного героя.

Зелёный и волосатый персонаж вынужден терпеть насмешки сверстников, смириться со своей внешностью. Авторы просто сделали изгоя, приукрасив всё рождественским настроем. Но атмосфера праздника всё делает правильно: когда ты смотришь на чудоковатый город, укутанный снегом, на подготовку к празднику, на жителей, желающих всё успеть в последние дни, тогда негативная обстановка отходит. Гринч решил устроить незабываемый праздник, поэтому нас ожидает отличное приключение. Местами смущает чересчур уж детское повествование, закадровый голос произносит очевидные вещи, а герои тут же их выполняют. Но это ведь детская сказка… ага, детская с отбросом общества… ну, да ладно. Симпатии на стороне Гринча – это однозначно. Специально ввели флэшбеки, чтобы содеянное зелёненьким парнем не воспринималось плохо.

Предсказуемо и наивно финал подводит к тому клише, которым изобилуют новогодние проекты. Изменение взглядов, праздник с близкими людьми, любовь и гармония. Гринч – тоже живое существо, его сначала нужно понять, а уже потом делать вывод его поступкам.

Благодаря Джиму Керри образ такого странного и забавного персонажа остался в памяти навсегда, никакая графика не заменит харизмы.
Что же ещё посмотреть в предпраздничное время? «Гринч – похититель Рождества» один из приятных фильмов."
"9,0",Гринч – похититель Рождества 2000,"..Эта история в самих Штатах – история культовая! Гринч – культовый герой книг и мультфильмов, знакомый персонаж для детей с самого детства, как для нас – Волк и Заяц из «Ну и погоди!». Но для нас с вами – это персонаж не просто далекий, но совершенно новый и неизвестный. И раз уж если мы так часто смотрим американское киноискусство, то не считаться с его важными персонажами и героями нельзя! Гринча нужно знать в лицо, а уж любить или нет… решать, конечно, Вам…

..Хотя…  А можно ли не любить этого зеленого волосатого взъерошенного забавного персонажа?) А можно ли не любить этого героя, которого бесподобно отыграл с присущим ему «резиновым» стилем маэстро Джим Керри?) А можно ли не любить эту чудесную сказку, когда здесь, как и в любой другой самой обыкновенной и необыкновенной рождественской сказке, присутствует добро и зло, присутствует чудо и праздник, присутствует злой, но добрый персонаж, присутствует надежда, вера, смех, любовь.. и счастливый конец!) Наверное, эту сказку.. всё же, не любить, конечно же, нельзя!!!

Лично я влюбился в неё не сразу… Вызывал легкий скепсис вначале внешний вид сказочных кторградцев… Типичные американские кривляния от Гринча… И вообще некое отторжение скорее.. от типичной американской сказки, где, зачастую, красива мишура… да нет советской души, что как раньше… Но стоит познакомиться с Гринчем как лучше, познать его детство, его мотивы, его историю жизни – и вот мир уже окрашен совсем иными красками… И старый добрый Гринч не настолько плох и отвратителен как прежде… Тут, к слову, как и в жизни – оцениваем людей по одежке и манерам, но забываем про внутреннюю огранку, про душу и про причины… А ведь то что для нас лишь мимолетное, но вечное мнение о человеке, то для него, быть может, это вечное страдание потом…

..История про Гринча – сама эта сказка – как и все сказки планеты – это переиначивание нашей жизни на волшебный и невероятный манер, под которым вуалируются жизненные ситуации, наши эмоции, программируются действия и поступки, описываются жизненные вещи, которые с нами на каждом шагу… А история про Гринча – это история про отшельника, про молодого человека, про ребёнка, которого в силу тех или иных внешних причин: уродства, поведения, внешнего вида, случайностей, пакостей недругов – не признали в обществе, который «НЕ ТАКОЙ КАК ВСЕ». Только если во взрослом мире да при должном уме эту ситуацию можно с успехом отыграть себе в «плюс», то для маленького ребёнка непризнание сверстников – это сущая кара, это трагедия, это настоящий кошмар!,  скрыться от которого никуда нельзя, а если и можно, и если Вы кторградец – то скрыться и укрыться лишь на вершине горы!.. В одиночестве, в убогой обители, в злом расположении духа, зациклиться на самом себе и страдать… страдать… страдать…

Но сказка – к счастью для нас – это сказка! – тем и прекрасна, что всегда есть надежда на свет и на чудо! И это чудо – это крохотная Синди Лу! Которая своим горячим сердечком растопила лёд в сердце не только злюки Гринча, но и жителей всего Кторграда, разбив навеки ссоры и обиды между жителями городка и зелёным Гринчем! 

Только такое маленькое Чудо как Синди и её чистая, непорочная детская незатемненная любовь – смогли сделать на одного счастливого человечка в сказочной Снежинке и самом Кторграде… больше! И это Чудо – Синди Лу!..

..Синди – действительно чудо! Очень трудно не восторгаться красотой и улыбкой этой крохи, которая греет сердце и своей улыбкой дарит счастье и улыбку внутри… 

..Чудо – это так же Джим Керри! Который сквозь тонны зелёного грима нашёл идеальное и невычурное применение для своих талантов! Который как никто другой настоящий Гринч! Настоящий Умница! Настоящий сказочник! Настоящая находка для детей и их родителей! Бесценный комик и талант!..

..Чудо – это уметь рукотворно создавать голливудчанами вот такие сказочные фильмы… Без компьютера, своими руками, с невероятной фантазии атрибутикой, с такой праздничной и сказочной атмосферой, с таким красочным гримом, с такими волшебными и рождественскими декорациями! И всё это вживую!!! Это действительно ЧУДО!!!

..Чудо это не просто создать сказку про проказы Гринча и счастливый конец… Это умение расположить к себе историей: и стар и млад! Это когда получается проникнуть душой всех всех всех! Это когда твой труд не напрасен! Когда он трогает струны души! Когда он по-настоящему сказочен!!! Когда это действительно Рождество твоей души!!!!!!

…Но чуда… Не бывает много!.. Такого законы жизни…

…Но сейчас мы точно знаем, что ОЧЕНЬ МНОГО ЧУДА есть в Гринче, который однажды похитил Рождество!!!!!!... ОЧЕНЬ ОЧЕНЬ ОЧЕНЬ ОЧЕНЬ МНОГО ВЕСЁЛОГО ДОБРОГО ЧУД-ААААААА!!!!!!!!!!!!!!!!!! Так давайте его СМОТРЕТЬ!!!!..

..(Видимо за всё вот это, мои старые добрые одноклассники Тимур и Коля, так любили эту сказку, этого Гринча, и эту сказочную летящую Снежинку…)"
