rating,title,text
"10,0",Простые сложности 2009,"Замечательный фильм с неподражаемой Мерил Стрип. О том, что закон бумеранга несомненно работает, и все, что человек отдает, непременно вернется к нему. И о том, что мечты сбываются. Вот только нужно ли это в итоге, большой вопрос.

После 15 лет брака муж Джейн уходит к молодой любовнице. Для Джейн это настоящий удар – трое детей, да и чувства к мужу еще не остыли. Но жизнь продолжается, и женщина учится жить одна. Так проходит несколько лет. 

На выпускном сына Джейн оказывается в постели бывшего мужа, и страсть вспыхивает с новой силой. Коварный изменник вновь влюбляется в оставленную жену и готов вернуться к ней. Но хочет ли этого она? Ведь на горизонте маячит еще один поклонник – архитектор, разведенный и такой обаятельный.

Фильм удивительно светлый, добрый, легкий. Он пропитан любовью. Любовью Джейн к детям, своему делу, самой жизни. Неудивительно, что бывшего мужа все время тянет вернуться к ней. Даже жалко становится его иногда. Как мог потерять такое сокровище, польститься на проходящую молодость и красоту. Но у всех поступков есть свои последствия.
Всем, почитающим семейные ценности, очень рекомендую."
