rating,title,text
"10,0",Крестный отец 1972,"Это первый фильм, просмотренный мною, режиссер которого великий и могучий Френсис Форд Коппола, который свой последний фильм выпустил в этом году и называется он «Между» с Вэлом Килмером в главной роли, поскольку я не доберусь до этого фильма еще как минимум года два, то я решил начать свое знакомство с этим режиссером с его бессмертной трилогии под названием «Крестный отец». Этот фильм посмотрел по рекомендации пользователей КП и выражаю еще одну благодарность, которую возможно никто не воспримет, но чтобы хоть как-то это выразить я напишу эту рецензию.

Фильм охватывает период с 1945 по 1955 год, когда кончилась война и немцы проиграли, русские победили, американцы рады, союзники кайфуют. Вся страна поделена на сферы влияния пяти семей, список возглавляет семья Вито Корлеоне, которая держит больше половины Нью-Йорка. Фильм начинается со свадьбы дочери, в этот момент понимаешь, как хорошо порой вернутся в прошлое и посмотреть, как жили раньше люди, какие были порядки, как решали насущные проблемы, какое раньше было небо голубое, да вообще все раньше было по другому. Каждый раз, когда человек обращается к своему прошлому, он должен брать оттуда лишь лучшие моменты и воспоминания, какое событие больше всего запомнилось, то и воспроизводит, но дело в том, что порой нам запоминаются только самые плохие вещи и самые садистские действия остаются в нашей памяти, отсюда и появляется кровавость с чернухой, которой, к сожалению, на данное время меньше не стало. Не каждый сможет сейчас с достоверностью воспроизвести события происходившие более тридцати лет назад. Эпоха тридцатых-сороковых-пятидестях это та эпоха, которую труднее всего передавать в фильме, ведь надо досконально изучить взаимоотношение людей того времени, суметь передать дух и атмосферу того времени, когда шло время великих перемен и семьи разделились на два лагеря, кто-то был за проникновение перемен в жизнь, а кто-то был за сохранение старого порядка и устройства страны. На этой почве начинались войны и одна из таких войн чуть не наступила по событиям фильма.

Когда я смотрел фильм, то испытывал трепет перед создателями этого фильма, ведь сюжет на данный момент стар как мир и поначалу кажется совсем уж скучным, но ближе к концу, когда главные ружья начинают выстреливать а Вито Корлеоне, на которого не так давно было совершено покушение, предлагает всем семьям мир, чтобы не допустить никаких разногласий, которые могли бы привести к войне. Сюжет здесь настолько закручен и непредсказуем, что кажется просто невероятным, когда спустя три часа глядишь на часы и понимаешь, что ты уже опоздал в школу и по экрану медленно ползут титры, ты не можешь отделаться от мысли, что месть- блюдо, которое нужно подавать холодным и каждый член семьи достоин хотя бы уважения, потому что семья- наиважнейшая вещь, которая есть на этой земле. Некоторые вещи здесь заставляют зажмуриваться, а некоторые все еще вселяют ужас, но в целом это фильм о семье, о предательстве, о чести семьи и разумной мудрости. Как уже не раз замечали в фильме привлекает все: от самого начала и до конца, каждый шаг, каждое дело, хоть наркотики, хоть решение убрать человека, хоть побор платы за «крышу» предприятия, все привлекает и каждый раз думаешь, почему раньше ты ничего не знал об этом фильме кроме одноименных компьютерных игр, в которые и то не играл. Жестокость Майкла здесь оправдана, потому что его лишили семьи и это не могло остаться без последствий для тех, кто это сделал и в итоге каждому воздается согласно его заслугам.

Фильмы, как вино, чем больше выдержка, тем лучше потом воспринимается фильм и есть с чем сравнивать. Философских проблем вроде спасения своей бренной души здесь вроде бы немного, но перед каждым убийством ты понимаешь, что вот очередная душа готова лишится тела и отправится в свободное бестелесное плавание в небытие, ибо душа вечна, а заслуги человека определяют его место на небесах. Если посмотреть на всех героев этого фильма, то можно сказать, что душа каждого из них может попасть на небеса, если в каждом поступке искать положительные стороны, и чем больше мы их найдем, тем проще нам будет смотреть на убийства в этом фильме. Фильм стал классикой и хотя бы один раз он этот фильм посмотреть обязан, потому что невольно начинаешь задумываться над тем, что и бандиты и законники в то время были на порядок лучше нынешних, в то время не было ярко выраженных форм коррупции, в то время не было алчных до денег полицейских, в то время все основывалось на чести, понятии, которое ныне позабыто, даже воровские понятия и то будут ближе к чести, чем то, что творится сейчас вне колючей проволоки. Мы неопытны и такие фильмы созданы для того, чтобы восполнить этот пробел и Фрэнсису Форду Копполе удалось это сделать, это больше чем классика, это вечный фильм о бедах будущего (уже нашего) времени.

Актерская игра великолепна, все слитки актерского общества участвуют здесь. Великолепно сыграл Марлон Брандо, думаю что образ Вито Карлеоне, который уже стал нарицательным, прославил его в актерских кругах, Аль Пачино тоже молодец, оба этих образа так естественны и правдоподобны, что лучше наверное уже никто не сделает, классику не переиграешь, сколько бы подражателей не было, лишь оригинал надолго заседает в память.

Итог: «Крестный Отец»- фильм шедевр, фильм который занял чертову дюжину в топе-250, великолепный фильм, который станет одним из моих любимых, и если я вновь захочу растянуть просмотр на пару недель, то смело буду смотреть эту картину, потому что этот фильм снял дядя Николаса Кейджа и великий режиссер Фрэнсис Форд Коппола, эпохальный фильм, раскрывающий полностью гений своего создателя."
"8,0",Крестный отец 1972,"Удивительно, но долгое время у меня этот фильм не шел. Я честно начинал его смотреть, изучал, но почему-то он не «цеплял», не умудрялся чем-то взять. Но блин, это же пласт культуры. Это же обязательный пример во всех учебниках по кинематографу. Это же… Блин, это примерно как сказать на уроке литературы, что ты не читал Толстого и не собираешься его читать. И я чувствовал себя именно так – один из столпов и мною даже не просмотрен. Я пытался несколько раз его изучить с начала и до конца. Самое далекое, до какого момента я досматривал, это была встреча капо и разговор о наркотиках. Но я себя продолжал убеждать и пытаться. Я говорил себе, что надо собраться, поймать настроение. Ну, я и поймал. И посмотрел. Все три часа за один присест. 

И надо сказать, что остался немного ошарашен своими ощущениями. Да, я заметил все те детали, о которых говорили в умных книгах по кинематографии. Все эти образы, сцены, которые выделяли, использовали, пародировали. Фразы, ушедшие в народ. Это все было, и я все это увидел. Но вот каких-то ощущений в стиле «боже, да это же шедевр, это же 10 из 10». Вот такого не было. Этот фильм показался мне достаточно крепким, достаточно серьезным. Марлон Брандо в образе Вито Карлеоне – просто божественен. Этот голос, эти неторопливые движения – он действительно выглядит внушительно, опасно, но при этом оставаясь достаточно безобидным на вид. Он никак не угрожает, никак не выявляет агрессии, не показывает своих чувств. Но от одного его слова может стать очень страшно. Вступительные сцены с «приемом прошений» прекрасно демонстрируют эту его сторону, то, каким тоном он говорит о «ты никогда не хотел стать моим другом». 

Здесь чувствуется дух и атмосфера того времени. Я не читал книгу, но теперь прочту обязательно. Просто чтобы узнать побольше, понять, что же еще не включили в этот фильм (все говорят, что в книге было гораздо интереснее и больше важных подробностей). Найти все те детали, которые могли бы раскрыть героев больше. Ведь герои здесь тоже очень даже шикарны. Им сопереживаешь, в них веришь, и за их трансформацией следить интересно и напряженно. Выбор между обязательствами перед семьей и собой. Все это выполнено очень качественно. 

Все остальное выглядит тоже на этом же уровне «очень хорошо» и даже «прекрасно», но меня так и не поразило. Может быть, все дело опять же в слишком уж завышенных ожиданиях. Когда все вокруг говорят, что фильм шедевр, хочется верить, что это действительно способно перевернуть твою жизнь, или поменять ощущения от нее, или в худшем случае, поменять точку зрения на многие события в ней. У этого фильма, как-то не получилось. Да, здесь отличная актерская игра, работа оператора, диалоги, все это. Я очень рад, что посмотрел, наконец, этот фильм. Получил удовольствие от просмотра, приобщился к культуре, так сказать. И этот фильм – он один из лучших, какие я видел. 

Но я не сказал бы, что все эти три часа были одинаково наполнены этим самым удовольствием. Мне тяжело назвать этот фильм шедевром. Впрочем, «шедевр», это вообще понятие растяжимое и очень сложно описываемое. Для каждого он свой. Для меня этот фильм таковым так и не стал. Не дотянулся до моей души. Остался просто хорошим фильмом. Ну и, наконец, я хотя бы знаю, что в нем происходило, и как все это выглядело."
