rating,title,text
"8,0",Американский грайндхаус 2010,"Начнем с того, что российский массовый зритель практически не знаком с киножанром ""эксплотейшн"". Это и не жанр в общем понимании, но не будем цепляться к словам. В лучшем случае наши не киноманские соотечественники знают более распространенное название ""трэш-муви"" (можно ли синонимизировать эти понятия, тоже другой вопрос). Однако многие изощренные любители синематографа не только слышали про эксплуатационное кино, но и с удовольствием его смотрят.

Именно для такой аудитории и подойдет документальный фильм ""Американский грайндхаус"". Для тех, у кого слово ""Грайндхаус"" ассоциируется не только с одноименным фильмом 2007 года. Конечно наиболее интересен он будет начинающим зрителям, но и относительно опытным будет на что посмотреть (по себе знаю).

Итак, о чем же рассматриваемая лента? Она об истории эксплотейшн-фильмов, об их месте в кинематографе и влиянии на американское общество прошлого века. Задействовано много различных экспертов (в их числе и режиссеры, не понаслышке знакомые с темой), их слова подкрепляются кадрами хроники и собственно моментами из фильмов. Вообще построение довольно стандартное для документалки об искусстве. Никаких откровений, но интересная тематика и непринужденная речь экспертов делают свое дело - фильм смотреть интересно.

А вы знали, что эксплуатационное кино появилось одновременно с кинематографом в целом? Что в первой половине прошлого века в американских кинотеатрах крутили фильмы с обнаженкой в поучительных целях? Да и вообще, что эксплотейшн - это не просто низкокачественное кино, а целый культурный пласт? Если нет, и вам это интересно - смело смотрите ""Американский грайндхаус"", подчерпнете много новых знаний. И даже если знали, тоже смотрите.

P.S. несмотря на тематику и то, что в фильме имеются кадры из разных узконаправленных жанровых картин (если вы понимаете, о чем я), шок-контента здесь нет. Немного крови, голых тел, но без фанатизма и углубления в трэш-дебри. Так что приятного просмотра!"
