rating,title,text
"8,0","Чего ждать, когда ждешь ребенка 2012","Несколько забавных и не очень историй о самом волшебном времени в жизни каждой семьи - ожидании ребенка.

Венди и ее муж Гери давно мечтают стать родителями. Вся их жизнь посвящена зачатию - витамины, пособия, выбор самых удачных места и времени - но ничего не выходит. И лишь когда Венди решает расслабиться и отпустить ситуацию, на тесте появляются две заветные полосочки. Но беременность протекает вовсе не так сладко и радужно как воображала себе женщина.

Ее свекр Рамси с молодой женой Скайлер, напротив, ничего не планировали. Но выясняется, что ждут они сразу двойню, что очень раздражает Гери, вечно соперничающего с отцом.

Супружеская пара Холли и Алекс не может иметь детей. И тогда они решаются на усыновление малыша из Африки. Холли ждет этого с нетерпением, а вот Алекс сомневается сможет ли стать хорошим родителем. В помощь ему - ""Клуб отцов"", работающий в Центральном парке. Заведение, кстати, забавное и очень сомнительное.

Еще одна пара - совсем юные Рози и Марко. Их беременность - результат короткой интрижки, но они пытаются сделать все, чтобы малыш появился в дружной и счастливой семье.

И, наконец, тренер по фитнесу Джулс. Уж она-то никак не собиралась становиться мамой - у нее ученики, телепроекты. Но судьба ее не спросила. К счастью, у женщины есть поддержка - заботливый бойфренд Эван.

Такие разные женщины и их мужья в ожидании чуда. С ними случаются забавные, обыденные, трагические ситуации, которые и составляют суть беременности.
Я бы не назвала фильм реалистичным и тем более пособием для начинающих мам, но он очень позитивный и забавный.

Для поднятия настроения очень рекомендую."
