rating,title,text
"4,0",Астрал: Глава 2 2013,"Ни для кого не секрет, что первый фильм из серии картин всегда самый удачный. Наверное, есть свои исключения. Но ""Астрал 2"" это не касается. Он куда слабее своего предшественника. Видимо, получив хвалебные отзывы зрителей, решили пустить всё на самотёк, мол, ""и так сойдёт"". 

Часть номер 1 радовала напряжённостью моментов и очень удачными жуткими находками, а что мы видим в продолжении? Смутную детективную историю, в которой даже не пытаются разобраться, а также одержимого отца семейства, что убил Элис в первой картине. Вот весь сюжет и крутится вокруг этих немного несуразных вещей. Как так вышло, что с главного героя обвинения? Моя логика тут просто сломалась. Да и психологического контента значительно поубавилось. Здесь уже толком не показны взаимоотношения внутри семьи. Всё по образцу и подобию. 

В фильме слишком много штампов, повторений и всего того, что свойственно ""типичным американским ужастикам"". Самое печальное в нём то, что градус ужаса очень сильно сбавлен, если сравнивать с первой частью. Из достаточно самобытной истории картина превратилась в предсказуемую вещь, где с первых сцен понятно, чем всё закончится и как именно развяжется клубок.
 
Советую ли я ""Астрал 2"" к просмотру? Если только из тех соображений, чтобы узнать продолжение истории, но не ждите никакого новаторства во избежание  разочарования."
