rating,title,text
"10,0",Бэтмен навсегда 1995,"Были времена, когда DC студиос в содружестве c Warner bros. не надо было ни с кем конкурировать и уж тем более поспевать за кем-то. Это, конечно, если говорить о фильмах, основанных на комиксах. Их яркие и местами мрачные кинокомиксы о Супермене и Бэтмене в большей мере были успешными. Франшиза о Супермене с участием Кристофера Рива, как и последующая за ним франшиза о Бэтмене, переросла аж в целую серию фильмов, и сдулась только тогда, когда перестала приносить хоть какую-то значимую прибыль, возможно, причиной всему являлось то, что величие первых двух лент последующим сиквелам было не достичь. Со второй франшизой, связанной с Бэтменом, всё сложилось намного более удачно (пусть и схоже с первой); и деньги были, пусть и приносили они высокую прибыль зигзагами, и перманентно весомые режиссёры имелись, а также всегда топовые актёры. Третий фильм серии —«Бэтмен навсегда», предпочёл себе в режиссёры вместо Тима Бёртона Джоэля Шумахера, а вместо Бэтмена/Брюса Уэйна в исполнении Майкла Китона, не менее эффектного Вэла Килмера.

Вместо гротескного и на грани готического видения Бёртона, Шумахер предложил своё, и можно сказать, что встряхнуть визуальный стиль ему удалось на все 100%. Сложно забыть все эти кислотные оттенки сочных цветов, что будто помещены на страницы глянцевого журнала о готэмской моде, где главным редактором является Алиса из Страны чудес. В большей степени, игровая серия «Batman: Arkham», особенно самая первая часть, ссылается на визуальный стиль Шумахера, но с вкраплениями реализма Нолана и готики Бёртона. На момент своего выхода, «Бэтмен навсегда» был ещё и одним из самых дорогих фильмов, вместе с дороговизной, имелись и заслуженные технические номинации на Оскар.

История, словно сингл комикса про ушастого героя, почти максимально абстрагировалась от прошлых фильмов, и о продолжении серии тут по самым видимым признакам намекает присутствие актёра Майкла Гофа, сыгравшего Альфреда, бессменного дворецкого и наставника мистера Уэйна в тетралогии имени Бёртон/Шумахер. На втором месте старый-добрый комиссар Гордон.

В этой части, в самом начале, герой Килмера знакомится с обольстительной красоткой доктором Чейз Меридиан сыгранной Николь Кидман. Химия между Килмером и Кидман тут просто чудесная, их Уэйн и Чейз, словно созданы друг для друга. Но, как и в случае с Агентом 007, у Уэйна и его альтер-эго Бэтмена, не бывает постоянной спутницы жизни, что в данном случае, не является какой-то трагедией, наоборот, все девушки Бэтмена в этой тетралогии рано или поздно понимают, что он — неугомонный романтик, испытывающий страсть бить преступникам и суперзлодеям их физиономии. Кидман, к слову, превосходно удалось воплотить образ роковой красотки, в некоторых моментах, когда она появляется, даже музыка играет как в классических нуарных фильмах. Килмеру же получилось создать образ одного из самых обаятельных Уэйнов за всю историю существования персонажа в целом. 

В «Бэтмен навсегда» очень классные антагонисты, а именно Двуликий и Загадочник, их роли сыграли Томми Ли Джонс и Джим Керри, блеснувший ранее в другом кинокомиксе «Маска». Дуэт Двуликого и Загадочника получился экспрессивный, в этих двоих полно зажигательных эмоций, коих хватило бы не на один фильм. Хоть и ведут они себя как опасные чудики-психи, мотивы у них всё же есть. Загадочник хочет в буквальном смысле привести в действие собственное изобретение — аналог зомбоящика, а Двуликий, хоть и косвенно, стать этаким королём криминального мира Готэма, ведь всё равно уже Джокера на момент действий фильма нет в живых. Ещё у Двуликого очень выразительно разодетая банда, а также привлекающие внимание помощницы, одну из которых сыграла Дрю Бэрримор. Про дилемм монетку авторы сценария тоже не забыли! Благодаря Джонсу и Керри, комедийных элементов тут хоть отбавляй. Некоторые их шутки в фильме прям специально сделаны максимально в хорошем смысле придурошными, и это задолго до киношного Дэдпула. Также у злодеев был небольшой этап становления. 

Появился в фильме Робин, ставший доблестным напарником Бэтмена. С Робином вообще отдельная история, так как его персонаж меняется по мере фильма в плане характера, и все эти изменения показаны очень хорошо. К тому же Робин крутой бунтарь с неиссякаемым запасом неудержимой энергии и любви к редким мотоциклам.

Даже в сравнении со многими сегодняшними кинокомиксами, «Бэтмен навсегда» будет выглядеть привлекательно. Казалось бы, прошло куча времени с момента выхода, а у части современных кинокомиксов нет того размаха и замечательной постановки, что имеются здесь.

Отдельного упоминания, в добавление к стилю, заслуживают оформление, декорации и ретро-автомобили, благодаря которым веришь, что перед нами шумахерский Готэм, пусть на самом деле это замаскированный Нью-Йорк. Создаётся этакий эффект спектакля, поскольку благодаря взаимодействию актёров с декорациями, возникает ощущение, что всё разворачивается прямо у вас перед глазами. Конечно, многое зависит и от операторской работы. К экшену, что включает в себя драки, погони, трюки и взрывы, тоже сложно остаться равнодушным.

Шумахера можно похвалить за многое, но больше всего хочется за чувство вкуса и видение того, как должны выглядеть персонажи с соответствующе подобранными им актёрами. Действительно, в сравнении с тем же Бёртоном видно, что Шумахер не копировал, а делал 90% начавшейся серии фильмов с нуля. И пусть в целом «Бэтмен навсегда», как и вышедший позже «Бэтмен и Робин», считаются в мире критиков и немалого количества зрителей не самыми показательными кинокомиксами, всё это не важно, когда в дело вступает личное видение проделанной работы.

Автору этих строк не хочется ругать эти фильмы, ибо... ну где ещё увидишь уличных панков-разбойников и по совместительству недоброжелателей супергероев, разодетых в цвета неона, и разукрашенных в него же, и где ещё увидишь такую парочку максимальных приколистов в лице Двуликого и Загадочника, что ведут себя временами нарочито пофигистично, — только у Шумахера. Бэтмен в его руках спорный, обсуждаемый, культовый и легендарный, а плохие ли у Шумахера бэт-фильмы, тут уж и правда, решайте сами."
"4,0",Бэтмен навсегда 1995,"Удивительно то, как третья часть может разительно отличаться от первых двух. Раньше у нас был неповторимый стиль Тима Бёртона, прекрасно сочетающийся с историей Бэтмана, а теперь… К сожалению, боссы решили сместить Тима до продюсерского места, а на режиссёрское кресло посадить Михаэла Шумахера, потому что мрачная сказка оказалась через чур пугающей для детей [чего стоит сцена, где Пингвин откусывает журналисту нос], и игрушки с прочим мерчем не распродавались до такой степени, что их пришлось отозвать. Было решено сделать картину более семейной, но удалось ли это у студии? Без сомнений, только вот чем им пришлось пожертвовать ради этой цели? Всем. 

Бэтмен потерял всю свою самобытность. Сюжет стал до безумия нелогичным и глупым. Собственно, будь фильм хороший, ему можно было бы простить мелкие огрехи, но тут другая ситуация. Каким-то чудесным образом супер-прочный крюк с тоненьким тросом удерживает огромный сейф, в котором может поместиться до десятка человек, за обычную бетонную стену, но вот почему-то сюжет забывает о том, что эту же стену двумя этажами ниже сломали этим же сейфом… И ведь это только начало фильма. Мотивация злодеев непонятна, каким-то странным образом Робину оказывается лет семнадцать, и он не скорбит по родителям, лишь желает отомстить, но его мечта легко смещается, когда Альфред и Брюс соблазняют его новеньким байком и вкусным ужином… А чего стоит сцена, где Дик угоняет Бэтмобиль?

Персонажи никак не раскрываются, злодеи кажутся такими же картонными, как и герои, и, вроде бы, можно было бы простить это в рамках жанра попкорн муви, но ведь прошлые фильмы, пускай и более мрачные и жестокие, были отличные, да и есть невероятно много хороших представителей данного жанра, которые гораздо лучше «Бэтмана Навсегда».

К актёрской игре отдельные претензии. Вэл Килмер [раньше был Майкл Китон, которого я так же не воспринимаю как Брюса, но он был не так уж и плох. К сожалению, я не знаю сместили ли его или он сам отказался от роли] кажется совсем не на своём месте, ведь его Бэтман во всех непонятных ситуациях не выражает эмоции, лишь открывает рот, при этом кажется умственно больным. Николь Кидман только и делает, что пытается соблазнить каждого, кто появляется перед ней. Её персонажа настолько не раскрывают, что она просто весь фильм ходит с «сексуальным» лицом, характеризующимся всё тем же открытым ртом. Джим Керри далеко не Загадочник, а просто Джим Керри, каким мы его видели в десятке фильмов. Эйс Вентура, Брюс Всемогущий и многие другие роли этого, вроде как, великого комика одинаковы и ничем не отличаются [не подумайте, я очень сильно люблю его, но стоит признать, что Керри смотрится гораздо органичней в драматических картинах по типу «Вечного сияния чистого разума» и «Шоу Трумана» ]. В итоге, весь фильм Джим и Томи Ли Джонсон как бы корчат рожи, изображая безумие, но они не пугают. Если Джокер Джека Николсона пробивал до мурашек своим поведением, то Загадочник и Двуликий вызывают лишь дурацкий смешок, который ты издаёшь понимая, насколько этот фильм плох. Про актёров и персонажей второго плана и вовсе говорить не стоит, если главные «звёзды» вот настолько плохо играют. Причём, мы с вами знаем, на что способны все вышеперечисленные, вот просто рамки сюжета, персонажей и просьбы режиссёра, очевидно, сгубили все их возможные начинания на корню.

И вроде бы картинка не так плоха, но ничего особенного мы не видим. Михаэл пытается придерживаться стиля Бёртона, но в кадре остаются лишь нелепые аляпистые цвета. Вообще, никакой эстетической ценности не присутствует. К слову, у меня весь фильм была куча вопросов к гримёрам и костюмерам. Что не так с Двуликим, зачем его заляпали пластилином? Почему у Бэтмана на костюме есть соски и зачем на них акцентируют внимание? Что не так во внешнем виде Загадочника, что он выглядит свыше нелепого? Не понятно. И ведь это их меньшая часть.

В итоге мы с вами получили фильм, нацеленный лишь на заработок денег с наивного зрителя, который до этого видел отличные кинокартины Тима Бёртона. Лично мне «Бэтмен Навсегда» кажется надругательством над многим святым, ведь этот фильм не просто плох. Он действительно плох. Здесь вас ждёт полный спектр эмоций: издевальство над образами любимых персонажей, логические и сюжетные дыры, пустые диалоги и герои, ужасная актёрская игра и многое другое, что может нарушить психику адекватного человека. В общем, к просмотру не рекомендую."
"7,0",Бэтмен навсегда 1995,"То ли триквел – то ли новая история. То ли фильм – то ли красочная дискотека. То ли «Бэтмен: Навсегда» - то ли просто «Навсегда»…

…Спустя всего лишь три года супергерой тёмного города Готэма возвращается на экраны с новым лицом, новыми друзьями и новой подружкой, новыми плохишами и всё с тем же Альфредом и комиссаром Гордоном!.. С той лишь разницей, что на этот раз серьезный жуткий фильм с пустыми диалогами превратился в яркий зрелищный экшен, без тупости и дебильности в словах, но с кривляками от Джима Керри и Томми Ли Джонса, с разноцветными цветами и красочными гонками, переделками, с куда большей комиксовостью и клоунадой, с крупными планами и шустрым действием, вращаемой картинкой и игривым статусом!

На этот раз цель Бэтмена – двуликий Харви Дент и Человек-Вопрос, а в его распоряжении по трагическому стечению обстоятельств молодой помощник – Робин, за любовное вдохновение отвечает - красотка Николь Кидман. Пещера та же, Бэт-мобиль тот же, приключения новые, как и более современный Готэм, более яркий, чем раньше и в более пёстрой атмосфере, чем раньше!

Со сменой Майкла Китона на более актуального Вэла Килмера тёмный рыцарь не приобрел чего-то архи-важного, но большие мужество и уверенность – явно приобрел! Теперь трюки Бэтмена куда изощреннее, опасности – опаснее, а разум и происки врагов – куда изобретательнее и смертельнее! Любовь в сердце Брюса Уэйна – теперь занимает куда больше экранного времени, а фигура человека в маске – наконец-то выходит на первый план! Мимические возможности в «Маске» Джима Керри не были позабыты и в данном фильме получили очередной свой выход наружу – что для нас очередная возможность понаблюдать за талантливым Джимом, загадочник которого – весьма и весьма хорош! Томми Ли Джонс – знакомый по психу из фильма «В осаде» - этот парень не изменяет себе и на этот раз и предстает в образе ещё куда большего психа – Харви Дента – который кроме чем двойным лицом мало похож на Двуликого от Аарона Экхорта. Харви Дент от Томми Ли – это нечто колоритное и взбалмошное, сочное и нереально улётное! Красотка Николь – ну что тут скажешь… Против секси – не попрешь…

… «Бэтмен: навсегда», насколько знаю, в истории кино и комиксов чем-то громогласным не стал, но продолжил начатую ещё в 1989-м историю о тёмном рыцаре, только с большим количеством красок, большей игрой, развлекухой, и куда большими приключениями – словом, превратился в настоящий киношный коМикс – одновременно серьезный и балаганный имея вид!"
