rating,title,text
"9,0",Форсаж 5 2011,"В 2001 году вышел первый «Форсаж». Этот фильм по сути был просто крутой уличной гонкой и фильмом про копа, который очень любит гонять на крутых машинах и мечтающего победить самого Доминика Торетто. Сюжет у этого фильма был классический, но он был так хорошо подан и приправлен спецэффектами, что многим понравилось, плюс еще и саундтрек хороший с запоминающимися песнями. Снял первую часть знаменитый Роб Коэн. В 2003 последовало продолжение- «Двойной форсаж». Здесь уже решили оставить лишь одного Брайана О» Коннора, потому что героем первых двух частей является именно он. Во второй части рассказывается история поимки известного мафиози, не буду распространяться о сюжете, потому что в первых двух частях он практически один и тот же. С третьей части в режиссерское кресло сел Джастин Лин. Он и снял все остальные фильмы «Форсажа». В третьей части он решил показать нам дрифт — популярный в Японии вид гонок. Третья часть зарекомендовала себя, как отличный гоночный фильм со смыслом. Особенно запомнился Хан. Он учит главного героя искусству дрифта и помогает ему стать профи. В четвертой части герои первых частей. Меняются актеры дубляжа: Торетто теперь озвучивает Сергей Чонишвили.

Теперь перейдем к герою сегодняшней рецензии- «Форсаж 5». Здесь уже можно считать, что развитие серии достигло своего апогея. Фильм, как боевик- идеален. В постановке драк, перестрелок и гонок этот фильм выигрывает у предыдущих четырех. Красивые девушки, мускулистые парни и тюнингованые машины- все это понравиться парням. Девчонкам понравятся парни качки и история любви. В плане чистой и светлой любви фильм конечно не идеален. Но для развлекательного мероприятия этот фильм вполне может подойти.

Огромное спасибо режиссеру, сценаристу и отчасти автору синхронного перевода, за то, что они не упустили моменты драмы, любви и дружбы. Основной фразой этого фильма, которая уйдет не только на цитаты, но одна из рецензенток взяла эту фразу в название своей рецензии- «Миллионы приходят и уходят, самое главное- это люди».

В качестве итога: «Форсаж 5» останется в наших сердцах, как хороший фильм, последний из всей линейки где есть хоть какие-то гонки и одновременно происходит переход в боевик. Здесь уже можно окончательно сказать, что франшизат вступает на новый уровень и отступить уже нельзя,  Семейные ценности вкупе с моралью о преходящих деньгах даёт повод насладится посылом, а грамотно поставленные погони в синтезе с зрелищем дают хорошее общее впечатление от просмотра. Смотрите только хорошее кино!"
"9,0",Форсаж 5 2011,"Франшиза заиграла новыми красками. Джастин Лин решил поэкспериментировать с идеями и у него получился невероятно зрелищный и крутой фильм. Семья Торетто вместе с О'Коннером бежали в Бразилию, но нелегальщина их не оставляет. Они идут на дело, где их подставляют, но Дом не привык, когда об него вытирают ноги, и идет мстить. Для этого они собирают команду из героев всех предыдущих частей. Вот это настоящее воссоединение семьи. 

Доминик Торетто (Вин Дизель). 
Снимался: ""Форсаж"", ""Тройной форсаж: Токийский дрифт"", ""Бандиты"", ""Форсаж 4"". 
В этой части он такой же неистовый и брутальный. Он готов защищать свою семью, во чтобы то ни стало. Особо герой не изменился, только его лицо стало более каменное. 

Брайан О'Коннор (Пол Уокер). 
Снимался: ""Форсаж"", ""Включай турбонаддув"", ""Двойной форсаж"", ""Форсаж 4"". 
Так как герой Уокера стал тоже вне закона, он тоже пытается выжить в этом криминальном мире. Он влюблен в сестру Доминика, Мию, у которых история любви началась еще с первого фильма. 

Миа Торетто (Джордана Брюстер). 
Снималась: ""Форсаж"", ""Форсаж 4"". 
Хоть и фильмов этой франшизы у Брюстер мало, многим она все равно запомнилась. Можно даже назвать ее украшением этого фильма. Она тоже готова бороться до конца, даже если учитывать тот факт, что она хрупкая девушка. 

Жизель (Галь Гадот). 
Снималась: ""Форсаж 4"". 
Из прошлой части в новую картину перекочевала и Гадот со своей героиней. Тоже хрупкая девушка, но служба в армии оставила на ней свой след. У нее тоже будет своя любовная линия, правда за этот момент не очень интересно. 

Роман Пирс (Тайриз Гибсон). 
Снимался: ""Двойной форсаж"". 
А из второй части вернулся и друг детства О'Коннора, с которым они проводили совместное дело в вышеупомянутой части. Он все также не умолкает, засматривается на девушек и сверкает своей белоснежной улыбкой. 

Тедж (Лудакрис). 
Снимался: ""Двойной форсаж"". 
Гибсон с собой также взял Лудакриса, снимались-то в одном фильме. Когда устал писать песни, хочется чего-то нового, иди в актеры. Так рэпер и сделал. А самое главное, что не прогадал. Тедж помимо завлекания людей, может также отлично шарить в электронике, что сделало его незаменимым участником в команде. 

Хан (Санг Кенг). 
Снимался: ""Тройной форсаж: Токийский дрифт"", ""Бандиты"", ""Форсаж 4"". 
Вин Дизель взял своего соратника по двум фильмам и одной короткометражке в команду. Хан все такой же улыбчивый азиатский парень, который вечно жует. Кстати любовь охватит и его. 

Тего и Рико (Тего Кальдерон и Дон Омар). 
Снимались: ""Бандиты"", ""Форсаж 4"". 
Так как эти герои всегда вместе, рассматривать их будем тоже сразу обоих. Вечно ругаются друг с другом, из-за чего и понравились многим зрителям. Дон Омар пошел по примеру Лудакриса, и теперь тоже снимается в кино. 

Винс (Мэтт Шульце). 
Снимался: ""Форсаж"". 
С оригинального фильма нам решили показать Винса, о судьбе которого ничего не говорилось. Теперь мы знаем, что он скрывается в Бразилии, и сумел остепениться. Но он такой же не однозначный, как был в первой части, но они с Домом все таки приходят к понимаю. 

Люк Хоббс (Дуэйн Джонсон). 
Новый актер во франшизе, который заслужил себе место и в последующих фильмах. Ему дали задание найти и вернуть в Штаты Доминика, Мию и Брайана. Он сделает все, чтобы это сделать. ""Кровь, пули и гнев Божий"" - вот его девиз. Но он не глупый вояка, как может показать изначально, и тоже может делать моральный выбор. 

Елена Нивес (Эльза Патаки). 
Тоже стала украшением картины вместе с Брюстер и Гадот. Она работает в полиции, и у нее своя мотивация. Хоббс нанял ее в свою команду, чтобы она помогла найти преступников, но позже она станет совестью героя Джонсона. 

Моника Фуэнтес (Ева Мендес). 
Снималась: ""Двойной форсаж"". 
В качестве камео вернулась и агент Фуэнтес. После второй части от ее героини в продолжениях отказались. Но здесь решили ее снова ввести и сцена с ней свяжет пятую и шестую часть франшизы. 

Летти (Мишель Родригес). 
Снималась: ""Форсаж"", ""Бандиты"", ""Форсаж 4"". 
Указана просто в хронике, ведь в прошлой части они погибла. Мендес и Родригес можно связать, но как, вы узнаете после просмотра фильма. 

Вот о таком воссоединение я и говорил. Нереально круто видеть всех этих героев вместе. Это ""Война бесконечности"" только с гоночными машинами, дикой скоростью и закисью азота. Эта картина действительно вдохнула во франшизу новую жизнь. Для просмотра всем обязательна."
