rating,title,text
"10,0",Стражи Галактики 2014,"Фильм ""Стражи Галактики"", который вышел в 2014 году, пересматривал много раз. Это один из самых любимых моих фильмов, которые вышли под флагами Марвел.

И если выбирать фильмы, которые можно посмотреть ни один раз и посмеяться от души, то ""стражам"" я отдам предпочтение всегда. Тем более это у нас семейное, мой сын, готов смотреть этот фильм хоть каждый день. 

Фильм снят по мотивам комиксов, точнее даже не так, мотив другой, а вот персонажи взяты от туда. Космическая сага, которая получилась не только смешной, но и очень зрелищной. И что не мало важно, доброй и поучительной. 

Конечно енот и дерево, одни из главных героев картины, просто вне выше всяких похвал. О них не возможно просто рассказать, нужно их видеть. 
Поэтому я лично буду ждать продолжение этого фильма, а именно 3й части.
Фильм рекомендую."
"10,0",Стражи Галактики 2014,"Приятно с утречка сходить в кинотеатр на какой-нибудь нереально крутой блокбастер с амбициями как у «Мстителей» двухлетней давности. В ожидании «Эры Альтрона» мы неплохо проведем время знакомясь с самыми молодыми персонажами вселенной «Marvel» — «Стражи Галактики». Фильм основывается на команде персонажей из комикса 2008 года, так что об этой компании нам предстоит еще услышать и первой вехой для Российского зрителя стал данный фильм, который вышел в кинотеатрах в последний день июля, то есть не так уж давно. До этого похода я несколько раз видел трейлер данного фильма и с каждым разом интерес только возрастал и вот сегодня я наконец-то купил билеты на утренний сеанс и отправился в кинозал, дабы увидеть приключения новых персонажей вселенной Marvel.

С первых же минут фильма понравилось то, что фильм повествует не о земных героях, укушенных радиоактивными пауками или облаченных в механизированные костюмы. Видимо они посидели у себя и решили, что смотреть фильмы про уже знакомых героев людям начинает надоедать и не без помощи студии Walt Disney они смогли дать ход работе над фильмом «Стражи галактики». В этом фильме есть абсолютно всё, что нужно, чтобы не заскучать и получить удовольствие от просмотра работ студии Marvel. Есть хорошо проработанный сюжет, не то чтобы он сильно оригинален, но сценаристы приправили его классными шутками, наделив тем самым основных персонажей определенной долей харизмы и вновь приятно погрузится в атмосферу эпического блокбастера по ту сторону галактики.

А теперь немного о нашей команде. Питер Квилл или как его еще представляют «Звездный Лорд». Еще мальчиком его забрали с родной Земли и с тех пор он свободный волк одиночка, охотник за космическими артефактами, на которых можно неплохо срубить деньжат. Вообще именно на его находке держится весь сюжет. Ему не даёт покоя вопрос чем же этот камешек заинтриговал представителей других рас и ему с командой предстоит найти ответ на этот вопрос. Гомора — жестокий киллер, не оставляющий никого в живых, была послана перехватить артефакт, но имея какие-то собственные цели, идущие из ее детства она действует по-своему разумению. Ракета — самый зажигательный персонаж, именно из его уст можно услышать самые смешные шутки, грех не засмеяться. Особенно мне понравилась его шутка в самом начале про дедулю, потерявшего жену. Это было камео Стэна Ли, разговаривающего с красивой девушкой. «И дедок туда же, ты глянь, вот даёт! Ты где жену посеял, старпёр!», смеялся долго над этой шуткой, не удержался. Вообще Ракете даже в серьезные моменты удаётся разрядить обстановку какой-нибудь колкой фразой, наподобие той, что я привел выше. И вообще, внешность енота делает персонажа милым, им специально прописывают характеры крутых парней и дают основной поток самых смешных шуток, чтобы ими восторгаться еще больше. Грут — представитель растительного народа деревьев, подвязался телохранителем Ракеты, хотя мы много раз еще увидим, что он сам способен за себя постоять, Ракета так охарактеризовал своего друга: «Он знает только три слова: я, есть и Грут, причем именно в таком порядке». И когда Грут начинает говорить, а говорить он начинает только в самые нужные моменты, то еще больше юмора получается: 

«- Я есть Грут!

-Сказал он, в какой, в восемьдесят девятый раз!»

И последним идет Дракс. Его освободили из тюрьмы, когда они совершали дерзкий побег. Его с командой объединили обстоятельства и Питер Квилл. Его сила и мощь идут на пользу делу, когда он уничтожает врагов, но он вспыльчив и в мирное время это не всегда хорошо кончается.

Данное кино являет собой образец качественного и динамичного зрелища, которое перемежается разнообразными юмористическими ситуациями и хорошими позитивными шутками. Спецэффекты здесь по своей грандиозности не уступают «Мстителям», а воплощение Тёмной стороны — это прямо-таки дань старым «Звёздным воинам». В общем — это хороший коктейль из «Звездных воин», «Мстителей» и «Пятого элемента», который способен подарить вам незабываемый вечер в кинотеатре, или как в моем случае — утро. Мне все понравилось, и я всячески рекомендую посмотреть фильм любителям качественного зрелища с нотками серьезной драмы.

Актеры молодцы. Крис Прэтт удачно передал образ Питера Квилла, наградив его соответствующими его типажу эмоциями и мыслями, Зои Салдана прекрасна в образе инопланетной убийцы с жестоким и непробиваемым нравом. Больше всех зацепил Брэдли Купер, пусть и в озвучке но он сумел наградить персонажа своей комедийной харизмой и боевым настроем, в момент когда он из автомата расстрелял тюремных охранников. Также порадуюсь и нашему дубляжу, ибо есть актеры, голоса которых я очень давно не слышал. К примеру, Андрей Зайцев. Его я не слышал со времён «Хэнкока», где он удачно озвучил Рэя, который учил главного героя правильно заниматься героическим ремеслом. В этом фильме я вновь узнал его тембр романтических героев, вроде Уильяма Тёрнера из трилогии «Пираты Карибского моря». Также было приятной неожиданностью, что Вин Дизель дублировал Грута даже для проката в нашей стране. В принципе все актеры дубляжа понравились.

В итоге мы имеем разномастный блокбастер, способный потягаться с «Мстителями», ибо сам Джосс Уидон скажем так «благословил» Джеймса Ганна на создание данного и фильма. И, на мой взгляд, все ожидания оправдались, как только выйдет на DVD, приобрету его в коллекцию. Фильму ставлю максимальный балл, за зрелище, за Ракету и за космическую фантастику от Marvel, чем приятно удивили. Рекомендую сходить в кинотеатр, и насладится зрелищем."
"10,0",Стражи Галактики 2014,"Короче говоря, студия Марвел безусловно умеет снимать действительно отличные фильмы про героев комиксов. На их счету, на то время вышло уже множество фильмов, в которых красовались такие персонажи как Тор, Капитан Америка, Халк и Железный человек. Их даже объединяют всех в команду в одном из фильмов. Но настало время знакомить зрителя с новыми героями, чьи приключения будут распространяться по всей галактике и это [Стражи Галактики]. 

За штурвал в режиссерское кресло сел [Джеймс Ганн], из чьих работ я припоминаю лишь [Муви 43]. Откровенно говоря, на тот момент я не был знаком со Стражами и именно поэтому я даже не представлял чего ожидать от фильма. 

Вкратце говоря,  история расскажет нам о пяти незнакомцах, готовых содрать шкуру друг с друга, а нынче объединившихся в одну команду для того, чтобы дать отпор общему злу. Ведь как гласит слоган фильма: «Мстители спасают лишь Землю бренную, а эти ребята спасают Вселенную».

В целом, данное кино является по настоящему хорошим и достойным фильмом. В чем секрет хорошего кино? В том, чтобы была интересная история и персонажи, так же наличие добротного юмора и ко всему прочему имелось хорошее музыкальное сопровождение. И именно все это и имеется в данной картине. Хотелось бы отметить, что ко всему прочему, в картине проделаны отличные визуальные эффекты. Сам по себе фильм является ярким, но где нужно играют и темные тона. 

Итого говоря, данный фильм в свое время вызвал у меня дикий восторг и чувство полного удовлетворения от просмотра. Я насладился данным фильмом, чего желаю и тем, кто еще так и не посмотрел данный шедевр. Наслаждайтесь."
"9,0",Стражи Галактики 2014,"Автор, невиданной мною, золотомалиноносной киноленты Муви 43, — режиссер Джеймс Ганн замахнулся на революцию в жанре супергеройского кино. Надо отдать должное — задача эта не из разряда «не бей лежачего». Если припомнить разнообразные фильмы про Бэтмена, Супермена, Человека паука, то окажется, что все они созданы по единым лекалам и имеют в качестве цели номер один аудиторию школьников или подростков. Неспособные довольствоваться своей жизнью, они мечтают о приключениях на стороне — обрести суперспособности и спасти очаровательную девственницу, стать пилотом быстрого, дерзкого, как пуля резко космического корабля, вступить в ряды героических борцов за справедливость — умных, сильных, юморных и просто верных друзей, ну и наконец добиться всеобщего признания, защитив весь мир от какой-то невероятной угрозы. Идя на поводу таких органических желаний, главное не просчитаться.

Любой голливудский продюсер заточен на зарабатывание денег. Контролируя процесс производства кино, он прежде думает о том, как бы расширить его потенциальную аудиторию, минимально потеряв в качестве. В этом случае, рейтинг 12+ (PG-13) близок к идеалу. С одной стороны, он успешно сохраняет и взрослую аудиторию, с другой — привлекает в кинотеатры самых заинтересованных зрителей — подростков, которые не идут в таком ценообразующем количестве на фильмы с рейтингом R. К тому же качество конечной продукции также невероятно важно, потому что, если фильм не нацелен только на детей, он обязан содержать некоторую долю реализма — сцены убийств, страданий, любви (все в версии light), иначе его могут ждать низкие рейтинги критиков и простых зрителей, которые негативным образом влияют на желание посмотреть the film. Наивность, пошлый пафос, целенаправленное упрощение жизни до уровня котиков с серьезными лицами — все это также побочный эффект рейтинга PG-13. Хотя, конечно, даже с таким рейтингом можно сделать полусерьезную драму про смерть, например — с довольно гнетущей атмосферой, но без особого натурализма. Правда речь здесь ни о таких артхаусных экспериментах, а о фильмах про супер героев с бюджетом в сотни миллионов долларов. Парочка неудачных проектов такого масштаба вполне способна поставить под вопрос, если не дальнейшее существование киностудии, то ее планы на будущее, связанные с продвижением крупнобюджетного кино. Поэтому-то баланс крайне важен.

Guardians of the Galaxy страдают многими, из названных, заболеваний. Модель, по которой выстраивается данная лента, вошла в анналы за много десятилетий до ее непосредственного появления. Например, герой для подражания. Сначала он был слаб, ребенком потерял родителей, одноклассники его не принимали, друзей не было и т.п. Но вместе с тем «Стражи Галактики» стараются отклониться от привычного. Выстроенные, по большому счету, по старым канонам, герои фильма всячески их высмеивают. Если внимательно присмотреться, то окажется, что это скорее не супергеройский фильм, а супергеройский стеб. Объяснение такой необходимости очевидно — старые супергерои безбожно устарели, как бы их не пытались притянуть за счет суперкомпьютерного лифтинга. Их поведение, слова, дела, даже внешний вид — уже не доставляют зрителю удовольствия от причастности к действию. По сути, старые супергерои уже стали дедушками, как их не крути. А к дедушке, хоть и относишься с почтением, но моделью для подражания он быть вряд ли может. Мир и Голливуд находятся в поиске совершенно новых запоминающихся персонажей. «Стражи» таких персонажей специально не дают, кажется они наоборот говорят через свои шутки — расслабьтесь, супер герои умерли, их время прошло, кому вообще сейчас интересно смотреть за спасением Земли в миллионный раз?

Guardians of the Galaxy вышли, наконец, на галактический уровень — это ново, поэтому способно привлечь внимание. Кроме того, оставшись в рамках супергеройских традиций, они заметно их погнули. Но не сломали. Это не Эдгар Райт, но и не Мстители. Что-то новое, но аккуратное. Пробный камень из миллионов долларов, который должен проскакать по реке, либо пойти ко дну. Но действительно ли так оригинален и смел неуверенный в себе человек, который хихикает над собственными страхами? В фильме, где идет схватка и смертельная битва между силами добра и зла, последнее, к слову, невероятно карикатурно, невнятно и имеет внешность и оружие Шао Кана (!), не пролилось ни единой капли крови! Прямо как во время компьютерной игры. Люди конечно гибнут массово, но всем пофиг. Вот оно зло, сказали бы некоторые — карикатуризация и романтизация войны, дети насмотрятся и пойдут убивать, просто, чтобы поржать. Тысячи НЕВИННЫХ погибнут. Слово «невинные», кстати, главный больной зуб подобных фильмов.

Львиная доля шика таких лент всегда лежит в области спецэффектов, а в сегодняшнем Голливуде искусство часто лежит в области технологий. Если сравнить Стражей Галактики с киноэпопеей про супермена из 70-х, то последняя покажется крайне занудной и не красивой, но это все-таки один вид спорта. А вот какой-нибудь фильм типа «… А зори здесь тихие» сравнивать с блокбастерами 2014-го года просто невозможно. Это как самолет и карета. Странно, что и то, и другое называется одним словом — кино. Это, как американские горки, и постоять у станка, где делают танки. Но тут вопрос скорее социокультурный, почему, оказавшись на подобном киносеансе, возникает ощущение, будто фильм снят на другой планете, жители которой на 100 лет оторвались от нас в плане всего, что только возможно. Выйдя на улицу, понимаешь, что побывал в каком-то запретном мире, куда, по идее, тебе путь заказан, краем глаза заглянул в будущее. Красота — уже искусство. Ведь, если показать «Стражей Галактики» африканским туземцам, никогда не покидавшим своих земель и жилищ, они не поверят, что такое может существовать без божественного вспомоществования. Оказывается, что вовсе не во всех уголках земли на дворе один и тот же год. Кто-то до сих пор живет охотой и собирательством, другие поднялись до уровня земледелия, а третьи нежно вынашивают имперские амбиции XIX века. Тут никак не обойтись без громкого слова, Стражи — это сама глобализация. Людей здесь почти не показывают, на заглавных ролях пришельцы!

Еще одной находкой можно назвать музыкальные хиты прошлого. Оказалось, что взрывная музыка 70-х великолепно сочетается с футуристической атмосферой космических кораблей, чужих планет и пришельцев — все это доведено здесь до околошедеврального уровня. Это очень красивое и даже несколько распущенное кино, которому серьезно не достает реализьму и глубины. Будто Вы заказали в ресторане пирожное, которое оказалось настолько красивым, что даже не мишленовские вкусовые качества отошли на второй план. И не надо недооценивать сценарий — он довольно крепкий, чтобы удерживать зрителя у экрана в течение двух часов.

Это сложносочиненный труд, граничащий с искусством и пропитанный духом утопичной сверхглобализации. Он не зациклен сам на себе и уже это здорово!"
"8,0",Стражи Галактики 2014,"Спустя почти десять лет и четырнадцать фильмов, можно с уверенностью сказать, что киновселенная Marvel состоялась благодаря Роберту Дауни-младшему. Его Железный человек показал зрителю образцового супергероя — холодного харизматика, денди, миллиардера и филантропа — и дал франшизе оглушительно успешный старт. С ним так и не сравнились ни Халк, ни Тор, ни Капитан Америка, поэтому после завершения трилогии о Тони Старке миру Marvel оказался нужен новый герой. Точнее, герои — к тому времени продюсеры осознали, что командные фильмы вроде Мстителей смотрятся гораздо динамичнее и выгоднее, чем супергеройские бенефисы. Такими героями и стали Стражи Галактики.

Их собрал вокруг себя космический авантюрист Питер Куилл, который, сам того не зная, украл из-под носа пиратов и фанатиков-террористов могущественный артефакт. Куилл хотел заработать на нем деньги, но заработал лишь неприятности. Среди них (помимо тюрьмы) оказываются убийственная женщина-киборг Гамора, безжалостный Дракс Разрушитель, маниакальный оружейник и по совместительству енот Ракета и его напарник, живое дерево Грут. Естественно, что эту ватагу меньше всего беспокоит защита галактики, и единственное, чего они хотят — побольше заработать и побыстрее разбежаться. В поисках же добычи Стражи хулиганят и устраивают переполох всюду, где появляются. 

Этот задорный хаос оживил франшизу: в отличие от вычурно элитных Мстителей, Стражи, с их неординарными образами, непрекращающимися склоками и репутацией неудачников, смотрятся живее и понятнее. Вместо пафоса под улетную музыку 70-ых бал правят абсурд и ирония. Они грубо, но истерически смешно вклиниваются в самые ответственные моменты, будь то глупая бравада главного злодея, Ронана Обвинителя, или романтическая сцена. Штампы супергероики высмеиваются даже в касте — брутальный Вин Дизель и плейбой Брэдли Купер озвучивают бревно и енота, а бывший рестлер Дэйв Батиcта бесподобно играет классического прямолинейного громилу Дракса. 

Питера Куилла же играет нетривиальный актер Крис Пратт, благодаря которому фильм наполнился зажигательной атмосферой 70-80-ых. В джинсах, кожаной куртке и с Sony Walkman'ом на поясе он настолько беззаботно, искренне ребячится в каждом кадре, что кажется, будто на экране новый Билл Мюррей. И как Билл, Крис не перетягивает все внимание на себя, поэтому Стражей смотришь так, словно слушаешь джаз-бэнд — все шумят и импровизируют, но делают это одинаково талантливо. Их ансамбль органично дополняют и второстепенные, но не менее колоритные во всех смыслах персонажи вроде смертельной красотки Небулы и выразительного главаря космической ОПГ Йонду, которого блестяще сыграл Майкл Рукер.

Кроме хулиганского задора Стражи Галактики принесли в киновселенную Marvel новую, космическую мифологию. К счастью, режиссер Джеймс Ганн не погрузился в ее безграничные подробности, а сосредоточился на боях и погонях, которые в космосе приобрели невиданный для кинокомиксов масштаб и драйв. Но значительно отойти от первоисточника у Ганна не хватило смелости, поэтому дизайн рас, планет и кораблей смотрится до обидного шаблонно. Столь же шаблонным, несмотря на хулиганский характер и старомодную стилизацию, оказывается и посыл. Стражи в очередной раз напоминают, что маргиналы и неудачники могут, как Ронан, обвинять весь мир в своих бедах и в одиночку бороться с галактикой. Но лучше все же объединиться в семью (пусть и дисфункциональную) и творить добро, не нарушая закон. Или как пойдет.

Эффект неожиданности Стражей приятно срабатывает, но сколько он продержится — непонятно. Стражи и их особенности уже понятны и знакомы, поэтому сиквелу придется изощряться, чтобы удивить зрителя. Ведь если шутка, даже самая хулиганская, повторится дважды, она неизбежно будет граничить с глупостью."
"9,0",Стражи Галактики 2014,"Смотрела фильм давно, как раз когда он только-только вышел. Помню только, что он мне понравился, и я весь фильм угорала над енотом-супергероем. Но ради уже набирающего обороты сиквелла решила освежить свои воспоминания.

У Marvel никогда не было проблем ни с фантазией, ни с визуальной составляющей, ни с юморительным сюжетом. Вместо путешествия по многочисленным странам, герои путешествуют между планетами, вместо припаркованных машин за окном — припаркованные космические корабли. И это ещё цветочки по сравнению с тем, каких героев нам предстоит увидеть. Звёздный Лорд с Земли, мутировавший енот и его телохранитель Грут, симпотяга Гамора и буквальный качок Дракс дадут фору любым «Мстителям» и «Звёздным войнам». Весь фильм они дурачатся и подкалывают друг друга, параллельно спасая нашу Галактику, а голосовые данные и танцевальные способности Криса Пратта сразят любого инопланетянина наповал.

Надеюсь продолжение будет настолько же крутым, поскольку начало у этой франшизы многообещающее. Скажи мне кто-нибудь, что живое дерево, псих-енот и зелёная женщина станут супергеройскими кумирами — ни за что бы не поверила.

Это даже не супергерои, а лишь пародия на них, да и весь фильм больше смахивает на пародию, чем на фэнтези-картину по спасению человечества. Наверное в этом и есть залог успеха «Стражей» — их непохожесть на обычные фильмы о супергероях. А музыкальное сопровождение из 70-хх настраивает на ретро-стиль. Получилось что-то в духе «Звёздного пути».

Но самым главным посылом «Стражей», я считаю, это понятие дружбы. Пять абсолютно разных существ, с абсолютно разных планет смогли сплотиться и вместе противостоять опасному злодею. Это ли не дружба? Многим из героев это понятие даже не знакомо, но у них получилось организовать настоящий тандем по защите нашей Галактики."
"8,0",Стражи Галактики 2014,"Студия Marvel не побоялась пойти на эксперимент, тем более что они обзавелись явным авторитетом в виде «Мстителей» и не их ставка сыграла.

Герои колоритны, каждый смотрится по своему и каждому понемногу дали раскрыться. Ясны мотивы Дракса мстить, которого сыграл Дэйв Батиста и сыграл, то замечательно. Будучи не профессиональным актером, сумел показать эмоции своего героя и представить в тоже время его забавным и непутевым. Гамора в образе Зои Солданы, которая перекрасила цвет своей кожи с синего на зеленый также смотрится впечатляюще. В кинокомиксах не так много персонажей слабого пола. Зои смогла откинуть все стереотипы на равне со Скарлетт Йоханссон из «Мстителей». Грут генномодифицированное дерево повторяет во время фильма всего три слова, но как это звучит, хорошо, что озвучку доверили одному из самых брутальных голосов Голливуда Вину Дизелю. Для Криса Прэтта эта роль стала прорывом в его актерской карьере, по моему скромному мнению. Ранее нигде серьезно не засвеченный, он словно попал в свою стихию и чувствует себя в ней отлично. Ну и конечно говорящий енот по имени Ракета, что уж тут скрывать главный «мимимишный» и колоритный персонаж творческой пятерки. Его шутки заезжают с легкой точностью и поведение в его агрессивных проявлениях не заставит скучать. Главная ответственность этого героя ложилась на его озвучку и приятно радует тот факт, что российский дубляж не подкачал.

Фильм получился ярким и красочным, со смешными диалогами, внятным сюжетом и потрясным саундтреком 70-х годов. Искрящийся спецэффектами и не прерывным эшеном все выглядит как нескончаемый аттракцион, но и от этого не появляется чувство переутомления. Приятная глазу картинка, а самое главное не заставляющая скучать история которой во вселенной Marvel еще не было. С нетерпением ждем продолжения и слияние двух команд воедино."
"10,0",Стражи Галактики 2014,"Десятый фильм линейки MARVEL. 

Джеймс Ганн смог вернуть студию в состояние вечного развлечения и веселья, какими были ее первые фильмы. Создатели картины решились на эксперимент, взяв малоизвестную для рядового зрителя супергеройскую инопланетную команду, в которой есть говорящий енот и живое дерево. Но фильм имел бешеный успех, что нельзя не отметить. По сюжету команде из совершенно разных существ, приходится собраться, чтобы дать отпор невероятно сильному противнику, вселенских масштабов Ронану. Тот находится на службе Таноса, которого можно было видеть в ""Мстителях"". 

Звездный Лорд, он же Питер Квилл (Крис Пратт) - обычный парень с Земли, которого забрали в далекую галактику, будучи ребенком. Теперь он зарабатывает на жизнь поиском артефактов, за которые ему положена награда. Волей судьбы он находит новых друзей, без которых уже вряд ли сможет обойтись. Пратт участвовал в фильмах в основном среднего качества, но эта картина выбила его в звезды первого масштаба, доказательством тому стали фильмы ""Мир Юрского периода"" и ""Великолепная семерка"". 

Гамора (Зои Салдана) - приемная дочь самого Таноса. По своей сути она киборг-убийца, но романтическая линия с Питером Квиллом немножко прослеживалась. Звезда ""Аватара"" показывает достойный уровень актерского мастерства, чем очень понравилась. 

Дракс (Дэйв Батиста) - его раса все воспринимает буквально, что порой затрудняет с ними общение. Тем не менее, нашим героям удается найти общий язык. Что касается персонажа, то он у Батиста получился очень интересным и забавным.
 
Ракета (озвучил Брэдли Купер) - енот, жертва кибернетических экспериментов над животными, который теперь умеет говорить, владеть оружием и может быть одним из опаснейших существ. Но как же хорошо, что он в команде хороших парней. 

Грут (озвучил Вин Дизель) - древообразное существо, которое может говорить только: ""Я есть Грут"", и понимает его только Ракета. Да их можно даже назвать лучшими друзьями, учитывая, сколько они всего вместе прошли. Уровень милоты на этом персонаже зашкаливал до безумия, и было интересно смотреть за каждым его действием. 

Так же хотел бы отметить Майкла Рукера и его герой Йонду, довольно колоритный персонаж, он имеет классную способность. А какую, узнаете, когда посмотрите. Великолепная картина, для развлечения и всей семьи. Что касается саундтрека, то он прекрасно этому способствует. Смотрите и наслаждайтесь."
