rating,title,text
"7,0",Гран Торино 2008,"Режиссерский и актерский вклад Клинта Иствуда в развитие киноиндустрии неоценим. В это сложно поверить, но ему уже 89 лет, а он еще остается на коне. На момент создания «Гран Торино» ему было почти восемьдесят, и уже тогда в это было сложно поверить. Но сейчас это меркнет перед тем, что видишь сейчас.
После «Гран Торино» он снял и снялся в качестве актера еще в несколько картинах. Все они также были подвержены успеху. Уже сейчас это как один из пунктов карьеры, но тогда это казалось выдающимся достижением и преодолением себя, что естественно смотрелось необычно. Сейчас по прошествии многих лет, это не только один из пунктов в жизни, но и фильм который вошел в списки лучших картин 2000-х.
Качество работы, даже посей день, остается на высочайшим уровне. Конечно, возможно многие отметят, что высоты качества не достичь на примере его предыдущих работ, таких как «Малышка на миллион», но «Американский снайпер» сумел доказать обратно и убедить всех скептиков, что возраст не помеха.
Для тех, кто любит творчество легендарного Клинта Иствуда – просмотр обязателен, впрочем, легко предположить, что это было бы и без напутствия. В остальном, фильм в любом случаи достоин внимания, не только для поклонников его творчества."
"8,0",Гран Торино 2008,"Режиссер — Клинт Иствуд. В главной роли — Клинт Иствуд. Нет, это не вестерн о Диком Западе. Это реквием по Детройту и минувшей эпохе. О границе цивилизации. Фильм о бесконечном сражении добра со злом, закона с деструктивизмом. Фильм о примирении с прошлым и настоящим.  
 
Уолт Ковальски — старик, проработавший полжизни на заводе Форд. Уолт живет в гетто Детройта. Он последний белый американец, оставшийся в этом районе. Все старые соседи либо умерли, либо уехали, а их дома скупили мигранты. Недавно умерла его жена. Уолт доживает отведенные годы в обществе старой собаки и любимой машины — Ford Gran Torino 1972 г. Мир за окном стал опасней. Уолту ничего не остается, кроме как наблюдать за медленной агонией района, да и всего Детройта. Но перед смертью Бог дает ему шанс найти мир, примириться с собой и восстановить справедливость.
 
“Gran Torino” отображает особенность межнациональных отношений в американском гетто. Неприязнь азиатов к мексиканцам, черных к белым, белых к цветным и тд. Слишком разные люди живут близко друг к другу. Подростки втягиваются в банды, а банды дискредитируют свои расы в глазах остального общества. Человек, хоть и социальное существо, но нуждается в личном пространстве. Чем сильнее это пространство сужается, тем некомфорней и незащищенней он себя чувствует. Мир стал теснее. Это неотъемлемая часть глобализации. Миграция, межнациональная торговля, мировой единый рынок. Для человечества это благо. Но некоторые индивиды становятся заложниками глобализационных процессов.
 
Таким заложником оказался Уолт. Старый мир разрушился, а на руинах выстраивается новый. Уолт — анклав консерватизма в чуждом социуме, памятник ушедшего столетия. Чужим он чувствует себя и в районе, населенном мигрантами, и в кругу семьи. Если с соседями его разделяет язык, цвет кожи и традиции, то с семьей — мировоззрение.
 
Соседи — хмонги из индокитая. Узнав их на бытовом уровне, Уолт начинает относиться к хмонгам, как к отдельным людям, а не чуждой ячейке. Причем эти люди по своим порядкам и традициям ближе Уолту, чем члены его семьи. Иногда человеку традиционалистских взглядов легче найти единомышленников в среде чуждого этноса, нежели в родном. Межнациональные границы уступают место нравственным.
 
В первой половине ленты “Gran Torino” демонстрирует межкультурную интеграцию.  Уолт Ковальски прощает и морально возвышается над собой. Соседский азиатский парнишка Тео заменяет ему сына, а Сью — дочь. Для Тео Уолт — заботливый отец и учитель. Уолт провожает Тео в мир белой, рабочей культуры. Он устраивает его на работу к другу и делает из Тео мужчину.
 
Вторая половина фильма перекликается с российским “Ворошиловским стрелком” и “Американской историей Х”. Здесь Иствуд снова возвращает нас к людским демонам. К вестерну, в котором антагонист не кровожадный индеец, а преступность, деструктивное поведение человека. На акт насилия по отношению к близким друзьям Уолт Ковальски отвечает уже не как ковбой, а как часть цивилизации. Он осуществляет социальную месть. Месть не расовую, а гражданскую. Уолт не пачкает руки в крови, не берет грех на душу, но ценой жизни дает закону возможность сделать общество безопасней для таких, как Сью и Тео. Для честных людей, не увязших в пучине преступных пороков. Пожертвовав жизнью, Уолт спасает будущее Тео. Уолт появляется в фильме, как белый джентльмен, и уходит так же. Он нашел мир и примирился с Богом.
 
Клинт Иствуд в “Gran Torino” демонстрирует классику актерской игры. Пожилой актер отражает дух эпохи и мировоззрение американского ястреба. Диалоги, взгляды, эмоции — жизнь, застывшая в глазах Уолта. Это дорогого стоит. Возможно, в определенных моментах лента становилась для него личной. Иствуд ведь сам — неразрывная часть середины минувшего столетия. “Gran Torino” также стал первым американским фильмом, в котором представлен народ Хмонг и его культура. После войны во Вьетнаме и Лаосе сотни тысяч хмонгов бежали на запад от коммунистов. Большинство хмонгов осело в США. Сейчас их диаспора в штатах насчитывает около 200 тысяч человек. Для съемок Клинт Иствуд пригласил именно хмонгов, а не других азиатских актеров. Реакция на картину в диаспоре, как и в среде критиков, была в основном положительной. Но в азиатско-американском сообществе картину отчасти подвергли критике за: ""the archetypical white savior trope that permeated the film"" (рус. архетипичная белая спасательная тропа, пронизывающая фильм).
 
Иствуд, сняв в итоге антирасистское кино, склоняет нас к простой идее. Бич человечества — человек.  Человек, который ненавидит другого человека. Человек, который готов убить, ограбить, осквернить себе подобного. У этого бича нет цвета кожи, ибо жестокость и зло есть везде. И везде это зло в меньшинстве, относительно людского добра. Окончательно отделить добро от зла может только цивилизация, чье воплощение — порядочность и закон.

“Gentle now
A tender breeze
Blows
Whispers through
A Gran Torino
Whistling another
Tired song”"
"9,0",Гран Торино 2008,"Кинокартина Клинта Иствуда «Гран Торино» доказывает, что Клинт Иствуд не только очень харизматичный актер, но и потрясающий режиссер. В своем сюжете вместе со сценаристами Ником Шенком и Дэйвом Джонсоном, Клинт Иствуд в своем фильме «Гран Торино» изящно завуалировал человеческие ценности.

Есть некий старичок, который истинный патриот своей страны, также сильно презирающий корейцев, считающий, что даже китайцы — корейцы. У нашего героя есть семья, сын и его чадо, которые так и ожидают смерти старика, чтоб получить то дорогое, что осталось у нашего героя со времен войны. Но все это еще ничего, плюс по соседству со стариком живет самая обычная китайская семья.

Вот такая жизнь у Уолта Ковальски и все до тех пор, пока он не разрушает свои принципы в пух и прах и не начинает дружить с этими, как он говорит «Китаезами». Постепенно зритель видит, как в Уолте просыпается человечность, как Уолт начинает симпатизировать своим соседям, которые находят в нем родственную душу. Уолт тоже находит такую душу, это Тао, юный китаец, которого нужно наставить на путь истинный. 

Клинт Иствуд воплощает на экране очень интересного персонажа и в некоторых эпизодах наделяет его повадками ковбоя из вестернов. Многое можно заметить у героя Клинта Иствуда от «Блондинчика» из вестерна «Хороший, Плохой, Злой».

Хоть это и драма, но не лишенная моментов, моментов, что вызывают улыбку и умиление, тут все пятьдесят на пятьдесят и юмор в меру и драмы в меру, но драма конечно же чуток берет вверх, разрушая свои пятьдесят процентов. Герой Клинта Иствуда достоин восхищения и подражания, не супергерой, но человек слова и человек дела. Тао временами видит в нем настоящего отца и как отец, Уолт дает ему массу полезных, жизненных советов.

Не приносящая в сей жанр что-то новое, но обязательная к просмотру картина, картина про доброту и честность, дружбу.

И тут сама машина «Гран Торино» уже на втором плане."
"9,0",Гран Торино 2008,"Круче фильмов Клинта Иствуда могут быть лишь те, в которых Клинт играет главную роль. Мужицкий и бодрящий фильм под стать образу самого актёра. Стоит только взглянуть на героя картины – вышедшего на пенсию автомеханика, ветерана Корейской войны – как буквально с экрана веет мотивацией и адреналином. 

Очень хорошо данный проект выставляет на первый план, так сказать, людей «старой закалки». Повидавший многое, имеющий за плечами огромный опыт ветеран живёт своей жизнью. Ему уже никто не нужен, семья отвернулась от него, многих друзей нет в живых, а по соседству поселились иммигранты. И вот тут открывается скрытая личность героя. Пытаясь скрыть чувство одиночества, персонаж становится замкнутым, ворчливым и нервным. Вроде бы всё идёт своим ходом, любые изменения в стабильном распорядке ведут к грубым последствиям. Из-за чего зритель заключает, что автомеханика лучше не трогать. Мне он напомнил дедушку из пиксаровского шедевра «Вверх». Кажется, что фильму нужен толчок. Атмосфера начинает накаляться у второстепенных героев, но Иствуд спокоен, как скала. До той самой ночи, когда кто-то попытается украсть его «Гран Торино»… 

Идея с названием фильма сначала меня обескуражила, но в процессе просмотра я заключил, что именно транспортное средство является толчком к более масштабным и стремительным событиям. Не новый сюжет, но эпичности, с которой Иствуд появляется из эпизода в эпизод, могут позавидовать многие фильмы. Нам остаётся только наблюдать, как меняется характер человека, как лучшие качества приходят на смену устоям и мировоззрению. Я с большим удовольствием следил за взаимодействием поколений, всегда актуальная проблема «отцов и детей» позволяет шире смотреть на вещи, которые окружают персонажей. Никогда не поздно изменить своим принципам и стать добрее – пожалуй, главный посыл картины. Финал принёс дополнительную порцию ажиотажа. Не сказать, что здесь непредвиденный сюжетный поворот, но всё-таки этого зритель ожидает в меньшую очередь. 
Качественное завершение картины.

Мотивирующая картина с глубокими моральными принципами и школой жизни (при участии Клинта Иствуда). Приятного просмотра."
"7,0",Гран Торино 2008,"…Эта история не про гоночные состязания, как может показаться на первый взгляд (немаловажную роль играет созвучие с одноименной игрой на Playstation), не про престарелого механика (смотрите постер), стремящегося в последний раз где-то поучаствовать или подготовить молодого на смену, не про итальянский Турин, не про гоночные болиды, не про что-то красивое и современное (название обязывает)…

История о престарелом ветеране корейской войны, вдовце, одиноком человеке, живущем в УЖЕ китайском квартале, в гараже которого не запылилась великолепная «Гран Торино» («Форд») 72-го года выпуска…

История – про сейчас.

Это – НАШИ ДНИ!

…Начало фильма отсылает к прощанию в костеле с усопшей женой главного героя, матерью его детей, бабушкой его внуков, в ходе которого становится понятно что из себя представляет ЕГО родня и сам ОН частности – прескверный старик, надо сказать… Который, кажется, так и готов пустить нож в горло каждому из членов своей родни… Потерявшей нормы морали, приличия, уважения, любви к настоящему и истинному. Не имеющей идеалов, живущей в мире алчности и обмана, наплевательства ко всему вокруг, даже к близким. Хотя в то же время и сам старик, но по словам ЕГО родни, производит весьма устрашенное впечатление…

Но первое впечатление о Главном Герое (как вы уже догадались, Клинт Иствуд), разумеется (по всем законам голливудского жанра), является не совсем верным, и за маской вечно бурчащего на всё вокруг и подряд, зацикленного на «своей» войне Уолта Ковальски, скрывается глубоко честный, порядочный, справедливый, настоящий, добрый и отзывчивый человек, патриот своей страны, война которого, в свое время, изменила всю его жизнь, но не изменила его самого, его ценности, его морали, его справедливый и настоящий взгляд на мир и всё вокруг.

Волею судеб, именно после похорон его супруги, разворачивается цепь не самых сложных и страшных, но предопределяющих его финальный итог жизни событий…

Вначале, он, будучи абсолютно одиноким и никому, кроме своей собаки Дейзи, не нужным, присматривается к соседям китайцам (хвангам) и их семье, что живёт справа от его дома. Хотя бы даже подстригая газон и попивая ледяное пиво, сидя в кресле, он наблюдает за ними, их традициями и их  поведением. Чуть позже, он выручает из передряг своих китайских соседей детей-подростков, от лап местных молодежных группировок. После этого, почитаемый всей азиатской роднёй, за спасение подростков от беды, он сближается с ними ещё ближе и осознает, что они – желтоглазые с другого континента и так ненавидимые им все эти годы, ему гораздо ближе и роднее, чем собственные дети, пытающиеся сплавить своего старика в дом престарелых, подальше, ради дорогой редкой машины и целого дома.

Но в сюжете, в это относительно спокойное время (разумеется, опять же согласно законам голливудского жанра и художественного кино из 60-х и 70-х), появляются две немаловажные проблемы: здоровье Уолта – из организма выходит мокрота с кровью (вероятно, это рак) и ответный ход китайской молодежной братии, в ходе которого она терзает подружившегося с Уолтом пацаненка и жестоко насилует его приветливую сестру. 

Конечно же, в такой ситуации Уолт Ковальски молчать не станет. Он признает свою вину за  все случившееся с детьми и решает навек покончить с этими тварями, так жестоко поступившими с юными детьми…

 (..В этот самый момент, момент предполагаемой мести, мы начинаем представлять, как затаившись где-то в кустах, престарелый ветеран внезапно появляется в доме малолетних преступников и начинает их поочередно учить уму разуму, убивая каждого из них на своем шагу…и в конце садясь за решетку, но спасши своих друзей…)

Но мудрый Уолт (весьма похожий, на Брайана Крэнстона) выбирает несколько иной пути, достигая того же самого результата, но давая своим детям-соседям пример для подражания, светлую дорогу в будущее, и оставляя за собой непоколебимый образ Настоящего человека. Простого человека, но Настоящего!

..Он, не давая повод унизить себя перед своими детьми (которые терпеть его не могут), прося денег на лечение взаймы… Являя собой образ чистого и справедливого героя для Тао… Понимая, что жить ему осталось недолго, а у соседских детей вся жизнь ещё впереди… Он самым эффектным и по-настоящему геройским способом дарит надежду китайским детям на справедливость и чистое будущее, ставя свое плечо под пули, но открывая новые дороги в жизни для восхищенных им Тао, его сестрёнки, и идеального «Гран Торино»… Так давно стоявшего в гараже… А сейчас продолжающего… Свой путь!"
