rating,title,text
"8,0",Армагеддец 2013,"Четыре друга детства, решают снова встретиться для того чтобы пройти так называемую  золотую милю. Алкогольный маршрут из 12 пабов. Главные герои возвращаются в свой родной город Ньютон Хэйвен, в котором ничего не изменилось  за 20 лет.Или все-таки изменилось...

Этот замечательный, чисто британский фильм, снял талантливый, чисто британский режиссер Эдгар Райт. Автор зомби комедии Shawn of the Dead и величайшей  комедии 21-го века Hot Fuzz(Типа крутые легавые).

Данный фильм затрагивает тему знакомую абсолютно каждому: Тему взросление и безжалостного течения времени которое забирает все и оставляет лишь приятные воспоминания о прошлом (фильм тем не менее веселый).

Прошлом в котором живет главный герой Гэрри  Кинг, который был ""королем"" в школе.
""Армагеддец""(на самом деле ""Конец света"") начинает довольно спокойно и размеренно, а к середине набирает очень быстрый темп не сбавляя его до конца.

Используя хороших британский актеров и динамичную подачу материала, с погонями и драками и соединяя это с британским юмором и очень трогательной(но не банальной) концовкой, Райт выдает еще один блестящий образец и комедии и в целом стиля.

Получается любопытная вариация на тему куда уходят мечты.

И в  конце концов на экране мы видим персонажей которым можно посочувствовать и которых можно понять. 

Что уже можно назвать большой удачей для современного фильма.
Ведь у каждого человека есть моменты которые ему не хочется отпускать. Как раз об этом фильм Райта. О том каким ты можешь стать через 20 лет и останешься ли ты собой?  И если говорить глобально то этот фильм о том, что даже если весь мир катится к черту это не должно мешать тебе веселиться!"
"8,0",Армагеддец 2013,"Короче говоря, у каждого человека есть мечта. Это может быть новый автомобиль, престижная работа, желание стать знаменитым или же за ночь пройти все пабы в городе. Однако на пути к мечте могут возникать разные трудности, например, может наступить [Армагеддец]. Честно говоря, данный фильм я никак не ждал, но когда узнал, что данную картину снимал Эдгар Райт, создатель таких фильмов как [Зомби по имени Шон] и  [Типа крутые легавые], я с радостью принялся за просмотр. Ведь в нем помимо всего снимался многим знакомый дуэт из [Саймона Пегга] и [Ника Фроста], а это я вам скажу убойные ребята, чья актерская игра просто потрясна. Но смогла ли данная картина удивить?

Вкратце говоря, история расскажет нам о пяти друзьях, которые по молодости пытались за ночь пройти все городские пабы. Тогда им это не удалось и через пару десятков лет Гари Кинг [Саймон Пегг] вновь попытается собрать свою пятерку, чтобы завершить начатое дело. И в этот раз им ничто не сможет помешать, даже инопланетное вторжение. Ведь как гласит слоган, их ждут: «Убойные напитки. Отличная закуска. На десерт – конец света».

Итого говоря, фильм мне очень понравился. Сюжет поначалу кажется, довольно простым и незаурядным, пока само действие не переходит в пабы, где и начинает происходить всякая дребедень. В целом атмосфера фильма наполнена приключенческим духом, которым ты проникаешься при его просмотре. В фильме так же  довольно неплохой юмор и музыкальное сопровождение. Больше всего хотелось бы отметить экшн и эффекты, которые выполнены очень динамично и захватывающе. Касательно актерской игры, то тут довольно не скромный актерский состав, который состоит из людей, чья игра проверена временем. В целом рекомендую данную картину к просмотру, так как данный фильм, это хорошая возможность провести один из своих вечеров. Наслаждайтесь."
