rating,title,text
"9,0",Резня 2011,"Что случится, если один одиннадцатилетний мальчик ненароком выбьет пару зубов другому? Физическая травма на всю жизнь? Надлом психического состояния? Отнюдь, нет. Казалось бы, вполне обыденная в школьном кругу ситуация. С кем не бывает. Однако, если в роли зачинщика драки сын легендарного Романа Полански, а все это лишь сцена из его недавнего фильма «Резня», поставленного по пьесе Ясмины Реза «Бог резни», то обстоятельства приобретают совсем непредсказуемый характер. Начинается интереснейшая игра слов, плавно перетекающая в игру на выживание. А главными действующими лицами выступают уже взрослые дяди и тети, родители беснующихся мальчишек, которые при столкновении характеров выдают что-то покруче, этакие большущие ребятишки с пылкими сердцами и бешеными глазами.

Будучи камерной трагикомедией картина сильно напоминает театральную постановку, в которой действие разворачивается в замкнутом пространстве с минимум действующих лиц и приспособлений, коим является квартира потерпевших. Тем яснее становятся образы персонажей, раскрытие которых полностью лежит на плечах актеров. Так что схалтурить и облажаться в данном случае нельзя не при каких обстоятельствах. Там, где в центре картины лежит изящество слова, а на каждый провоцирующий вопрос найдется колкий ответ, завязывается борьба не на жизнь, а на смерть. И совсем неважно, что слово «смерть» в данном случае носит всего лишь переносное значение. Слова, порой, бьют посильнее физического рукоприкладства. Именно так происходит и в фильме. А ведь все начиналось иначе — вежливое, дружелюбное общение вполне себе милых парочек. Но переломный момент был не за горами. В один миг вкусный пирог превратился в элемент борьбы. Или накануне выброшенный хомяк. Или… ах, да, выбитые зубы. Впрочем, неважно, с чего все началось. 

Задействованные актеры прекрасны. Они справляются «на ура», и пусть женская половина местами переигрывает и заигрывается с эмоциями, а мужская, наоборот, чуточку не доигрывает, тем самым, не дотягивая до утонченного совершенства. Пусть и так. Да какое это имеет значение, когда на экране уже вовсю бушует ураган из прыткости и ловкости при увиливании от ответов и однокоренной «ответственности». Тогда, как словесные разбирательства плавно перетекают в ощутимые убытки от естественных процессов, а единственный в кадре мобильник уже не замолкает ни на секунду, лишь только обыкновенный фен становится спасительным элементом в данной ситуации, этакая палочка-выручалочка на все времена. А тем временем словесная вакханалия все еще продолжается и по степени напряженности набирает обороты… Несварение желудка Уинслет постепенно переходит на второй план. Что же в этом смешного? На первом же теперь — неказистая вещица, средство связи и главный раздражитель, мобильник. Ох, и достанется же ему в финале, огребет постоянно звонящая штуковина по полной.

А тем временем повздорившие детишки уже снова беспрепятственно возобновляют общение, в то время как их взбалмошные предки все еще пытаются отстоять свое собственное «я» в замкнутом пространстве безумного разума.. Вот такая она, жизнь, цепкая и изматывающая."
"7,0",Резня 2011,"Комедия без компромиссов. Именно так и звучит тэглайн «Резни» Романа Полански. Герметичная история о двух семейных парах, поводом встречи для которых послужили разборки их ненаглядных детей, концептуально ближе к театральной постановке. Смелый эксперимент, строго говоря, не такой уж и новый в кинематографе (и блестяще был реализован, например, в «Догвилле» https://www.ivi.ru/watch/99976 ), но «Резню» выделяют несколько элементов. Во-первых, представить себе подобную ситуацию и историю в каком-то ином, более кинематографическом обличье, просто невозможно. Во-вторых, «Резня» представляет собой чистейшую комедию, причем в классическом, греческом смысле этого слова.

Итак, четыре невероятных человека собрались в квартире, чтобы обсудить проступок своих детей. Персонажи прописаны до мельчайших деталей и этим подкупают; к концу фильма они для зрителя будут чуть ли не родными. Пенелопа (Джоди Фостер) – женщина с активной гражданской позицией. Её муж Майкл (Джон Си Райли) – простой человек, который хочет казаться более мускулинным, чем он есть и, очевидно, находящийся как раз в кризисе среднего возраста. Их «антагонисты»: Нэнси (Кейт Уинслет) – скромная и в чем-то лицемерная мать «противоборствующего» семейства, и, конечно же, её супруг Алан (Кристоф Вальц) – деловой человек, вечно решающий рабочие вопросы в «семейное время». 

«Резня» дает всем участвующим актерам возможность чуть ли не исполнить мечту. Четверка главных актеров сидят в замкнутом пространстве и демонстрируют нереальный класс лицедейства. Они не просто показали настоящих, живых героев. Все артисты показали то, какими эти люди себя ощущают, они показали и нутро и, при этом, маски, которые надевают их персонажи в социуме. Думаю, это как раз тот фильм, удовольствие от которого кроется именно в актерской игре. 

Второй сильной стороной «Резни» является именно режиссура. Персонажи ведут мастерски прописанные диалоги. И если тот же «Догвилль» подкупал, скорее, общим подходом к повествованию и интересным сюжетным поворотом, то тут зрителя способны заинтриговать, опять же, не сами диалоги, а то как герои их ведут: жестикулируют, отпускают ненавязчивые бытовые комментарии и т.д.

Но самым главным достоинством «Резни» можно точно назвать «мессадж». Так или иначе, но кто-нибудь да узнает себя в ком-нибудь из четверки главных героев. А хомячок, служащий, завязкой сюжета поразительно напоминает крысу из «Крысятника» Озона (https://www.ivi.ru/watch/114794 ) – именно после его упоминания тема разговора становится все более неловкой. А кульминация в очередной раз показывает, кто на самом деле в семье ведёт себя как ребенок."
