rating,title,text
"10,0",Исходный код 2011,"Фильм - сияющее великолепие! Бенджамину Рипли надо научную фантастику писать, а не разменивать талант на сценарии.

Игра актёров хороша, персонажи интересные, сюжетные повороты динамичные: триллер сменивший драму, драма сменяется великолепным финалом. Не затянуто, доступно и научно. Любители научной фантастики вроде &quot;Призрака в панцире&quot;, &quot;Лабиринта отражений&quot; и подобных, а так же вопросов &quot;что есть бытие?&quot;, &quot;где границы реальности?&quot; будут в восторге.

Тем, кто хочет познакомиться с научными теориями, объясняющими как события фильма могут быть действительно возможны - Нильс Бор и квантовая механика, теория струн и иже с ними к прочтению."
"10,0",Исходный код 2011,"З-а-м-е-ч-а-т-е-ль-н-о! Реалистичная фантастика, что есть привлекательно. Спасибо создателям за сей сюжет и грамотно отображенную реакцию на события участников (персонажей) съёмок. Так же, порадовала игра актеров. К тому же, идея событий весьма нова (только не путать с тупым &quot;возвратом в прошлое&quot;). Тута совсем иное. Иная понимание (в фильме) попытка донести смысл до зрителя, иная форма его подачи, иная, в отличие подобных, попытка держать зрителя в напряжении и ожидании развязки... И! (Исключительно на мой скромный взгляд): постановка вопроса: а что бы Вы смогли сделать за восемь минут? Откровенно признаться, один из немногих янковских фильмов, которые, как по сценарию, так и по съёмкам+ игре актёров плюсую в свою фильмотеку. Благодарю, что выложили."
"10,0",Исходный код 2011,"Хороший фильм! Действительно мы не знаем последствий наший действий. Не только действия, но даже слово, одно слово, может изменить чью то судьбу.
    Фильм дарит надежду, что всегда найдётся человек, который поймёт &quot;душу&quot; и даст другому человеку шанс  не только умереть но сложить свою жизнь иначе. Возможно даже лучше. Погоня за научными открытиями, должна, обязательно должна быть и гуманистической."
"10,0",Исходный код 2011,"Фильм хорош. Мне очень понравился. Необычный и захватывающий сценарий, красивый актер. Есть некоторые не состыковки - но это же фантастика. И про любовь не забыли, здесь речь идет о любви сына к отцу. Переживала что конец будет печальным, но все закончилось хорошо - я рада! Вообщем 90 минут не прошли даром. Если бы фильм был скучным, я бы и не стала смотреть его до конца. Смело ставлю оценку 10!!! Желаю всем прекрасного просмотра!!!"
"10,0",Исходный код 2011,"Мне очень понравился фильм. Получил то, что ожидал и даже больше. Боялся, что будет больше похоже на боевик, чем на фантастику. Мой страх не оправдался. Очень доволен. Смотрел один и понял, что этот фильм можно смотреть не только с женой, но и с дочерью. Нет крови (почти), нет матов и других выражений, нет сверхфантастических летающих машин и т.п. Я бы сказал, что эта фантастика приближена к реальности."
"5,0",Исходный код 2011,"Купился на &quot;сына Девида Боуи&quot;. Перед тем, как у меня должен был родиться сын, на новый 87-й год Гостелерадио СССР показало фильм &quot;Лабиринт&quot;. Мы с женой тогда решили, что злодея играет рок-звезда, и не ошиблись.
Идея фильма интересная, хотя и не новая. Кстати, не сразу догаладся, отчего мне знакома фабула - рассказ Ст. Лема &quot;Терминус&quot;. И переходы в другой мир в стиле Аватара. Опять же эти чудеса от поцелуя в конце, остаётся только пропеть второй трек с бессмертного &quot;American Life&quot; американской поп-дивы. Что действительно интересно - так это движения глаз Vera Farmiga, единственное, от чего действительно &quot;что-то там внутре&quot;.
В принципе, сводить девушку в кино - вполне подходящий фильм."
"10,0",Исходный код 2011,"Потрясный фильм! Сначала немного непонятно и нудно, но после - я просто не могла оторваться! Тем, кто верит в чудо, в любовь, любит немного фантастические фильмы - очень понравится! Немного сказка, но все же, так узнаваемо это чудо в обычной жизни. Игра главного героя впечатлила - я поверила ему на 100%. Стоит посмотреть, чтобы немного перевернуть реальность, увидеть новые грани своей жизни, расставить приоритеты."
"8,0",Исходный код 2011,"Фильм по типу флэшбэк-муви, ну, почти...  Взят один эпизод и обыгран множество раз с некоторыми вариациями, так, что кто не любит фильмы такого типа - не тратьте время...
Для остальных же - рекомендую. Не то, чтобы это был шедевр, но сюжет как минимум не тривиален. Как обычно, много соплей, идеологических штампов, но если абстрагироваться от этого, то и ничего. Вообще, это больше мелодрама, чем боевик. 
Интересна и режиссерская работа. В крохотный эпизод вложено море экшена и, как ни странно, несмотря на бесконечные повторы, напряжение держит весь фильм."
