rating,title,text
"8,0",127 часов 2010,"Общее впечатление: 

Мой слоган: На что вы готовы чтобы выжить? 

Фильм британского кинорежиссера Дэнни Бойла рассказывает нам о настоящей истории скалолаза Арона Ралстона, который попал в очень неприятную ситуацию. 

Арон Ралстон реальный человек — американский альпинист, известный тем, что в мае 2003 года во время штурма одного из склонов в штате Юта, попал в расщелину, где ему придавило правую руку. В настоящее время Арон Ралстон является примером мужества, символом героизма в горах. После просмотра фильма я восхищалась его смелости и желанием жить! 

В первую очередь хочется отметить, что это жизненный фильм. ЖИЗНЕННЫЙ. Здесь не нужно думать о высоком и каком-либо гениальном посыле. Тут борьба за жизнь. 

Я люблю кино 1-2 героев, несомненно, именно тогда и раскрываются актеры по-другому. Джеймс Франко сыграл просто бомбически! Франко показал, какой Арон был самонадеянный и как он «споткнулся» о свой камень. Поразилась не раз насколько точно Джеймс передает эмоции, смешивая печаль от безвыходности и подтрунивание над собой (Герой фильма отправился покорять склоны и даже никому не сообщил об этом!!!) Он сумел передать характер героя и его одиночество в такой ситуации, его борьбу. Как смог герой сохранить контроль над собой в таком положении: без еды, воды, средств! Его размышления, наталкивают на мысли, что нас каждого ожидает камень, свой. Я даже не представляю, каково было реальному Арону там! Одному! 

Хочу отметить, как ярко выражена психологическая обстановка, нарастающая с каждым кадром. Смена дня/ночи и что именно важно для человека. Атмосфера трагичности лишь затягивает, погружая нас в безысходность происходящего. После просмотра, понимаешь, насколько важна каждая секунда в жизни. 

Эта история просто невероятная и думаю каждый сможет вынести свой урок, как сделал это Арон Ралстон. 

Советую каждому киноману и просто зрителю, не проходите мимо.

Мораль: 

1. Не будьте эгоистами, говорите любимым важные слова. 

2. Не покупайте китайские ножи."
"9,0",127 часов 2010,"Фильм принудит какого-угодно непоседу сесть, замолкнуть и следить. Особенно лакомым кусочком станет для любителей и обожателей напряженки, поверьте, такой непростой у вас ещё не было. 

Да, Бойль в выражениях не постеснялся, как и всегда впрочем. Досадно, что некого похвалить за такой шикарный сценарий, ведь, как ни печально, человеку довелось в реальном времени через это пройти... Но все равно Денни всегда найдётся за что одарить похвалой, как и он одаряет нас, извлекая экшн из ничего, изображая обычное сквозь необычные ""измерения"".

Как человеку ощутить такой приплыв свободы к губам, как прибить эту жажду приключения, настоящего, таимого ото всех, если не в полном сухом одиночестве, лишь с потрескавшимися величинами бок о бок да различными сокрытыми лазейками. Хотя даже здесь набредешь порой на таких, что с радостью пригласят на вечеринку. Так поспеши ускользнуть от тех, чьей основной забавой в этот вечер будет питье! Пусть у каждого свои желания, стремления, но у жизни план один, с тобой не согласованный, увы. 

Не смотря на всю твою удачу, которая, конечно же, вся при тебе, нечто полезное таки действительно оказывается под рукой, хотя что там...

Познай себя и свои способности, человек, познакомься со своим местом на земле, познай истинную жажду, трудности выбора, силу духа. Пообещай смыть с себя все и снова остаться живым!

В этом фильме Франко настолько он сам, настоящий, что я всячески избегаю неуместного здесь слова ""сыграл"". Ведь он трудяга в действительности, а что мы наблюдали, как не труд, собственно? Лучшая кандидатура, с которой все происходящее вяжется, так хорошо, как тросы вокруг него и злополучной преграды. Его лицо никогда не теряло того луча, которого так не хватило холодной ночью, но который обязательно активизируется в одно из утр.

Что бы не происходило на экране, мне затруднительно назвать фильм депрессивным. Это преходящее безумие под тенью отчаяния, но всегда готовое опрокинуть её, ностальгируя возвращаться лишь в тёплые моменты, смех воображаемого телешоу, образец самообладания и знаток, умелый распорядитель своих ресурсов, как может это нагонять тоску? Бойль взял в тиски наши челюсти, сжимая наши зубы в вопле одновременно с очередной потугой борца, разжимая в крике неумолимой боли за попытку освободиться не без вреда и ущерба для себя. Денни любитель погружений, бурлений, буквальных и нет, во всевозможные пучины, миры, среды. Его герои нередко залезают туда, откуда ой как непросто выбраться, и обыгрывает это так умело и с неким даже удовольствием и стилем он один."
"10,0",127 часов 2010,"Я узнала о фильме из списка фильмов, при просмотре которых зрители покидали зал преждевременно. Также безусловно фильм заинтересовал тем что в главной роли Джеймс Франко, так еще и с номинацией на Оскар.

В основе фильма лежит реальная история некого Арона Ральстона, который в 2003 году, провёл в горной расщелине почти шесть дней после того, как его рука оказалась зажата камнем весом более 300 килограммов, при том что никого не предупредил куда он пошел. Невероятная история не правда ли? Жуткая. Жизнь или смерть... Думаю многие выбрали 2... Легче перерезать горло, чем руку - кость, мышцы, сосуды, суставы... Тупым ножом... Даже подумать страшно.

Фильм поражает своей натуральностью, актерской игрой и звуковым сопровождением.  Он действительно из тех где нужна заставка ""Убедительная просьба - убрать от экрана слабонервных, беременных женщин и детей"". Я являюсь достаточно психоустойчивым человеком, но происходящее на экране заставляет нервничать, волноваться и удивляться. Это действительно один из тех фильмов которые могут зрителя не то чтоб зацепить, а навалить на него гору эмоций. 1:33 хронометража зритель тонет в океане волнующих эмоций. Фильм по настоящему невероятный, а если принять к сведению, что он на реальных событиях, то просто восхищаешься способностью человека в стремлении к жизни.

Тут отличное, если конечно не придираться, не копаться глубоко, просто все. Пейзаж, музыка, единственное может это некоторые кадры съемки как то выглядят не очень, типа снизу вверх, сверху вниз, но это мелочи. Что касается звука, многое просто нереально звук кости, тот момент когда он режет артерию.... Пробирает до дрожи.
Зная актерские работы Джеймса Франко, больше по комедиям. В ""127 часов"" его актерская игра захватывает, поражает и восхищает. И наверное для меня на данный момент это лучшая его работа. Так же как и лучшая она режиссера Денни Бойла, по крайней мере из мной просмотренных фильмов.

Фильм стоит смотреть. Как наверное многие из тех что, основаны на реальных событиях. Чтобы знать о воле человека, стремлении к жизни, судьбе... Но наверное стоит сначала трезво оценить свою психологическую готовность к определенным сценам."
"9,0",127 часов 2010,"Посмотрев «Пляж» Дэнни Бойла, я не откладывая в долгий ящик замыслил просмотр картины «127 часов». Я решил что знаю чего ждать от режиссёра и мои ожидания отчасти оправдались, но я никак не мог ожидать того что фильм будет настолько минималистичным. Всё действие происходит от силы в двух локациях и потому визионерам и сценаристам нужно было как-то постоянно подогревать атмосферу чтобы не стало зрителю скучно, но поверьте – скучно не будет, как и в «Пляже» здесь есть хороший динамизм при ограниченных средствах, что делает фильм несомненно ценным образцом психологического триллера с сильнейшим фактором мотивирующей кинокартины. Посмотрел этот фильм и хочу незамедлительно поделиться своими положительными впечатлениями от фильма. Чем и займусь сейчас.

Сюжет повествует нам о любители экстрима Аароне Ралстоне, которому не повезло в одну из пятниц две тысячи третьего года отправится к своему любимому холму и упасть в расщелину тем самым нажив себе большие проблемы. Эта безусловно драматичная история снята на основе книги написанной самим Аароном Ралстоном под названием «Между пулей и наковальней» в которой он описывает всё то что происходило с ним. Весь фильм – это история о том чего стоит выживание в экстремальной ситуации и к каким средствам приходится порой прибегать чтобы остаться в живых. Тематически фильм схож с работой «Погребенный заживо» ибо оба фильма говорят о человеке наедине с судьбой когда никто не может помочь тебе и всё зависит только от тебя.

В те мгновения, что вечностью кажутся, когда доведён до полного отчаяния и всё что остаётся – это размышлять о своей жизни, о том что ты в ней упустил, какие поступки совершил. Станет ли для кого-то трагедией твой уход из этого мира. И в моменты особо сильного отчаяния начинаешь не столько жалеть себя, сколько находить новые силы для выживания, когда хочешь поставить на колени Смерть и доказать что ты неубиваем, что мало пригвоздить тебя камне к расщелине – нужно нечто большее. У Аарона неимоверная сила воли и жажда жизни. Он спешит исправить всё что сделал  и это наталкивает на размышления о том как бы мы повели себя в этой ситуации и не сгинули ли мы после первых же суток проведенных в этом, без преувеличения будет сказано, Аду.

Рецензия моя будет не самой большой, а посему приступлю к разбору актёрской игры. Джеймс Франко здесь выдал максимум своих возможностей, сильная, эмоциональная и проникновенная игра этого актёра могли бы принести ему Оскара, но последнее время у Академиков едет крыша и идут они вразрез со всеми ожиданиями. Актёра помню ещё со времён «Человека-паука» Рейми. Это однозначно лучшая роль в карьере актёра. Кейт Мара и Эмбер Тэмблин здесь актёры эпизода, но и их образы всплывают в голове героя, помогая ему цепляться за жизнь, обе девушки красивы и обаятельны. Кейт последний раз видел в «Марсианине» где она хорошо сыграла, а Эмбер для меня как была так и осталась Мартой Мастерс из сериала «Доктор Хаус», здесь же особых высот не хватала, да и времени экранного не хватило, чтобы сделать какие-то выводы. В целом все актеры молодцы.

В качестве итога: рекомендую посмотреть этот фильм, потому что это жизнеутверждающая история о том что в английском языке называется «survivor» или по-нашему о выживании. Это сильный психологический триллер со сценой, которую цитировал Дэдпул в сольном фильме о себе, только здесь к этому готовились пять дней, а парень в красных штанах сделал это с величайшим цинизмом, а по сему и впечатление от поступка неоднозначное. Здесь это сильный психологический ход который оправдан и ситуацией, и сценарием, и жизнью. Всем добра и приятного просмотра!"
"10,0",127 часов 2010,"Этот фильм получился просто отличным. История человека, который практически пять суток просидел в ловушке и смог выбраться из нее только после того, как понял, насколько ценна его жизнь. Казалось бы – что можно из этой истории сделать в визуальном плане? Как показать метания, силу воли, мысли, которые раздирают главного героя в процессе этих долгих дней. Это же не книга, где можно просто написать все то, что он чувствует. Это фильм, все должно быть визуализировано и вызывать эмоциональный отклик у зрителей. И Денни Бойл прекрасно это реализовал. Хотя это было совершенно необычный опыт. 

Для начала, он использовал огромное количество клиповых технологий и наработок. Резкие смены ракурсов, разбиение экрана, видео с разных источников, картинка-в-картинке и так далее. Да, казалось бы, это будет очень странно смотреться в подобном фильме, но, оно действительно подошло как нельзя лучше. Отлично легло на атмосферу этого фильма. Герой – альпинист-экстремал, любитель прокатиться на велосипеде по пустыне, или в одиночку полазить где-нибудь в горах. А может и просто прыгнуть в подземное озеро через узкую расщелину в скалах. Так что, эти все визуальные решения были вполне в его духе. Они не отвлекают от трагедии человека, они просто дополняют её новыми красками и акцентами.

Герой, который все это время сидит в западне, умудряется общаться с камерой, записывая на нее свои мысли, чтобы эту запись потом можно было отдать родным. Ему снятся сны, и позже приходят галлюцинации. Он дурачится для поднятия духа, или просто, чтобы скрыть свою истерику и не дать ей не единого шанса вырваться. Он пытается выбраться из этой ловушки, акцентируя свое внимание и внимания зрителя на каких-то деталях. Пролетающий в вышине ворон, муравьи, ползающие по стенам этой расщелины. Мелкие песчинки на камнях. 

Операторская работа здесь на высоте. Необычные планы, углы обзора, динамика съемки – все это совершенно неожиданно. Если честно я от подобного фильма такого просто не ждал. Думал, что это будет что-то вроде «Погребенного заживо». Но оказалось, что это нечто большее. Словно большой клип в стиле экстрима, посвященный силе воле человека. Энергия и динамика современной жизни, сменяется практически статичной картинкой, с небольшим движущимся элементом, а потом вновь нарезка экшн-кадров. Или ландшафт, по сравнению с которым человек – всего лишь мелкая мошка. Флэшбэки героя – словно попытки его осознать собственную жизнь. Ну да, это все такие художественные метафоры и подобные вещи. 

Прекрасно здесь отыграл и Джеймс Франко. Задачка перед ним стояла еще та – играть практически в одиночку весь фильм. Показать всю гамму чувств. Счастье и восторг в начале фильма. И недоумение в первые секунды западни, и потом уже по накатанной – паника, оптимизм, подбадривание себя, отвращение, смирение, гнев, сожаления и еще куча подобных эмоций. Он в этом фильме выложился на полную и просто сделал этот фильм. 

Музыку в этом фильме не замечаешь, и это, пожалуй, высшая похвала – она настолько органично сливается со всеми остальными частями фильма, что ощущается только где-то на подсознательном уровне. Вообще, фильм удивительно ладно скроен. Все его части подогнаны друг к другу просто идеально. Музыка дополняет видеоряд, видеоряд сочетается с актерской игрой, актерская игра сливается с операторской работой в визуальном экстазе. Все направлено на то, чтобы вызвать у зрителя душевный отклик на эту историю. И это получается – как с первых кадров происходит захват внимания зрителя, так и не отпускает до самого конца. А в конце, когда уже хочется выдохнуть, то вместе с этим выдохом появляется желание все это обдумать.

На что способен ты лично в подобной ситуации? Сможешь ли сделать что-то подобное? Как ты оцениваешь свою жизнь? Что удержит тебя в такой ситуации «на плаву»? И тому подобные вопросы. Конечно, у каждого они будут свои, но это уже хорошо, что они появятся. Этот фильм – отличный образчик мотивирующих кинокартин."
