rating,title,text
"8,0",Гадкий я 2010,"Агнес, Марго и Эдит глаза округлили,
В гадком Грю добро разбудили

Нет истинного зла (пусть в этой истории его не будет)

А ведь верно сказано — нет истинного зла, хотя, остроносый Грю, производит впечатление гадкого человека, все может измениться в один день, час или миг. Мир устроен так, что доброта, заложенная в людях, не остается в темных закоулках души и ей свойственно пробуждаться от маленьких сюрпризов судьбы, а в случае с нашим «злодеем», сюрпризы оказались и вправду маленькими. Просто Грю об этом еще не ведая занимался завоеванием мира, а также всякими злодейскими делами, вопросы о семье, а уж тем более об отцовстве, оставались где-то на периферии, да и миньоны здорово отвлекали, эти маленькие желтые создания, не имеющие определенной истории происхождения. Однако не будем отвлекаться и ответим на один вопрос, как думаете, Грю вправду хотел быть суперзлодеем? Нет, только вот очень хотел признания мамы и стал тем, кем и является, и вполне объяснимы его дальнейшие поступки, предсказуемые, но правильные, человечные.

«Гадкий я» яркий образец семейного мультфильма (ну, уж точно не «Кто подставил Кролика Роджера», где людям сейфы на голову роняют, так что можно смело смотреть), где грамотно показаны рефлексии человека, жаждущего найти свое предназначение, постоянно занимающегося самообманом. Это грустная вначале и радостная посередине история, очень близкая многим зрителям, которые осознают насколько важно радоваться появлению подарков в жизни, а еще чудеснее от них не отказываться, даже амбициозное желание похитить луну может разлететься в пух и прах. Поэтому не удивительно, что эта красочная сказка в коротких сроках обрела огромную популярность, и киноманы довольны и режиссеры сыты. Пьер Коффан и Крис Рено заправили свой рассказ не только эмоциональностью, но и крепкой долей нужного драматизма, удивительно что при таком любопытном составе не забыли про юмористическую составляющею, которая ощутима с первой же экспозиции. Концепция-то простая, но не всем режиссерам удается уместить сразу несколько жанров в одном фильме, и быть от этого в выигрыше, иногда получается до боли скучно, однако это не про нашего остроносого друга.

Не закрывайте сердце перед любимыми, меняйтесь, пока еще не поздно, а то рискуете весь остаток жизни провести в бесцельных поисках счастья, которые ни к чему не приведут, не стыдитесь быть лучше. Основные мотивы и напутствия создателей ленты ясны как день. Вместе мы будем наблюдать, как Грю проходит через психологические и эмоциональные метаморфозы, терзая себя сомнениями, а если и этого мало, то на пути своего восхождения к новой жизни, ему будет мешать злодей Вектор, одновременно схожий некоторыми чертами характера с Грю, однако не меняющиеся к лучшему, тактичный намек на то, каким героем или злодеем быть не нужно."
"9,0",Гадкий я 2010,"В 2010 году вышел мультфильм ""Гадкий я"", который полюбился многим зрителям, как взрослым, так и детям. Лента расскажет вам о злодее Грю, который вечно угрюмый и пытается остаться в списках самым опасных преступников. Но ему на пятки наступает молодое поколение. В надежде не сдать позиции, он удочеряет трех сироток, Марго, Эдит и Агнес, которые могут ему помочь в одном коварном плане. Но за погоней к успеху сам не замечает, как проникается любовью к этим девочкам и вопрос злодейства ставится под угрозу.

Так же у него в подчинении есть такие желтые существа, которые немного придурковатые, милые, смешные, и говорящие на своем непонятном языке. Именно они и подогревают интерес к мультфильму, и очень гармонично дополняют его. Курьезные моменты, в которые они попадают, очень смешные и не дают улыбке сойти с лица.

Именно с 2010 года мир узнал о миньонах, и сделал их культовыми. Игрушки, игры, сувениры, мир реально сошел с ума на них. Конечно, с годами все утихло, но сейчас уже франшиза насчитывает 3 части, плюс один спин-офф, про них самих, не считая короткометражки о желтых чудиках, и это, я думаю, не предел. Смотреть обязательно всей семьей.

Кстати, обмолвлюсь об озвучке и дубляже. В оригинале Грю разговаривает голосом Стива Карелла, и он это делает с акцентом, что нельзя понять по дубляжу от Ярмольника. Но все равно его работа неплоха. А вот главного противника Грю, Вектора, в русской версии озвучил Марк Тишман, и его точно стоит похвалить, потому что придал он этому персонажу необходимый для него шарм."
