rating,title,text
"9,0",Турецкий гамбит 2005,"Вчера вечером мной был завершен просмотр полной версии фильма «Турецкий гамбит». За первый фильм трилогии – «Азазель» я не смог получить кровные, ибо фильма нет на сайте ivi.ru а значит пришлось получать эстетическое удовольствие от фильма и изливать свои мысли для другого не менее известного портала о кино. И конечно же я не смог удержаться и пересмотреть фильм «Турецкий Гамбит», но теперь уже полную версию в виде сериала, которая меня снова зацепила и не отпустила до самого конца. Далее буду делиться своими впечатлениями от фильма и мыслями по этому поводу.

Сюжет фильма разворачивается через несколько лет после дела Азазеля и мы обнаруживаем Эраста Фандорина в роли сербского волонтёра, скрывающегося от турецких войск в подсолнечных полях, таковы вступительные сцены фильма, предваряющие дальнейшие события. Историческая эпоха – 1877-1878 года. Русско-турецкая война. Фандорин добывает в тылу врага наиценнейшие сведения, способные изменить ход войны, тем временем в военное расположение пребывает Суворова Варвара Андреевна, дабы навестить своего возлюбленного Петеньку Яблокова, со своими шестью диоптриями никак не сочетающегося с полем боя, а потому его работа – шифровка и пересылка сообщений большой важности. Уже с первых кадров фильма стало ясно что создатели и продюсеры подошли к работе со всей серьёзностью, сделав фильм чуть более смотрибельным чем предыдущий и более интригующим. Разительные измерения претерпел Фандорин, если в предыдущем фильме он был слишком прост и наивен ввиду своей молодости, то теперь ко всем характеристикам Эраста Петровича добавилось ещё и заикание плюс ко всему видно что персонаж повзрослел, но при этом осталась в нём какая-то детская непоследовательность и маленькая ленца. Варвара Андреевна же – типичная девушка того времени, когда благородство человеческого сердца были как никогда актуальны и если ты увидишь обнажённую ножку, тебе уже за это дадут нехилую оплеуху. Приятно что даже на войне есть место миру и жизни, даже детективная линия не кажется надуманной потому что удачно вплетена в основную канву повествования, что не может не радовать.

Фильм выглядит как заправский исторический блокбастер, есть место и погоням, и перестрелкам и за время просмотра тебе не становится скучно а от серии к серии интерес растёт и растёт и этих четырёх серий достаточно чтобы влиться, вжиться и пронести сквозь себя всё то что нам предлагает данный фильм. Нет смысла говорить о том что я не читал книг, но после просмотра всех фильмов обязательно это сделаю, прочту хотя бы те по которым  сняли фильмы, уверен что будет интересно сравнивать.

Актерская игра меня порадовала. Больше всех хочу похвалить Егора Бероева, воплотившего именно того самого Фандорина, который виделся многим зрителям, ещё более удивительно почему его изначально не взяли на эту роль, возможно по тем причинам что я упоминал выше: первый фильм был про юношу-максималиста, стоявшего только в начале своего сыскного пути,  а здесь он уже опытный но всё ещё молодой человек. Удивлялся я как ему идёт образ Джентльмена и мне кажется что Бероев может сыграть одинаково хорошо, как русского так и узбека. И ещё всё-таки поделюсь своим наблюдением, что он мне чем-то напоминает Антонио Бандераса  в молодости, есть у них нечто общее. Ольга Красько. Редко наблюдаю эту актрису в кино, но если что-то и вижу, то её роли мне непременно нравятся, понравилась в «Есенине», запомнилась в «Учителях» и здесь она тоже хорошо играет, благо её персонаж соотносится с образом романтической особы конца восемнадцатого – начала девятнадцатого веков. Ей приходится частенько играть подобные роли, потому в ней я даже не сомневался. Дмитрий Певцов исполнил роль обаятельного сердцееда и галантного кавалера Зурова, до этого просмотра не понимал какую роль Зуров играет в судьбе Фандорина, пока не посмотрел предыдущий фильм. На мой взгляд подловил все детали характера персонажа что мне тоже очень нравится. Алексей Гуськов отлично сыграл Казанзаки, хотя и производит поначалу не очень приятное впечатление, но тоже судьба его незавидна. Александр Лыков – человек, который создан для того чтобы играть неожиданных персонажей, ему лишний раз удалось показать что он умеет перевоплощаться и до последнего не веришь исходу дела.

В качестве итога: Фильм отличный и отличным его делает именно сериальная версия, в которой чуть крупнее показаны основные персонажи, чуть больше драмы и нет ощущения недосказанности, всё что можно было сказать было уже сказано. Хороший фильм, отличный сериал, мне понравился. Оценю его в девять баллов, рекомендую к ознакомлению именно в версии сериала. Всем Добра и Приятного просмотра!"
