rating,title,text
"8,0",Неизвестный 2011,"Неизвестный — один из хороших примеров довольно интересного фильма, снятого за небольшие деньги. Съёмки обошлись всего в 30 миллионов. По совместительству, одна из лучших работ Хауме Кольет-Серра на режиссёрском поприще. Фильм с Лиамом Нисамом и Дайной Крюгер на главных ролях, собрал в итоге сумму превышающую бюджет более чем в 4 раза. В будущем режиссёр снимет ещё пару крутых фильмов с Нисамом, о которых я напишу позже, в жанре детектив-триллер, пересмотреть которые благое дело.

Данный фильм можно описать как симбиоз Шестого дня (2000) с Арнольдом Шварценеггером и Иллюзии полёта (2005) с Джоди Фостер. Микс получился добротный. Доктор Мартин Харрис приезжает со своей женой в Берлин на научный симпозиум. Они приезжают в отель, снимают номер, всё более чем обыденно. По срочному делу протагонист продолжает поездку по городу, но случайно попадает в серьёзную автомобильную аварию. Выйдя через 4 дня из больницы, он возвращается в отель, где его никто не ждёт и даже не знает. Жена выглядит так, будто впервые видит его, а рядом с ней неизвестный человек, называющий себя её мужем, и имеющий документы, подтверждающие, что именно он Доктор Мартин Харрис. Добивающий фактор это фотография где этот человек сидит вместе с его женой в обнимку в кафе, которая рушит последнюю надежду на правдивость воспоминаний протагониста, заставляя задумываться, где собственно правда. Последний шанс узнать истину это таксистка, подвозившая героя в день аварии. Теперь герой должен найти эту девушку, узнать правду и не дать себя убить таинственным преследователям. 

Фильм динамично развивает действие, сохраняя атмосферу неизвестности по мере просмотра. За героем начинают следить, пытаются убить, сначала незаметно, а потом наступают в открытую. Сценарий может похвастать неплохой детективной частью, держа интригу очень продолжительное время, повышая под конец динамику к уровню добротного боевика. Фильм разбавлен неплохими драками вкупе с погонями, «поддавая газку» в нужный момент. Сами драки немногочисленны, но жёсткие. Детектив не такой подробный, как того может хотеться, однако это окупается хорошей динамикой. 

На проработке персонажей внимание не акцентировали, но здесь это не является настолько важной деталью, чтобы сильно критиковать местный сценарий. А если по-честному, то не нужно, сюжет прописан хорошо и справляется собственными силами. 

В не абстрактном итоге: перед нами хороший триллер-детектив о человеке, которого за 4 дня вычеркнули из собственной жизни, поставив на его место другого. Фильм сделан на один раз и можно было сделать немного получше, но даже такого результата достаточно. Тем более что в последующих фильмах ситуация будет исправляться."
