rating,title,text
"5,0",Как знать... 2010,"История создания и съемок романтической комедии «Как знать» является, должно быть, интереснее самого фильма. Режиссером выступил Джеймс Брукс, чей «Язык нежности» (https://www.ivi.ru/watch/124610 ) получил премию «Оскар», а «Лучше не бывает» (https://www.ivi.ru/watch/83349 ) – несколько номинаций на золотую статуэтку. В проекте приняли участие несколько знаменитых оскароносных актеров, включая великого и харизматичного Джека Николсона. В качестве композитора пригласили даже известного своими эпическими мелодиями Ханса Циммера! Да и студия не скупилась: у «Как знать» был огромный бюджет. Но проект с треском провалился, оставив пятно на всех участниках этой ярмарки тщеславия несмываемое пятно. Актеры, конечно, оправились, но карьеру Риз Уизерспун с тех пор однозначно штормило.

Фильм повествует о своеобразном любовном треугольнике, да вот только реализовано это как-то нестандартно. На вершине этого треугольника находится Лиз, девушка-чудачка и, к тому же, бывшая спортсменка. Судьба сводит её с двумя молодыми людьми. Первого зовут Мэтти, он богат, знаменит, но при этом редкостный бабник и дурак. Второй – молодой бизнесмен Джордж, у которого проблемы в личной жизни и на работе. Завязка многообещающая, да вот только сам сюжет редко её следует. Действительно, как мне показалось, все строится не на каком-то сценарии в привычном понимании этого слова, а на диалоги с Джорджем и комедийные скетчи с Мэтти.

Да и сама концепция, к слову, удручает. История о девушке, которая ищет любовь и ей предназначено выбрать между веселым балагуром и скромным тихоней, была представлена на экранах несчетное количество раз. Так и тут: романтические чувства у героев возникают на ровном месте, а герои, если в них хорошенько покопаться, не вызывают симпатий и представляют собой каких-то манекенов.

Актерская игра, несмотря на внушительный каст проекта, как-то подкачала. Риз Уизерспун всегда славилась позитивом, мимикой и жестикуляцией… здесь же она и выглядит самой непосредственностью, очень часто переигрывает или недоигрывает. Пол Радд обладает слишком яркой внешностью для такого скромного милахи, которого он отчаянно пытался представить. Экранное время Джека Николсона же сведено к минимуму. Понравился лишь Оуэн Уилсон, который в любой комедии чувствует себя как рыба в воде.

Можно ли отнести «Как знать» к величайшим провалам Голливуда? Думаю, что несмотря на все свои огрехи, фильм можно посмотреть романтическим натурам. Если это первая комедия подобного формата для зрителя, то она даже может понравиться. Но во многом «Как знать» вышла скучной картиной без особого смысла."
