rating,title,text
"10,0",Звездные войны: Эпизод 1 – Скрытая угроза 1999,"Никогда не смотрел всех фильмов «Звёздных войн», но данным просмотром решил исправить положение и посмотреть всё в логической последовательности — от первого эпизода до седьмого и, следовательно, начал я с трилогии приквела. Отношение к неё разное, но путь становления самого харизматичного злодея саги нам показан в подробностях. Первый фильм повествует о кончине мирных времен и о становлении Энакина Скайуокера как рыцаря Джедая. Было приятного пересматривать фильм и вспоминать своё детство, но при этом нужно написать, что я думаю об этом фильме. Что ж, приступим к обзору»!

Сюжетно фильм получился отличным. Здесь есть и прекрасная история о сбывшейся мечте и захватывающие гонки в пустыне на карах в футуристическом обрамлении и начало большого политического и военного конфликта. Торговая федерация отказывается платить налоги из-за чего возникает конфронтация с Королевой Амидалой и это может привести к глобальной войне, но всё не так просто. За всеми интригами стоит некто, кому на руку это противостояние и кто стремится ввести в шахматную партию свою фигуру. На стороне республики и королевы Амидалы наши главные герои — рыцари-джедаи Квай-Гон-Джин и его ученик Оби-Ван Кеноби, да было время, когда и он был учеником. Главным противником Джедаев становится ситх по имени Дарт Мол, его черный балахон, наполовину красное лицо и ненависть делаю его интересным героем, хочется узнать о нём побольше.

Также не обойдем вниманием и гунганов, представителем которых является Джа-Джа Бинкс — именно он держит на себе большую часть юмористического блока фильма, что скрашивает излишнюю патетичность и пафосность остальных сцен. Визуально здесь есть на что посмотреть — красивые пейзажи, красочные взрывы, зрелищные поединки и битвы на двуручных мечах, ставшие своеобразным символом звездных войн наряду с харАктерными героями и философией джедаизма. Это красочный фильм, заставляющий переживать заново позабытые эмоции, смотрится для конца девяностых хорошо. Особенно понравилась битва за Набу, где каждый проявил себя и схватка с Дартом Молом.

Отличное звуковое сопровождение фильма и замечательная композиторская работа Джона Уильямса достойна похвалы. Заглавная тема «Звёздных войн» врезается в голову с первых же аккордов, вообще все аудиоэффекты там где нужно, за визуал и звук фильм был номинирован на Оскар но все статуэтки взяла Матрица, ибо был действительно прорыв. Здесь же это просто качественно сделанная работа, достойная лестных слов, но не более того.

Актерская игра порадовала. Лиам Нисон хорош в роли Квай-Гона. Образы умудренных жизнью и схватками воинов ему всегда удавались, есть в нём какая-то Светлая Харизма, привлекающая к своим персонажам. Юэн МакГрегор тоже получился неплохим, но особых вершин актерской игры он не показывал — следовал заветам своего учителя и обещался воспитать Энакина. Что будет дальше, мы узнаем в следующих фильмах. Натали Портман привлекательна в любом образе. Неплох и юный Скайуокер — воплощает образ юного падавана с большим потенциалом и творческим будущим. Отмечу также Этнони Дэниелса, что озвучил С-3PO, культовый персонаж, хотя он здесь даже без золотого корпуса. Актёры дубляжа поработали хорошо, отмечу Владимира Летенкова, подарившего свой великолепный тембр Лиаму Нисону, Евгений Иванов стал привычным голосом Оби- Вана Кеноби, поскольку я уже смотрел первый эпизод классической трилогии  и убелённый сединой ветхий Джедай был когда-то молодым и как мне кажется молодой образ уже прижился и голос соответственно. Вадим Яковлев отлично озвучил Палпатина во всех трёх фильмах-приквелах и показал путь обыкновенного канцлера в Империю.

В качестве итога: отличный фильм, положивший началу трилогии-приквелу. Мне фильм понравился, и я лишний раз в этом убедился. Зрелищное кино с претензией на эпичность — это только первый раунд, всё лучшее впереди. Рекомендую посмотреть, потому что как-никак это «Звёздные войны» и это Джордж Лукас, а фильмы с его участием я стараюсь не пропускать. Максимальный балл. Смотрите только хорошее кино"
"6,0",Звездные войны: Эпизод 1 – Скрытая угроза 1999,"Если вы хотите узнать, как начиналась история Люка Скайуокера, то вам придется увидеть историю про раннее детство его отца Энакена. Сюжет интересный, но до оригинальной трилогии недотягивает. Мы видим начало заговора, который впоследствии сыграет роковую роль в судьбе Галактики, и о том, как учитель-джедай, а так же его ученик пытаются спасти королеву. На родной планете Скайуокера они встречают маленького мальчугана Энакена, который довольно умный и смелый для своих лет, и как раз оттуда и начинается история будущего Дарта Вейдера. Так же увидим знакомство всеми нами любимых дроидов C-3PO и R2-D2.

Что же касается актеров, то в этот раз они более известны. Лиам Нисон и Юэн МакГрегор были очень органично вписаны в общую вселенную, было приятно смотреть на их роли. Хочется отметить Джейка Ллойда, который исполнил роль юного Энакена Скайуокера, ведь ему на момент выхода фильма было всего 10 лет, но он очень блестяще справился со своей ролью.

Теперь о минусах. В русском дубляже почему-то слово ""джедай"" меняет свое ударение. Все привыкли ставить ударение на второй слог, но в этой картине каждый раз оно меняется. Это было странно. Также все больше компьютерной графики, что не очень положительно сказалось на всей канве франшизы. Ведь в оригинальной трилогии тратились часы на наложения грима, чтобы все пришельцы выглядели натурально, но в 1999 году решили большую часть отдать компьютерам. Йоду позже переделали на компьютере, а ведь так было приятно видеть его кукольным, он был очень чудной.

Вывод один. Если интересно - смотрите, в противном случае, можете даже не начинать. Оригинальная трилогия оказалась лучше, а что будет в следующих частях, узнаем позже. Может они исправят этот момент."
