rating,title,text
"10,0","Счастливого рождества, мистер Лоуренс 1983","""Счастливого рождества, мистер Лоуренс"" — великолепный фильм о войне, действие которого разворачивается на острове Ява во времена Второй мировой войны. Британские военнопленные спокойно терпят тяготы своего заключения, в то время как японские тюремщики искренне недоумевают по этому поводу, ведь по их убеждениям британцы обязаны совершить харакири в целях сохранения чести своей страны. Подобными противоречиями между западным и восточным видением пропитано все повествование картины от начала до конца. Фильм предстает перед нами в виде диалога японской и европейской культуры, которые никогда не сойдутся в своих убеждениях. Правота взглядов смещается то в одну, то в другую сторону, но так и не находит своих победителей. 

Происходящее взаимопроникновение культур в этом фильме рождает в героях необычайно естественную, но противоречивую двойственность, которая вызывает к ним стойкое чувство сопереживания и гордости. Это взаимопроникновение, в свою очередь, делает их не просто персонажами выдуманной истории, а реальными людьми, мечущимися между разными истинами. И только в конце они начинают проникаться друг к другу, поняв, наконец, что не прав никто. 

Актеры в этой драме до бесконечности прекрасны в своих воплощениях: безумный Дэвид Боуи, жующий цветы и сверкающий сумасшедшими глазами разного цвета; искренне добрый и обаятельный Том Конти, умеющий лавировать между глупостью и проницательностью; Такеши Китано — то ли тиран, то ли добряк; ну и конечно Рюити Сакамото, ставший для меня самым загадочным персонажем, чьи мотивы остались предметом моих домыслов. К слову, он же является композитором саундтрека к сей картине. После просмотра данная композиция становится одной из любимых, напоминая о последних кадрах фильма, которые невозможно забыть. 

Немало восторга прибавляет и горький сентиментальный юмор, скрывающийся в репликах измученных военнопленных и пьяных тюремщиков. Чего стоит только сцена с пьяным сержантом, вообразившим себя Санта Клаусом и пожелавшим своим заключенным ""Счастливого рождества""... Некоторые насмешки над культурой японцев становятся так точны, что повторяют мысли зрителя. Когда Капитан Йонои наказывает несведущих европейцев незнакомым словечком ""гё"", подразумевающим длительное времяпровождение без еды и воды, последующая реплика ни больше ни меньше напоминает настоящую жизнь с ее отчаянным юмором: ""Это что еще за гё?"". 

Так, Рождество в японском лагере для военнопленных — конечно, не самое праздничное зрелище, но, безусловно, не оставляет равнодушным. И это 10 из 10, ребята. Счастливого рождества!"
