rating,title,text
"5,0",Неудержимые 2010,"«Какое обилие звезд мировой величины! На это определенно стоит посмотреть» — думала я еще несколько лет назад в предверии выхода на экраны этой картины, заранее не ожидая от нее чего-то стоящего, поэтому и откладывала просмотр до лучших времен. Ура, свершилось... То, что старый-добрый Слай как режиссер довольно посредственен, другими словами, откровенно слаб, ни для кого не секрет. Довольно слаб он и как сценарист — последние его работы оставляют желать лучшего. Эта нелепая участь не обошла стороной и «Неудержимых», достаточно вспомнить хотя бы одну сцену из фильма — все они обладают особым деградирующим свойством, заставляя зрителя забыть раз и навсегда, что такое интересное, продуманное кино.

В написании сценария и воплощении всего этого на экране «неудержимости» Сталлоне нет предела. Забеги от сцены к сцене недалеки как в прямом, так и в переносном смысле. А от диалогов не исходит ничего стоящего, наоборот веет дотошной непродуманностью, что ни слово, то бред, как будто наш старый-добрый товарищ, а в прошлом и верный друг-актер, не умеет попросту думать. А ведь ранний Сильвестр был очень даже интересен, несмотря на все эти многочисленные «Золотые малины».

Заурядный и довольно скомканный сюжет даже не распадается на части, как это часто бывает, просто он лишен какой-либо адекватности. Не силен рекордсмен по «антиоскарам» и в построении обычных человеческих образов. Ни один из актеров-знаменитостей не сидит на своем месте. Образы героев не прописаны и наполовину. И поэтому судить о занимательной и интересной игре по-настоящему стоящих актеров не приходится. Дольф Лундгрен, Джет Ли, Джейсон Стэтхэм, Эрик Робертс, Микки Рурк, Арнольд Шварценеггер, Брюс Уиллис и сам сэр Сталлоне. Множество звезд мировой величины не спасают эту убогую картину. Многие ранние работы этих интересных актеров великолепны и сюжетно, и актерски. И они уже не раз доказывали, что могут на себе вынести все бремя сюжетно несостоявшегося фильма на себе и по одиночке. А вот с «Неудержимыми» не получилось… Хоть и все старались сообща."
