rating,title,text
"9,0",Земляничная поляна 1957,"Когда человек не может заснуть, терзаемый мыслями о прожитой жизни, о ее смысле и свершенных поступках минувших лет, которые в будущем оставили свой неизгладимый след, то спасение от бессонницы приходит в обличии самого сокровенного эпизода из прошлого. Эпизод называется «светлые уголки памяти», которые подобны мимолетным видениям, но способны проникнуть в рассудок. Тогда наступает долгожданный покой, ведь нет ничего более важного, чем самому осознать смысл собственной жизни, убедить себя, что прожитые годы не прошли даром, раз уж на подсознательном уровне в голове всплывает самое светлое, чистое видение. Тогда бытовые дела остаются на периферии, они становятся чем-то само собой разумеющимся. Исаак Борг — старый профессор, который предпочитает одиночество как решение от всех бед, он же и терзается от ненавистной бессонницы, так как еще не вспомнил то единственное, яркое воспоминание, способное сомкнуть уставшие веки старого человека. 

Самое важное помнить, что в контексте ленты «Земляничная поляна» сон счастливого человека не должен сочетать в себе кошмары, от которых сразу просыпаешься в холодном поту, иначе это уже бессонница, как бы парадоксально это не звучало. Кошмары снятся Боргу постоянно. 

Ингмар Бергман не станет разрушать воздушные замки своих зрителей, которые рискнули погрузиться во внутренний, подсознательный мир Исаака Борга, его монологов, но это не отметает того факта, что автор постоянно будет намекать о том, насколько важно ценить каждый отведенный миг. Никогда не поздно поменять жизнь к лучшему, опираясь на долгие годы прожитых лет и рассудительность, одолеть своих внутренних демонов, которые дико ощетинились, но на самом деле любой человек может одолеть свою гордость, самого себя, если захочет, а желания у героя повествования Бергмана не отнять. Однако жребий, выпавший на долю Исааку не так прост, все зависит от путешествия, после которого Исаак Борг поменяет свои взгляды. Возможно, причиной отклониться от первоначального курса поездки был страх перед безносой Жницей, возможно, резкое желание вспомнить старую любовь, да и вообще само это чувство, про которое и нам не следует забывать. Это повествование не только держится на эмоциях, но и на сильном психологизме. Жизнь, без которой нет смерти, и смерть, без которой не будет новой жизни — суровая правда, однако справедливая.

Все персонажи в «Земляничной поляне» представлены так, словно они открытые зубные нервы, помыслы и желания каждого выставлены на показ. Живут в мире Ингмара Бергмана сразу несколько поколений: Борг — старый профессор, Марианна — умная, но терзаемая оправданными опасениями женщина, обыкновенная супружеская пара, молодые, полные энергии люди. Эти образы очень реалистичны, они живые, потому что были воплощены талантливыми актерами, тут и умный взгляд Виктора Шестрема, красота и женственность Ингрид Тулин и неоспоримое, важное участие их коллег со съемочной площадки лишь добавляет значимости этой киноленте. Все они не раз принимали участие в проектах Бергмана, отчего работать с талантливым режиссером было еще проще. Кинолента полна несбыточных надежд, откровенной, кричащей правды о неминуемости человеческой судьбы, о деяниях, что не подлежат изменениям, искуплении и грехе. Это одна из самых одухотворенных картин Бергмана, показанная приемом ретроспективы. 

А что представляет «Земляничная поляна» для каждого из нас? Это всего лишь идиома, которая служит обозначением любого места, на примере Борга — «поляна» там, где хорошо. Поляной может послужить даже обыкновенная картонная коробка, если вам в ней хорошо. И вдвойне хорошо, если вы убили свою эгоистичность."
