rating,title,text
"8,0",Уцелевший 2013,"Тяжело писать рецензии на подобные фильмы и именно поэтому хочу уйти о стандартного разбора фильма на плюсы/минусы. Хотелось сказать о потрясающем внимании к деталям и умении с ними работать. Вам не расскажут подробную историю жизни бойцов, которые связали свою жизнь с военным делом, покажут лишь крошечную часть ее, настолько малую, что ее можно вообще пропустить случайно отвернувшись, но если вы будете внимательно следить за происходящим на экране, вы поймете, насколько точно эта деталь характеризует того или иного человека. Насколько велика их дружба можно понять только по смеху, по тонким подколкам и реакции на них, потому что именно она показывает как мало в них желчи и злости, и наполнена она чем-то более хорошим. 

Отдельно хочется сказать о языке. Может мне так повезло, но не все фразу и слова талибов и местного населения находили перевод или субтитры в фильме, и по-началу это сильно раздражало. Но потом… Я поняла. И вы поймете. Когда страх и непонимание одного человека, окруженного людьми, не говорящими на твоем языке, сменяется на страх и непонимание другого человека и отзовутся у вас в голове пониманием.

Стоит ли посмотреть этот фильм? Думаю да. Ради отличной работы сценаристов и режиссеров. Ради потрясающего музыкального сопровождения, которое всегда в тему и в настроение. Ради хорошей, даже не просто хорошей, а потрясающей работе оператора. Ради интересной истории о настоящей мужской дружбе."
"5,0",Уцелевший 2013,"Разные культуры, разные народы, разное восприятие жизни.

Если в наших героических фильмах превозносится подвиг человека ради остальных, то на другом берегу океана - возможность человека превозмочь себя, собраться и выполнить задачу. Наверняка, у всех промелькнули эпизоды из многих фильмов как герой в поту/пыли/крови, вспоминает/слышит/видит и решительным ударом/выстрелом повергает врага. 

Но в этой экранизации звёздно-полосатые не собирались в очередной раз показывать мощь и силу своего оружия, хоть и усиленно намекали чёткими выстрелами и быстрой реакцией на ситуацию. Не потому что история не такая героическая, а потому что заказчики фильма захотели сыграть на других излюбленных чувствах своих граждан - ценности человеческой жизни. Уже давно не секрет что в американскую армию не идут служить граждане США. В неё идут служить ради гражданства США, чужаки или малообеспеченные слои населения ради образования, которые тоже чужаками являются. Армия становится вторым Черкизоном в американском варианте.

А ситуация в мире как раз диктует другие потребности в идеологической, культурной и, откровенно говоря, расовой принадлежности солдат. Мигранту с Мексики или Кубы, темнокожему выходцу с бедных кварталов нет желания погибать за не свою страну от пуль таких же как и он. Поэтому эта история показывает как американская армия бережно относится к своим солдатам. 

В американской армии существуют и частные страховые компании.   
Новоприбывших солдат загнали в комнату, страховщик вышел на сцену, улыбнулся и сказал: — Ребята, я знаю, что вы не хотите долго слушать всякую муть, поэтому объясню вам про страховки за одну минуту. Смысл страховки простой: если у вас ее нет, вас послали в бой и вы погибли — правительство пришлет вашей семье письмо с соболезнованиями. Если у вас она есть, вас послали в бой и вы погибли — правительство пришлет вашей семье 20 тысяч долларов. Тут страховой агент сделал паузу, обвел зал глазами и спросил: — Как вы думаете, ребята, кого при таком раскладе пошлют в бой первыми?"
