rating,title,text
"9,0",Холокост 1978,"Ах, как многим хотелось бы забыть эту страницу в нашей истории - истории человечества. Вычеркнуть, замарать, повырывать страницы, а если нельзя это сделать, то переврать так, что нельзя понять, где у истории хвост, а где голова. И хотя сериал не отличается особой художественной силой (надо признать это честно), то силы исторической правды у него не отнять.
Сериал был снят в далёком 1979 году, когда все вещи ещё назывались своими именами. Холокост назывался преступлением, а не исторической ошибкой, зверства фашистов не оправдывали ничем и не сваливали всю вину на нескольких бесноватых фюреров, а пособников называли пособниками и военными преступниками. Чего одна фраза стОит: &quot;<strong>От рук украинцев погибло больше евреев, чем от рук немцев</strong>&quot;! Ах, милые братья-славяне, любящие душку Бандеру, смотрите фильм, пусть он старый, но это те времена, когда итоги Нюрнбергского процесса ещё не смели пересматривать.
Прекрасный актёрский ансамбль, особенно хочется отметить совсем молодого, ещё не подозревающего о своей будущей славе Джеймса Вудса. Мэрил Стрип тоже хороша, впрочем, как всегда.
Много чего можно вспомнить из истории, посмотрев этот фильм. Вспомнить то, о чём сейчас многие предпочитают умалчивать, стыдливо опуская глазки. Но нельзя забывать! Иначе это вернётся! Нельзя дать запятой поменять своё место. Она должна быть в фразе &quot;<strong>Помнить, нельзя забыть</strong>&quot; только на одном месте. НАВСЕГДА!!!"
