rating,title,text
"8,0",1408 2007,"Стивен Кинг в представлении не нуждается. Относится к его творчеству, можно по-разному, интересная идея, но посредственная реализация, затянутое описание, Кинго-клише и прочие свойственные автору элементы. Кому-то это в его произведениях нравится, кому-то нет. Однако, не признавать влияние автора, как одного из значимых писателей современности, довольно нелепо. Более того, при столь огромном количестве произведений, избежать экранизации, было просто невозможно. И экранизаций по произведениям Кинга, хоть отбавляй, что уж там, писатель сам не удержался от того, чтобы не поставить фильм по собственной работе. Но не все экранизации произведений Кинга одинаково хороши, одни такие же проходные, как и некоторые его работы, другие посредственные, какие-то имели потенциал, но так и остались в почёте только у определённого круга, а другие… другие стали, чуть ли не лицом того или иного жанра, удостоились множества наград и званий одних их из лучших фильмов когда-либо сделанных. Нельзя сказать, что это целиком и полностью заслуга Кинга, поскольку его произведения, это как строительный материал, с которым может работать, только тот, кто в этом самом строительстве разбирается.

Рассказ “1408” по факту, не представляет из себя что-то действительно интересное, как признался сам автор, это заезженная история из разряда “дом с привидениями”. Но явно, что у создателей фильма был прицел сделать не что-то посредственное, а такой фильм, который станет в один ряд с другими лучшими экранизациями Кинга. И бесспорно, можно сказать, что им это удалось.
Скептичный и меланхоличный писатель путешествует в поисках каких-то сверхъестественных явлений для своей книги, однако каждый пункт, где он останавливается оказывается фальшивкой, а его владельцы привлечением автора, хотят лишь обратить на себя внимание туристов. Однако, однажды до главного героя доходят известия о проклятом номере в отеле “Дельфин”. Добравшись туда, он выслушивает наставления от администратора и уговоры отказаться от посещения данного номера, аргументируя это тем, что вот уже больше десятка постояльцев не покидали номер живыми, не говоря уже о горничных, которые регулярно получают увечья, находясь в номере больше нескольких минут. Но главный герой непреклонен и игнорируя все предостережения, всё таки отправляется в комнату со столь громкой репутацией.

Комнату же можно считать за отдельного персонажа, историю и характер которого раскрывают по мере развития сюжета. И то, как эта комната себя ведёт, действительно шикарно, хотя её мотивы так и остаются загадкой. События и действия, происходящие в комнате, показаны, отыграны и выстроены, действительно замечательно. Размах и масштаб работы фантазии сценаристов и специалистов по спецэффектам, актёрская игра Джона Кьюсака на высоте, а дебри, в которые пускается главный герой, находясь при этом в одной комнате, это полностью заслуга столь талантливой команды.
Ещё одним приятным дополнением помимо наличия Сэмюэл Л. Джексона, для некоторых, могут послужить альтернативные концовки, каждая из которых, может как впечатлить положительно, так и отрицательно, хотя это уже на усмотрение зрителей.

“1408” – не просто посредственные ужасы, которыми пичкают зрителей сейчас, это эталонный мистическо-драматический триллер, в котором все элементы отлажены и работают настолько выверено, что остаётся только наслаждаться ими."
"8,0",1408 2007,"С именем «Короля ужасов» Стивена Кинга связаны многие фильмы жанра хоррор, ставшие в наши дни культовыми. Некоторые из них удаются и пугают мрачной атмосферой («Кладбище домашних животных» https://www.ivi.ru/watch/161569 ), а отдельные образчики выходят странными, но в то же время запоминающимися («Ловец снов» https://www.ivi.ru/watch/112187 ). Лично я считаю, что «1408» находится в этой классификации где-то посередине, но многие относят эту картину к лучшим экранизациям Кинга, наряду с «Сиянием» (https://www.ivi.ru/watch/100132 ) и «Побегом из Шоушенка» (https://www.ivi.ru/watch/87706 ). 

Главный герой в исполнении Джона Кьюсака представляет собой аватару Стивена – циничного писателя, относящегося с долей скепсиса ко всему паранормальному. Да что говорить, ведь даже его девиз, который звучит как «бояться надо», является знаменитой фразой Кинга. Однажды писатель узнает, что в отеле «Дельфин» есть таинственный номер 1408. Несмотря на предостережения администратора, писатель заселяется.

Во-первых, это не тот фильм, где пугают примитивной «расчлененкой». Здесь буквально нет ни капли крови, какого-либо осязаемого антагониста в виде маньяка. Нет ни монстров, ни демонов, ни обширных спецэффектов. Но в фильме есть что-то притягательное в виде той жуткой атмосферы, которой буквально пронизана каждая сцена. Полагаю, если сам гостиничный номер 1408 и не в состоянии напугать отдельных зрителей с крепкими нервами, то хотя бы заставит напрячься. Уже на моменте представления чернокожего администратора в исполнении Самуэля Л. Джексона становится как-то не по себе.

Минимальное количество штампов жанра бросается в глаза. Применено очень много интересных режиссерских подходов, которые здорово оживляют происходящее на экране. Операторская работа также интересна – она словно подчеркивает атмосферу безысходности.

В фильме также задействован интересный сюжетный прием – весь хронометраж, что главный герой проводит в проклятом номере идёт в реальном времени. Зритель проживает этот безумный час с актером Джоном Кьюсаком и наблюдает за его трансформацией. Отдельный поклон актеру: должно быть, это лучшая роль Джона Кьюсака.

Кстати, в свое время «1408» заработал весьма неплохую кассу, Кьюсака номинировали на премию «Сатурн», сам маэстро ужасов остался доволен экранизацией своего рассказа (и это при том, что экранизация имела с оригинальным произведением мало общего), а жанру «ужасы» даровали второе дыхание, в очередной раз подтвердив, что «бояться надо»."
"5,0",1408 2007,"Снятый по рассказу Стивена Кинга мистический триллер «1408» - нельзя причислить к лучшим образцам его экранизаций. Возможно оттого, что и сам рассказ не шедевр жанра. Однако чего не отнять, смотрится фильм увлекательно. До самого конца непонятно чем вся эта история закончится. А предшествующий финалу поворот, этакая обманка для доверчивого зрителя – при первом просмотре поражает. Если подойти к просмотру картины с надлежащим настроением, то легко остаться под положительным впечатлением от просмотра. Если ожидать от этого фильма чего то сверх естественного, подобно тому, как герой харизматичного Джона Кьсака, редко балующего нас главными ролями, заселяясь в очередной гостиничный номер в ожидании встречи с призраком – постоянно выписывается обманутым в ожиданиях; подобное будет и от знакомства с «1408». Не то, что бы фильм был плох, или средний по качеству… Просто он какой то… Не подобрать слов, уверен после просмотра поймёте, что я имел в виду. Стивен Кинг на придумывал за свою жизнь массу всевозможных сюжетов. От некоторых его историй становилось по настоящему жутко при чтении, или просмотре снятых по их мотивам картин. Некоторые увлекали фантастическим повествованием, а некоторые поражали глубиной авторской мысли, какие то западали в душу. Но были и такие, из разряда – прочитал и забыл. Данная лента что то среднее между «увлекательной истории» и «посмотрел – забыл». 

Сюжет не вызывает желания время от времени возвращаться к этому рассказу, а снятый по нему фильм не в состоянии завлечь на повторный просмотр игрой актёров, или чем то ещё. Ибо сюжет исчерпывает все свои возможности после первого же просмотра, а актёров по существу всего двое – прочие лишь эпизодические персонажи, которых и отыгрывают как фон. Сэмюэль Л. Джексон играет уверенного в себе, респектабельного менеджера роскошного отеля, расположенного в Сиэтле. А Джон Кьюсак - предстаёт в образе известного писателя Майка Энслина, который пишет публицистические книги на тему опровержения существования паранормальной сущности. Он специально колесит по стране, заселяясь с ночовкой в номера пользующиеся у местных дурной славой. Его внимание привлекает отель «Дельфин», в котором по слухам есть номер «1408», расположенный на 13 –ом этаже, где ранее при весьма странных обстоятельствах погибли несколько постояльцев. Туда то герой и пытается вселится, но персонал во главе с менеджером Джеральдином Олином в исполнении Джексона, ему решительно в том препятствует. Это вызывает в Майке любопытство, хотя он по прежнему не верит в сверх естественное, продолжая считать, что тем самым персонал делает своему отелю рекламу. Ведь обыватели клюют на такое – провести ночь в номере с призраком! Он идёт на пролом, угрожая судится с владельцами если ему откажут, и не смотря на уговоры и предупреждения ( даже не взирая на дружескую «взятку» в виде коньяка 70 –ти летний выдержки ), писатель снимает таки злополучный номер. Листая папку с делом на этот номер, герой узнаёт, что на самом деле смертей в нём было куда больше, просто все они считались погибшими при «естественных обстоятельствах». Кто то подавился, кто то захлебнулся купаясь в ванной, у кого то случился сердечный приступ и прочее. Вскоре и с Майком начинает происходить нечто странное, что при всём желании не получится объяснить логически…

Штука в том, что из «1408» номера нельзя выбраться. Он может влиять на подсознание и психику постояльца, доводя его до сумасшествия, всеми силами подталкивая к самоубийству. Майк вынужден проживать снова и снова самые страшные и трудные моменты в своей жизни, такие как смерть дочери, ссору с отцом и их расставание с женой. Попутно он становится наблюдателем суицида прежних постояльцев, имевших несчастье остановится в этом проклятом номере, где царит само Зло… Сценаристы прописали все «круги Ада» очень здорово, трудно понять происходит это на самом деле, или лишь только в сознании героя. Но толком нечего не проясняется почти до самого финала, который отнюдь нельзя назвать счастливым… Писали адаптацию рассказа Кинга аж трое сценаристов: Скотт Александр, Ларри Карацевски и Мэтт Гринберг. Трудно сказать, чем именно обусловлен этот консилиум – вероятно у них было что то вроде «мозгового штурма», когда каждый подкидывал собственные идеи воплощения на экране кошмаров, придуманных фантазией Стивена Кинга. Режиссёр Микаэль Хофстрём снимал сухо и как то вовсе без юмора, который обычно имеет место быть в прозе «Короля Ужаса». Но винить постановщика, а тем более сценаристов или актёров не в чем. Просто рассказ, очевидно мало подходил для полного метра.

Вот и растягивали его всеми этими пустыми разговорами, которые предваряли приезд Энслина в «Дельфин», а так же сами кошмары одолевающие писателя в номере… Оператор Бенуа Деломм усердно подчёркивает обволакивающую героя, атмосферу безысходного абсурда, выбраться из которого не представляется возможным. Во всяком случае – выбраться живым… Откровенно говоря, напугать меня смогли только два эпизода. Первый – в котором писатель видит в окне здания расположенного напротив человека, которому кричит и делает знаки, а после замечает, что тот субъект повторяет в точности все его движения, словно являясь его зеркальным отражением! Во второй сцене, когда герою удаётся связаться с бывшей женой, и попросить её прислать в номер полицию, а та сообщает ему, что полиция уже в названным им номере – и там никого нет! В общем, кино не плохое, но одноразовое. Как непритязательный «триллер на вечер» - фильм Микаэля Хофстрёма вполне сгодится – он местами пугающий, имеющий любопытную завязку сюжета, которая сподобит зрителя так уж и быть, досмотреть фильм до конца. Но не более того. Правда и не менее, в том смысле, что бывали экранизации произведений Стивена Кинга и похуже…."
