rating,title,text
"7,0","Если хочешь хорошо провести время, звони… 2012","Такое определение заслужил фильм «Если хочешь хорошо провести время, звони», снятый Джеми Трэвисом. Несмотря на длинное название, что не так предпочтительно для фильмов, сюжет завоевал невероятную популярность.
Хорошая комедийная кинокартина, не на совсем цензурную тематику, можно сказать – на любителя. Сюжет отображает работу двух молодых девушек. Главным героиням не удалось найти работу в большом городе, поэтому они решили открыть свой бизнес – секс по телефону. В фильме звучат некоторые пошлые фразы, но смотрится он легко и весело.

Главные героини под девизом «Если хочешь хорошо провести время, звони» ежедневно доставляли удовольствие по телефону тысяче клиентов. Хотя по начальной истории, девушки не нашли общий язык, когда в первые познакомились.

Одной девушке легко дается разговор на откровенные темы, а другая стремилась найти нормальную работу с достойным заработком. Но после института не каждый сможет быстро попасть в какую-либо компанию. Поэтому второй героине пришлось принять участие в таком бизнесе.

Какова идея фильма?

Джеми Трэвис не является знаменитым режиссером, поэтому сложно представить, что бы он ответил на вопросы прессы. Просмотрев фильм, почитав отзывы, можно сделать несколько выводов, касающихся основной задумки сюжета.
Конечно, в современном мире молодой девушке сложно найти удовлетворительную работу. Даже, если она «не блещет умом». Ежедневно нужно покупать продукты, оплачивать проживание и так далее. Деньги на дороге не валяются, поэтому дамы ищут легкие пути. В нашем случае – вот такой вот незамысловатый бизнес. Сюжет предназначен для легкого просмотра, в непринужденной обстановке. Делать какие-либо выводы по внутреннему замыслу картины не стоит.

Игра главных героинь местами фальшивая, местами правдоподобная. Может на некоторые неудачные моменты повлияла неопытность режиссера. Однако фильм понравился многомиллионной публике простотой и нестандартной идеей. Актрисы также малоизвестные, и неопытность в игре достаточно заметна. Но посмотреть кинокартину все-таки стоит, например, в кругу друзей или со своей второй половинкой."
