rating,title,text
"6,0",Страна садов 2003,"Зак Брафф как-то признавался, что всегда хотел быть режиссером. Сериал «Клиника» (https://www.ivi.ru/watch/klinika ), который принес актеру мировую известность, позволил частично исполнить мечту и срежиссировать несколько эпизодов. Но Брафф хотел большего и в 2003 году выпустил «Страну садов» - странный дебют про странных людей и, вероятно, сделанный для странных зрителей. Подобный подход превратил «Страну» в, во-первых, весьма причудливый и в чем-то нестандартный фильм и, во-вторых, заложил основу для таких фильмов «ни о чем», как, например, «Манчестер у моря» (https://www.ivi.ru/watch/154070/ ). Собрав несколько наград, номинаций и успешно показав себя на фестивалях, «Страна садов», всё же, канул в безвестности.

Сюжет повествует о несчастном парне, вынужденном вернуться в родной город на похороны близкого человека. Главный герой, находящийся в перманентной депрессии, влюбляется в новую знакомую. 

Зак Брафф не пытался изобрести что-то новое в жанре романтической мелодрамы. Скорее для него важнее было поведать историю, которая могла иметь место в реальности. Но именно это убивает ценность тех идей, которые были заложены в сценарии. Многое здесь проработано не на лучшем уровне и значительное число сюжетных сентенций целенаправленно оставили за кадром для личного вердикта зрителя. Собрать все происходящие в фильме события в единую цельную кинокартину становится тяжело.

С визуальной точки зрения «Страна садов» вышел любопытным фильмом. Визуальный ряд старается соответствовать душевному настроению главного героя – многое выполнено в серо-голубых тонах, все цвета бледные. И, само собой, отдельный поклон Заку Браффу за саундтрек. Звуковое сопровождение здесь действительно прекрасное.

Сильной стороной «Страны» является натуралистичная актерская игра. Судя по всему, во многом фильм был для Зака Браффа автобиографичным, так что Зак, по сути, играет здесь самого себя, как личность из реальной жизни. Это здорово позволяет прочувствовать атмосферу. Натали Портман здесь непосредственна и хорошо передает роль инфантильной одинокой девушки. 

Главное достоинство «Страны садов» состоит в том, что фильм смотрится очень легко и время за его просмотром пролетает незаметно. А главный недостаток «Страны садов» - картина совершенно не откладывается в памяти, а после финальных титров как-то не хочется возвращаться к повторному просмотру, чтобы переосмыслить жизнь героя Браффа. Что ж, каждому зрителю свое."
"9,0",Страна садов 2003,"""Штат садов"" - один из душевных фильмов в моем личном топе ""лучших фильмов"" 21 века. Зак Брафф - главный режиссер, сценарист и актер, сотворил нечто грандиозное! Грандиозное, оставившее в моей душе незыблемый след! Каждый год, весной я стараюсь пересматривать этот замечательный, и в то же время тяжелый фильм. С ним даже связаны отдельные моменты моей жизни. 

Сюжет фильма прост: главный герой Эндрю 10 лет не был у себя дома, у своей семьи. И вот через 10 лет отец звонит ему, сообщает неприятное известие: мать героя умерла... Эндрю новость заставляет встать с места и уехать к себе домой. Ну а там начинается самое интересное для него. Что именно начинается, узнает сам зритель, если начнет смотреть этот превосходный фильм. 

Я лишь кратко  поделюсь своими впечатлениями. Первый раз фильм я смотрел в гордом одиночестве, в дождь и слякоть. Но после просмотра на душе появилось солнышко... Во второй раз: я смотрел его в солнечный день, но после ""Garden State"" на душе стало пасмурно.

Фильм неоднозначный, он не светлый и не темный. Он... своеобразный, но определенно волшебный! 

Спасибо Заку Браффу за него! Спасибо Shins за него! Спасибо всем причастным за него!"
"10,0",Страна садов 2003,"Один из тех фильмов, которые можно смело назвать удивительными. Но сделать это гораздо проще, чем объяснить не смотревшему человеку – почему именно он удивительный. Что его делает таким. Вроде бы нам рассказывают простую историю. Она о человеке, вернувшемся из крупного мегаполиса  в свой родной провинциальный городок по грустному поводу. В том городе у него была, какая-никакая, а карьера, а что здесь? Да, еще и собственные проблемы нужно преодолеть и помочь другим сделать тоже самое. Ничего особенного в подобном сюжете нет. Но при этом, смотреть его интересно. Просто хочется продолжать смотреть и все. 

Наверное, это потому, что здесь нет ярко выраженной сюжетной линии. Скорее, речь идет о переплетении множества мелких судеб разных героев. Их взаимоотношениях и их же проблемах. Каждый из этих героев по-своему уникален и при этом прост. Все их поступки можно понять, принять, распознать их логику. Здесь нет ощущения, что смотришь фильм. Скорее ощущение, что смотришь на жизнь этих героев со стороны. И все они ведут себя вполне органично в сложившихся ситуациях. Это добавляет правду этому фильму.

Понятно, что подобный способ изображения не всем придется по вкусу. Наверняка кому-то он покажется скучным и затянутым. Диалоги простые и вроде как «ни о чем». Все то, о чем обычно говорят люди. «Вы переделали ванную? Да, теперь она стала лучше» и все такое подобное. Динамика? События вроде бы меняют друг друга быстро, но сами по себе они тянутся, словно какое-то тягучее масло. Медленно и на первый взгляд бессмысленно. Герой переходит из одной сцены в которой говорил, в другую сцену, в которой делает тоже самое. Потом в третью. Если так описывать фильм, то совершенно не понятно, что в нем такого.

Но мне он пришелся по вкусу. Именно своей неторопливостью и какой-то своей обыденностью. Истории других людей всегда привлекают, особенно если эти истории близки к тому, с чем ты уже сталкивался. На собственном опыте, на опыте родных и знакомых. А этот фильм и состоит из подобного. Кто не сталкивался с кем-то похожим на героев этого фильма? Да я думаю, что хотя бы одна из подобных личностей есть у каждого из нас. 

Этот фильм вообще очень органичный. Здесь хорошая игра актеров, я бы даже сказал отменная, и при этом попадающая в сюжет фильма на все сто процентов. Восхитительная музыка, незаметная на общем фоне, но при этом задающая настроение. Хорошие в своей правдоподобности диалоги, прекрасная в своей неторопливости динамика повествования. Долгие операторские планы, странные, но простые в своем построении. Режиссерский дебют Зака Браффа можно считать удавшимся на всю тысячу. Это фильм хочется пересматривать. И возможно даже не один раз. В чем причина? Да кто его знает, все то, что я сказал до этого – лишь попытки объяснить свои ощущения какой-то легкости восприятия, простоты рассказа о сложных вещах. Какой-то эмпатии этого фильма. 

После просмотра понимаешь, что сюжет – он здесь не важен вообще. Важны ощущения, мысли, чувства, вдохновенность. Все то, что вложил в этот фильм создатель. Тот человек, который стал известен благодаря своей главной роли в комедийном сериале. Который умело сочетал в этом своем образе что-то забавное и при этом меланхоличное. В этом фильме он раскрылся со стороны меланхолии практически полностью. Смешного здесь мало, смеяться во весь голос не хочется. Но забавного – вполне хватает. Такая улыбка грустного человека. 

Но после всего, что я написал, я понимаю, что это простые слова. Они не смогут передать всех тех чувств от фильма. От сцены, когда главный герой стоит в рубашке на фоне стены. От криков под дождем, от разговоров. Это сложно описать, это нужно почувствовать самостоятельно. Пропустить через свой жизненный опыт и для себя решить – о чем этот фильм. Он действительно хорош, но таким он будет не для всех, и такую возможность я тоже допускаю. Но если он попадет в «точку» то доставит массу удовольствия, которое нынче можно получить от исчезающе малого количества фильмов."
