rating,title,text
"6,0",Иоанна – женщина на папском престоле 2009," Иоанна - женщина на папском престоле — драма совместного производства Германии, Великобритании, Италии и Испании. Фильм снят по роману Донны Вулфолк Кросс. А режиссировал картину Зёнке Вортманн подаривший нам такие европейские картины как ""Чудо Берна"" и ""Знак Голливуда"". Бюджет картины составил 22 миллиона евро, при этом в прокате она собрала 26 миллионов долларов, тобишь по сути смогла окупить свой бюджет.

 В центре сюжета невероятная история сильной женщины Иоанны родившейся в семье деревенского священника, которая с детства демонстрировала незаурядные умственные способности и непреодолимую тягу к знаниям. Получив, вопреки существовавшим запретам, образование, но едва оставшись в живых во время нашествия норманнов, она решает выдать себя за мужчину, и пройдя череду событий и испытаний займет Папский престол в Ватикане. Сюжет фильма линеен, но грамотно продуман. Несмотря на большой хронометраж в 149 минут, за становлением героини интересно наблюдать. Фильм нигде не провисает и воспринимается динамично. Данная лента на примере одной сложной судьбы повествует о великих человеческих качествах и людских пороках, о любви и власти, о предвзятости и несправедливости окружающего мира. Картина ненавязчиво задевает тему религии а также остро поднимает тему сексизма, что по сути является ""мейнстримом"" в наши дни. Тема детально раскрыта и показана через отношение к женщинам в ту эпоху, где женщина имеющая права голоса - это моветон. Эпоха средневековья показана весьма детально и правдоподобно. Антураж в фильме создает весьма колоритную, историческую атмосферу. Единственное что смотрится чужеродно - это ""притянутая за уши"" любовная линия, которую можно было подать несколько иначе, для полноты восприятия и целостности картины. Да и концовка фильма оставила странное послевкусие.

 Актерский каст подобран хорошо. Актеры прекрасно воплотили на экране своих персонажей. Йоханна Вокалек выложилась на полную, и остальные актеры поспевали за ней. В целом актерской игрой остался доволен. 

 Касательно аудио и видеоряда, могу сказать что музыкальное оформление на высоком уровне, полностью вписывается в повествование и видеоряд. Как уже было сказано раннее антураж и манера съемки весьма точно передают эпоху и создают правильную историческую атмосферу.

 В итоге получился неплохой исторический фильм, с глубоким смыслом, о непростой жизни сильной личности! Рекомендую к просмотру любителям исторических и биографических фильмов. Лично для меня - фильм обязателен к просмотру, но на один раз. Я доволен что посмотрел данную картину, но к повторному просмотру не стал бы возвращаться."
