rating,title,text
"8,0",Встречное расследование 2007,"Хороший французский детектив с уже приглянувшимся Жаном Дюжарденом. Поначалу сюжет прост, то есть уже столько детективов вышло, что обычными похищениями и убийствами никого не удивить. Так и тут пропала дочка копа, вскоре ее нашли убитой. Спустя несколько часов находится убийца, но что-то не так. Слишком быстро, прошло только 20 минут хронометража, самое интересное припасено напоследок. 

Встречное расследование заключается в нахождении истины и правды с двух сторон одной монеты: заключенный невиновен, а признание выбили силой – через переписку введет расследование, и полицейский совместно с ним на воле ищет настоящего убийцу. Картина наполнена тайнами, потихоньку всплывающими фактами. Интересен процесс моделирования преступления, пусть его тут на несколько минут, но когда на экране воссоздана трагедия, то можно наблюдать за реакцией отца. Непредвиденный финал, который даёт удивительное сочетание чувств человека: горечь от потери ребёнка, сомнения в решении и заключительный вывод. Причём зрителям открывают все карты за несколько минут до развязки, что позволяет приятно удивиться, почувствовать изюминку фильма и дальше следить за реакцией героя. 

Не подкачала концовка, сделав закрытый сюжет. Такого рода фильмы позволяют оценить не только искусство кино и жанра, но и узнать жизнь людей и их мотивы в процессе расследования."
