rating,title,text
"3,0",Забавные игры 2007,"Общее впечатление: Лента является авторемейком одноименного фильма Михаэля Ханеке, снятым спустя 10 лет после выхода немецкоязычного оригинала. Сразу возникает вопрос: Зачем? Ответ леког: деньги. Я не смотрела оригинал, теперь вряд ли буду. Но ходят слухи что 97 года фильм получше) Мне же кажется один и тот же режиссер — это две перчатки на левую руку. Зачем мне две леворукие перчатки?

Определенно у фильма есть плюсы: актерская игра — Наоми Уоттс, Тим Рот, Майкл Питт, Брэди Корбет. Видно, что актеры стараются выкладываясь по максимуму. Здесь Наоми с Тимом жертвы — есть испуг, повиновение, ужас, страх. А Майкл с Брэди — сумасшедшие маньяки, которые не просто нужно убить жертву, они хотят позабавится.

Еще один плюс — операторская работа. Камера плавно наезжает на героев, статично останавливается на деталях, такая проработка хороша. Сюда же можно отнести — ломание «четвертой стены» — когда персонажи (здесь герой Майкла) общаются со зрителями. Происходит это неожиданно, сразу хочется спросить — А вы со мной разговариваете? Выглядит интересно, и грань реальности переходит в рассказ.

Все остальное — это минусы. Два парня, которые любят убивать людей — что они хотят? Какие мотивационные посылы? Что несет фильм? Какую идею? Все это размыто так убого, что смотреть на затянутое происходящее не хочется, а вызывает только стойкое желание поскорее выключить. Диалоги, коие проскальзывают между героями прикрываются умными фразами, но смотрятся так нелепо, что топорные словечки не к лицу этой картине. Никаких изощренных убийств вам не покажут, ничего любопытного в фильме нет. Пустое место, не иначе. Сценарий слаб в реализации, потому что нет увлекательной идеи, а это ой как плохо для ленты.

Еще одна проблема фильма — это жертвы. Двое аморфных взрослых, которые никак не могут справится с двумя отщепенцами. Иногда я удивлялась до чего нелепо ведут себя герои Наоми и Тима, просто вот два героя идиота. Я понимаю что хотел режиссер — показать как порою нами руководит страх, но не настолько же!

По итогу это очень затянутое, скучное кино, в котором нет эффектного твиста, нет интереса, нет мощного напряжения, нет ничего, а именитые актеры не вытягивают на себе данную ленту. Вы же смотрите фильм не только ради игры."
