rating,title,text
"8,0",Парфюмер: История одного убийцы 2006,"Одним из самых важных и значимых чувств у человека, является чувства обоняния. Человек из древне учился приспосабливаться к запахам. Хорошие ему нравились, некоторые помогали охотится, а плохие предостерегали от опасности, например, от плохой пищи или ядов и вредных испарений. Со временем эти чувства немного притупились и стали обычным явлением для приспособления к жизни, но возможно некоторые из нас не до конца утратили это чувство и способны отличать тонкие нотки запаха в бокалах вина или парфюмах.

«Парфюмер» - это отличный пример такого человека. С детства Жан-Батист обладал уникальным нюхом, способным отличить тонкие нотки запаха за много метров. Со временем эта способность переросла в его страсть. Он понял всегда мечтал создавать особенные запахи, но для этого ему нужен наставник, чтобы тот смог его научить. Далее после кропотливой работы он понимает, что его призвание создать самый уникальный и самый желанный запах, когда-либо существовавший на Земле. Его страсть постепенно перерастает в его безумие, которое способно привести к непоправимым последствиям.

Том Тыквер, стал более известным благодаря сотрудничества с братьями (ныне сестрами) Вачовски. Он, как и братья, является отличным рассказчиком и визуализатором истории. Благодаря его редкому видению, он легко и очень умело повествует о происходящем, заставляя зрителя сопереживать и ненавидеть одновременно. Заставляет задуматься и в тоже время провести время непринуждённо. Благодаря этому подходу, фильм вполне можно считать годным для просмотра не один раз, а каждый раз замечать что-то новое и открывать для себя ранее незаметное.

Признаться, по правде, первоисточник я не читал, именно поэтому считаю свое мнение объективным и не предвзятым, опирающимся только на увиденное. Однако, с уверенностью могу сказать, что с точки зрения кинемографичной составляющей, фильм вполне достоин высокой похвалы и частых просмотров."
