rating,title,text
"9,0",Первый мститель: Другая война 2014,"Я стараюсь не пропускать экранизации комиксов Marvel, так как являюсь их фанатом.

Казалось, Нью-Йорку больше ничего не угрожает, и Стив Роджерс старается привыкнуть к мирной спокойной жизни. Но на этот раз угроза нависает уже над всем миром, существования «Щита» оказывается под угрозой. Капитан Америка снова берет в руки щит, и с помощью Черной Вдовы пытается распутать клубок интриг и заговоров. 

Данная часть продолжения развития событий во Вселенной мстителей была для меня словно глотком свежего воздуха. У сценаристов и режиссеров подобного жанра просто неиссякаемый поток фантазии, так как ни один фильм из вышеуказанной киновселенной не был шаблонным и радовал интересным и динамичным сюжетом. В картине «Первый мститель: Другая война» планка поднята еще выше. Все настолько закручено и реализовано таким образом, что интерес к фильму не ослабевает ни на секунду, за персонажей переживаешь (особенно за одного), при этом вышеупомянутая закрученность сюжета понятна с течением фильма и не оставляет вопросов, оставшихся без ответа. Про актерские работы я говорить не буду, так как у Marvel всегда имел место быть отличный кастинг (приятно снова было увидеть Себастьяна Стэна, который также отлично справился со своей злодейской задачей). Что хочется отметить отдельно, так это хореографию боев и их постановку, так как в данной картине сделан большой шаг вперед в этом направлении. 

Локации, костюмы, постановки масштабных боевых сцен я могу назвать не иначе, как «визуальная безупречность». Я, не отрывая глаз, наблюдал за происходящим, наслаждаясь каждой секундой просмотра. Я и мечтать не мог в конце девяностых и начале нулевых, просматривая мультфильмы про Халка, Железного человека, Людей Икс, и играя в 8-битные приставки в «Капитан Америка», что когда-нибудь увижу экранизации про любимых персонажей. И я рад, что я родился именно в это время и лично наблюдал за поэтапными воплощениями на киноэкранах полюбившихся персонажей. 

Я в восторге! Пересмотрю еще не один раз. Достойное продолжение!"
"8,0",Первый мститель: Другая война 2014,"Продолжение бравого Капитана Америка вышло на новый уровень. Это уже не та несуразица которая была в первой части «Первого мстителя», это по-настоящему достойное кино, которое смотрится с большим интересом и удовольствием. Ни для кого не секрет, что после выхода «Мстителей» компания Marvel решила переосмыслить вселенную супергероев и показать «другое» кино, с ноткой правдоподобности, для пущего интереса зрителей (конечно не оставили без внимания трилогию «Бэтмена» снятую Кристофером Ноланом). «Первый мститель: Другая война» получился как смесь шпионского детектива про Борна и политического триллера (к примеру «Враг государства»), с добавлением комиксового подтекста о котором не стоит забывать во время просмотра, ибо все события, происходящие в фильме (прыжок с самолета без парашюта или летающий авианосец) не имеют места быть в реальной жизни.

По сравнению с прошлым фильмом, сиквел смотрится добротным и качественным. В нем нет той нелепицы как в первой части. Сюжет более интересный, местами непредсказуемый, сиквел не кажется затянутым и скучным. Драки реалистичнее, понравилось, что в новом фильме он чаще использует свой щит как оружие (дань уважения комиксам), погони захватывающе, в общем, ничего такого, что могло бы не понравится. Да в нем так же присутствуют минусы и клише для данного рода боевиков, но это не вызывает того чувства нелепости, которое было присуще во время просмотра первого фильма. Честно говоря, я переживал за продолжение.

Главный герой ничуть не изменился, все тот же Кэп, все тот же простой парень, который стремится помогать людям. В фильме нам пытаются раскрыть внутреннюю суть Стивена Роджерса, о том, как ему трудно приходится адаптироваться в новом мире, и показывают взаимоотношения между Чёрной Вдовой. В этом фильме нет уже знакомого нам по фильмам «Тор» и «Мстители» Соколиного глаза вместо него в фильме присутствует более лаконичное имя супергероя Сокол. В кинокартине он будет помогать главному герою, и возможно мы еще не скоро с ним попрощаемся. Так же в фильме снимается Роберт Рэдфорд (ветеран Голливуда), который сыграл в кино немало важную роль.

Фильм получился увлекательным и качественным, видно, что режиссеры подошли к созданию фильма очень ответственно. Фильм очень зрелищный, достойное продолжение истории."
"8,0",Первый мститель: Другая война 2014,"Девятый фильм линейки MARVEL. 

Данная картина похожа на шпионский триллер, и братья Руссо этому поспособствовали. Тем не менее, все это оказалось интересным, хотя никто не думал, что из Кэпа можно сделать такой жанр. Стив Роджерс пытается приспособить себя к современному миру. Тем временем Щ.И.Т., после событий фильма ""Мстители"", решил быть готовым к будущим атакам любого противника. Но организация трещит по швам, Гидра снова выходит из тени, как и в первой части франшизы о Капитане Америка. И этот сюжетный поворот скажется очень явно на всей последующей вселенной MARVEL. Шпионские игры оказались интересным решением, плюс ко всему прикреплены довольно крепкий сюжет и хорошая актерская составляющая. 

Крис Эванс, Скарлет Йоханссон, Сэмюэл Л. Джексон основные главные актеры с хорошим актерским мастерством, как и в первой части, к ним претензий никаких не имеется. Так же к роли Пегги Картер вернулась Хейли Этвелл, которую гримеры состарили до неузнаваемости. В сцене встречи Стива Роджерса и Пегги Картер мы видим, как любовь живет сквозь время. Агент Хилл так же осталась в строю, ее роль, как и в ""Мстителях"" осталась за прекрасной актрисой Коби Смолдерс. Новенький в этом составе Энтони Маки, он же Сокол. Конечно, его костюм в киновселенной претерпел большие изменения от оригинала в комиксах, но персонаж получился довольно интересным. 

Что касается плохой стороны, то она оказалась интересней. Это и возвращение к своей роли Себастьяна Стэна, но уже в образе Зимнего солдата. Баки Барнс в первой части всетаки не погиб, и эксперименты над ним породили нового противника Кэпа. Все бы ничего, если бы только этот противник не был лучшим другом главного героя. Первые его появления на экране вызывали чувство тревоги и опасности, съемочной группе удалось передать все это зрителю. Так же Арним Зола (Тоби Джонс) тоже присутствует во второй части франшизы о ""Первом мстителе"", но уже в некой другой интерпретации. Одному новичку удалось выделиться, это Фрэнк Грилло, звезда последних частей ""Судной ночи"". Он возглавляет отряд, который носит название ""Удар"", и выполняет ""черную работу"" организации Щ.И.Т. Опытный агент, который может составить серьезную проблему Кэпу, если бы тоже имел суперсилу. 

Переломный момент киновселенной MARVEL, после которого в мире не будет так же безопасно. Отличная визуальная часть, качественный сюжет и до мелочей прописанные персонажи. Что еще нужно для хорошего фильма? Правильно, все время поддерживать интерес зрителя и с каждым разом повышать планку супергеройского кино."
"8,0",Первый мститель: Другая война 2014,"Весна лакомое время года не только для влюбленных, а так же и для поклонников комиксов. Компания Marvel, придерживаясь своему кинографику, демонстрирует новый фильм о доблестном Капитане Америка.

Стив Роджерс, после событий в Нью-Йорке, наверстывает жизнь в Вашингтоне. Привычный ритм восстановления меняется, когда угроза приходит откуда ее не ждали. И теперь имея в союзниках только Черную вдову и нового друга, известного как Сокол, Капитану предстоит остановить врага, который долго ждал время, чтобы отомстить.

«Первый мститель: Другая война» по сравнению с вышедшими фильмами с логотипом MARVEL, не может похвастаться огромным количеством спецэффектов. Режиссерский дуэт Руссо уделил внимание сюжетной паутине, пронизывающей весь фильм. Сиквел про новые приключения Капитана Америка не просто очередная экранизация комикса, это полноценный политический триллер с легкой самоиронией. 

Лента не столько эффектна, сколько эффективна с точки зрения драматизма, интриги и нависающей угрозы. Картине присущ тот самый ноланский дух мрачности и опасности, которого так не хватало предыдущим экранизациям MARVEL. Капитан Америка умело балансирует на грани между супергероем и обычным бойцом, выполняющий секретные задания для агентства Щ. И. Т. В картине все подстать. Серьезный и интенсивный сюжет, качественные спецэффекты и боевые сцены, Скарлетт Йоханссонс с пухлыми губами и сложенный как древнегреческий бог Крис Эванс. Все это в правильном соотношении и подаче превращается в остросюжетный экшен. 

Именно капитан Америка становиться переходным звеном кинематографической вселенной MARVEL, когда реализм содержания преобладает над формой. Если следующие фильмы поедут по этим рельсам, которые, кстати, проложили их конкуренты с DC Comics и всем известный Кристофер Нолан с франшизой о темном рыцаре, то тогда статус попкорного зрелища сменится на серьезное кино с суперспособностями.

Зимний солдат пришелся ко двору. Себастьян Стэн — джокер с железной рукой в карточной колоде противников Капитана. Чем не идеальный противник Крису Эвансу. Так же силен, быстр и беспрекословно выполняет приказы. Их противостояние на протяжении всего фильма — это отлично поставленные рукопашные бои, где капитан показывает, на что он способен без подручного щита. Первый мститель получает для себя соперника, у которого стальной оказывается не только рука.

«Первый мститель: Другая война» достойное и правильное продолжение первой части. Фильм существенно прибавил в содержательности, накале страстей и глобальной угрозы. Сиквел, максимально приближенный к современным реалиям, где не нашлось место ни богам с Асгарда, ни другим членам мстителей, за исключением Черной Вдовы, предстает мускулистым продолжением саги о самом популярном патриоте в Голливудской индустрии."
"10,0",Первый мститель: Другая война 2014,"Среди многочисленных героев Вселенной Marvel Капитан Америка выделяется, прежде всего, нечеловеческим желанием этим супергероем быть. Он последователен: задохликом записался в армию, прокачал свое тело в потенциально смертельном эксперименте, после чего ринулся спасать мир от Второй Мировой. Герой не отличается особой смекалкой или чувством юмора, на его стороне нет достижений современной науки, он - продукт прошлого. В каком-то смысле он как античный полубог: человек с неограниченными физическими возможностями и мощным артефактом, почти спартанским щитом. Все его суперспособности - результат воли и личного выбора, помноженные на удачные обстоятельства. Его набор характеристик прекрасно работал начале прошлого века, когда он был один, и на Капитана делала ставку целая нация. 
События фильма «Первый Мститель: Другая война» происходят в современном мире, и Капитан оказывается в ряду более сильных, умных, веселых супергероев этаким динозавром. Он больше не панацея от нависших угроз, когда можно позвонить Тони Старку. Герой предоставлен самому себе и пытается освоиться, хочет нагнать все, что упустил: послушать Нирвану, посмотреть Звездные Войны, поесть тайской еды. Но не успевает, так как на горизонте маячит старый знакомый. Друг или враг, равный по силе, и такой же неприкаянный.
Фильм полон паранойи и сюрпризов: организация «Щит» на поверку оказалась чуть ли не империей зла, и Нику Фьюри пришлось умереть. 
«Другую войну» безусловно стоит смотреть не только фанатам Marvel, потому что наблюдать за Капитаном – как смотреть на гладиатора, который изящно, в четыре акробатических сальто, способен обезвредить боевой вертолет."
"8,0",Первый мститель: Другая война 2014,"   Вселенная Марвел все разрастается и с завидным постоянством радует нас новыми и новыми приключениями всяко-разных супергероев. И вот на смену Тору уже прибыл Кэп. Он все так же мускулист, голубоглаз и наивен, но теперь уже спасает мир в безумном 21-м веке.

   Капитан Америка потихоньку привыкает жить в наше современное сумасшедшее время, наверстывает то, что он пропустил за последние 70 лет. Но, естественно, просто так порефлексировать на тему &quot;кто я, что делать&quot; Стиву Роджерсу никто не даст, и вот уже он снова знаменитый Капитан Америка, спасающий человечество от агрессии Гидры. Компанию в этом благородном деле ему составляют опасная красотка Наташа &quot;Черная Вдова&quot; Романофф, она же небезызвестный нам агент ЩИТа, и бывший военный Сэм &quot;Сокол&quot; Уилсон. Ну и куда без Ника Фьюри, который, казалось бы, готов ко всему)  В ЩИТе, к слову, тоже далеко не все спокойно: оказывается, что для того, чтобы найти корень зла, далеко ходить и не надо... Да еще и заявленный в оригинальном названии фильма Зимний Солдат преподнесет нашему Кэпу немало сюрпризов... В общем, сюжет закручен на славу)

  Итого мы имеем: спецэффекты, работа актеров, постановка трюков, проработанность сюжета, и даже местами юмор в фильме - все вместе это составляет очень приятный коктейль под названием &quot;Первый мститель: друга война&quot;, который, как мне кажется, получился на голову выше первой части приключений капитана Роджерса. Думаю, многим фанатам вселенной Марвел этот фильм придется по вкусу, и уж точно поможет нам скрасить долгое ожидание того момента, когда не только Первый, но и все другие Мстители вновь соберутся вместе."
"9,0",Первый мститель: Другая война 2014,"Неплохой попкорн фильм, фанатам вселенной Marvel смотреть обязательно.

В принципе, все было достаточно стандартно для этого блокбастера в отличие, например,  от той же первой части, где было любопытно поглядеть на супергероев во время второй мировой войны (правда, &quot;Хранители&quot; и Вьетнамская война здесь вне конкуренции).

Тем не менее, Крис Эванс снова доказал, что и после «Фантастической четверки» он отлично вписывается в роль супергероя.  Да, каст, безусловно, является сильной стороной фильма. И приятно было посмотреть на Роберта Рэдфорда, который является редким гостем в фантастических фильмах.

Отмечу также, что любопытно узнать как именно сериал «Агенты Щита» будут пересекаться с этим фильмом, т.к. общая почва сюжетной составляющей способствует этому кроссоверу.

Ждем теперь &quot;Мстителей 2&quot;. Или &quot;Стражей Галактики&quot;. :)

P.S. фанатов «Криминального чтива» ждет сюрприз в виде easter eggs. :)"
"10,0",Первый мститель: Другая война 2014,"Начну с главного – фильм очень понравился, вердикт – однозначно смотреть! 

Посмотрев и пересмотрев все фильмы вселенной Marvel, думаю, что этот – один из лучших.

И дело не только в спецэффектах – в отличие от других фильмов вселенной Marvel, в этом создатели постарались минимизировать  их количество, естественно не теряя в качестве.
Порадовала закрученная сюжетная линия, явственно отдающая триллером.  Зритель  почти до конца фильма остается в неведении относительно ВСЕЙ картины происходящего. 
Кто стоит за покушением на директора Щ.И.Т.а? Кто такой загадочный Зимний Солдат, о котором так мало известно, но который с завидным постоянством портит главному герою жизнь? Кому теперь верить? Дробление информации – любимый метод общения Ника Фьюри. 
В этом плане  «Первый мститель: Другая война» оторвался от первой части на два лошадиных корпуса.
И конечно, истинных фанов  и просто любителей серии, порадует уже анонсированный триквел.

P.S. Не забывайте, что Marvel любит радовать нас небольшими сценами уже ПОСЛЕ ТИТРОВ, и «Первый мститель: Другая война» не стал исключением. 
Приятного просмотра."
