rating,title,text
"7,0",Любовь на острове 2005,"Очень позитивная комедия с милашкой Амандой Байнс в главной роли. Да, да, еще с той Амандой, без лишнего веса и проблем с запрещенными препаратами.

Фильм ни на что не претендует, но он яркий, летний и веселый. Хотя, сюжет просчитывается, что называется, с первых кадров и интрига совсем детская. Но для приятного отдыха подойдет отлично.

Юная Дженни Тейлор без ума от рок-музыканта Джейсона Мастерса. Дженни - настоящая фанатка, ходит на все концерты кумира, собирает его портреты и мечтает о встрече с ним. И мечте этой суждено сбыться. В отель на Карибах, куда Дженни устраивается на лето вместе с верным другом Райаном, неожиданно приезжает и Джейсон.

Ну а дальше - совершенно голливудская история. Вечеринка на яхте в шторм заканчивается тем, что Джейсон падает за борт, Дженни ныряет за ним и ... они попадают на необитаемый остров.

Но не надо  бояться, это ни разу не продолжение ""Голубой лагуны"". Все будет весело, мило и забавно.

Главное украшение фильма - конечно же, обаяшка Аманда. И ослепительная красота Карибских островов.

Фильм советую. Море позитива и хорошего настроения."
