rating,title,text
"10,0",Рапунцель: Запутанная история 2010,"Режиссура. Так как это мультик, то казалось бы, что тут режиссура не бросается в глаза, скорее анимация, вот главное (но об этом потом). Уровень анимационных картин вырос до такого, что современный компьютерный мультфильм вполне может тягаться с игровым кино. И это неудивительно. Во-первых, взгляните на бюджет - 260,000,000$. Ну а во-вторых, безусловно работа режиссёра, а в данном случае режиссёров. Просто не мог не выразить своё почтение тем людям, которые создают мультфильм, контролируют работу над фильмом, несут ответственность за него и доносят до зрителя такое замечательно чудо — «Рапунцель». Эти люди, Натан Грено и Байрон Ховард, поистине талантливые режиссёры, ведь то, что мы имеем счастье наблюдать в кинотеатрах, этот удивительно красивый и искренний мультфильм, достоин всевозможных похвал. Спасибо за великолепную работу.

Анимация. Современный прогресс в сфере компьютерных технологий действительно поражает. Ты с головой окунаешься в вымышленный мир, наполненный чудесными красками, персонажами, ландшафтами, и это незабываемо. Каждая работа студии Walt Disney Pictures — это что-то новое, свежее и впечатляющее. Так и «Рапунцель», принимая эстафету у предыдущих успешных картин, мало того, что с уверенностью продолжает подчёркивать статус студии, так ещё и значительно поднимает планку. Безусловно, технология DIGITAL 3D, так сказать, даёт по мозгам (в хорошем смысле). Эффект потрясающий, хоть мультфильм и без этого думаю смотрелся бы замечательно. Итак, я с уверенностью говорю, что по красоте и качеству анимация этого фильма бьёт все рекорды, сделанные предыдущими картинами, высший класс, нет слов.

Саундтрек и песни. Здесь даже говорить нечего. Песни — коронка студии Walt Disney. Всё по высшему разряду. Ну а score и без того прекрасен. Стоит только посмотреть на имя композитора — Алан Менкен («Аладдин»), но этого вполне хватило, чтобы влюбиться в его музыку.

В заключение скажу, что меня не перестаёт удивлять один интересный факт: каждый раз, когда я просматриваю очередной мультфильм от Pixar или Walt Disney (что в принципе вроде как одно и то же), я говорю: «Великолепно! Лучше быть не может, вряд ли будет что-то круче и красивее этого». И каждый раз я ошибаюсь. Такая история была после «ВАЛЛ-И», но вышел «Вверх». И вот теперь «Рапунцель»."
"8,0",Рапунцель: Запутанная история 2010,"«Рапунцель» - добрый, милый и в меру смешной мультфильм. Очень предсказуемый, но предсказуемость эта только радует. Вследствие малого раскрытия всех персонажей он очень легкий, и это тоже идет ему в плюс - персонажи хоть и не раскрыты, но неплохо прописаны, а что самое главное, очень качественно прорисованы. Сильные эмоции, мелкие ужимки - никакая, даже самая мелкая деталь не ускользает от зрителя, и за это персонажей начинаешь любить, правда все тот же низкий уровень их раскрытости не позволит полюбить их так, как они того заслуживают. 

Сюжет в меру запутан, но опять же кажется простым все из-за той же нераскрытости. В особенности здесь забыли про антагониста фильма, старую колдунью, мотивация которой совершенно ничем не будет подкреплена. Сама Рапунцель получилась очень очаровательной (спасибо неимоверно детальной прорисовке), а главная, связанная с ней сюжетная линия оказалась закопанной, часто отдавая место любовной, которую создатели так же постарались обойти стороной. В итоге в огромной мешанине и запутанности практически невозможно выявить нечто основное, вследствие чего история перестает быть цельной, но все равно остается неимоверно милой, смешной и нтересной."
