rating,title,text
"8,0",Черный тюльпан 1963,"Родственников не выбирают, плохи ли они или хороши, мы должны принимать их любыми. По сюжету фильма братья-близнецы имеют совершенно противоположные характеры. Первый – Гийом всегда беззаботен, задирист, любит выпить и непрочь приударить за смазливой девицей. Второй его полная противоположность – он живет скромно почти по-монашески, у него большое доброе сердце, и он всей душой более за простой народ, которому хочет помогать, но, увы, не способен на это, потому что слишком мягок и не обучен фехтованию. С братом они давно разошлись во взглядах и потому не общаются, но когда легкомысленному графу понадобилась срочная помощь, то добряк Жюльен сразу поспешил ему на помощь. А уж когда узнал, о том, что его брат скрывается под маской благородного разбойника по прозвищу Черный тюльпан, то обрадовался нескончаемо, ведь Тюльпан, наводивший ужас на местных дворян, отстаивал интересы простых граждан, так думал Жюльен, но на самом деле все было не так, или не совсем так. 

Оба персонажа вышли великолепно в исполнении Алена Делона. Ему удалось с легкостью воплотить образ молодого повесы, живущего в свое удовольствие, и при этом ради забавы и повышения адреналина в крови, разыгрывающего из себя налетчика и защитника слабых. Характер второго братца тоже удался – получился хилый и неуклюжий юноша с горячим сердцем, в котором он вынашивает идеи свободы и равенства, но не способный даже постоять за себя. Красавица Вирна Лизи тоже справилась с ролью отважной девушки, способной не только защитить собственную честь, но и гражданскую позицию. Режиссер фильма Кристиан-Жак не был новичком в костюмированном приключенческом кино, многим зрителям известна его блистательная картина «Фанфан-Тюльпан». Чем не казались сходи эти фильмы, даже в названии, но они абсолютно разные, единственное, что их объединяет это великолепное исполнение и командная работа съемочной группы. 

Итак, приключенческий фильм про отважного вершителя справедливости удался на славу. Погони и драки на шпагах, романтика и доблесть, молодые и красивые герои, готовые создавать новое будущее."
