rating,title,text
"8,0",Экзамен 2009,"Психологический триллер, который требует от зрителя внимательности и постоянной бдительности. Задайте себе вопрос перед просмотром: на сколько вы внимательны к маленьким деталям ? Действия картины происходят в одной комнате, восемь совершенно разных людей, последний этап перед устройством на работу в очень престижную и секретную компанию, вот только нужно сдать последний экзамен. 
После напутственной речи героев интригуют, оставляя один вопрос без ответа. За большой промежуток времени один из кандидатов должен подумать и не спеша ответить. Вот и всё. Помимо зрительного внимания мы должны слушать, ну упуская не единой фразы, поскольку каждое слово играет свою роль в фильме. 

Окунитесь в неуверенность, страхи и подозрения героев. Запертые в помещении и совершенно неведомые, что им делать дальше люди подвергаются различным домыслам и предположениям. Каждый персонаж – глубоко проработанная личность, со своими секретами. Каждый персонаж – конкурент друг другу, но если никто совершенно не знает, что делать, то приходится идти на мозговой штурм. Ах, эта ирония, когда ради достижения цели ты вынужден объединиться со всеми конкурентами. Почти со всеми… 

Одни герои скрытые, которые хотят в одиночку справиться с задачей, другие объединяются в подгруппы, третьи предпринимают всё возможное, чтобы найти подсказку. А время то не ждёт… Атмосфера накаляется, и с каждым разом тебя пробирает до глубины души, ты уже сам пытаешься разгадать загадку, понять, где подвох и что имели в виду организаторы. Вот это взаимодействие героев фильма и зрителей сконструировано специально, хоть со стороны и кажется, что это обычное кино. Нет, в данной интриге участие принимают все. Вопрос не известен, а ответ на него требуется. 

В отличие от таких проектов как «Куб» или «Пила» данный фильм не включает в ход трэш и скоротечные смерти. Он более живой, более интригующий. В качестве идеи фильма преподносится не только тренировка смекалки, но и тема внимательности. Насколько внимательно мы слушаем собеседника ? Не всегда то, что он говорит и то, что он имеет в виду, совпадает. Умеем ли мы слышать скрытый подтекст ? Уделяем ли мы внимание мелочам ? Или мы настолько привыкли к ожидаемым поступкам и поведению, настолько загнаны в шаблонную жизнь, что перестали обращать внимание на всё, а видим только то, что хотим видеть ? Важно всё, а не только то, что важным сочли мы. Химия между кандидатами впечатляет, не смотря на конкуренцию, их диалоги, их поведение я считаю лучшим, что есть в картине. Естественно, минусы тоже имеются. Ляпы, которые портят атмосферу «внимательного просмотра», потому что, заострив внимание на сюжете, уже начинаешь видеть пробелы кинематографа. 

Сильный, однолокационный фильм с непредвиденной концовкой, который имеет узкий круг зрительской аудитории."
"7,0",Экзамен 2009,"Каждый кто устраивался на работу проходил собеседование, так или иначе. Режиссер Стюарт Хэзелдайн снял своеобразную фантазию на эту тему, накалив страсти до предела. Самые амбициозные кандидаты борются за место в одном помещении, причём борьба идёт на интеллектуальном уровне. «Экзамен» был в своём роде уникальным фильмом, вернув интерес к жанру «психологического триллера в замкнутом пространстве» и вдохновив создателей таких фильмов как, например, «Философы» (http://www.ivi.ru/watch/103356/description). 

Восемь кандидатов: 4 мужчины и 4 женщины, все разных характеров и типажей. На что они готовы ради места в компании? Обман? Подлог? Или даже убийство? Клаустрофобный и психологический триллер ответит на этот вопрос, причём весьма неожиданным образом.

Режиссеру удалось добиться максимальной камерности происходящего. Несмотря на то, что происходящее происходит лишь в одной комнате, с помощью грамотно построенных диалогов удалось воссоздать и сам мир, лежащий за пределами комнаты. Неизвестные актёры, которые, тем не менее, достаточно хорошо играют, также являются своеобразной «фишкой» этого фильма. Так как в фильме не принимали участия звёзды нынешнего кинематографа очень трудно выделить фаворита среди действующих лиц. 

Увы, фильм не без недостатков. Во-первых, с целью раздутия хронометража несколько сцен явно лишние – настолько они нудные. Во-вторых, ряд героев имеют проблемы с мотивациями, но это можно сослать на очевидную фантастичность мира, в котором происходит действие «Экзамена». В-третьих, балаган, который имеет место ближе к концу фильма, непростителен и находится за рамками даже столь необычного собеседования. 

В итоге вышел достаточно самобытная и интригующая картина. Просмотра однозначно стоит."
"8,0",Экзамен 2009,"Я посмотрел &quot;Экзамен&quot; Стюарта Хэзелдайна...
Стюарт Хэзелдайн написал сценарий, нашел деньги и снял фильм. И в принципе, если закрыть глаза на некоторые особенности, таких фильмов полно. &quot;Комната смерти&quot; Джонатана Либесмана, &quot;Стальные двери&quot; Стивена Мануэля, &quot;5 неизвестных&quot; Саймона Брэнда, &quot;Девять в списке мертвых&quot; Крис Шэдли, &quot;Куб&quot; Винченцо Натали и, кажется, &quot;Пила V&quot; Дэвида Хэкла... Можно и &quot;Олдбоя&quot; в этот список записать.
Я люблю такое кино, хотя я и не слишком хочу видеть в таком кино всякую жесть. Такое кино интересно смотреть. Ты ведь не знаешь ничего. И герои ничего не знают. И ты хоть немного можешь сопереживать им. Кто? Как? Почему? Зачем? Ответов нет. Всегда круто, если перед героями стоит конкретный вопрос или задача, сделай шаг и все закончится, а они все равно не в силах ничего сделать.
В таком кино не так то просто придумать хоть что-то, кроме внешнего антуража. Некто оказывается в неизвестном месте. Это только затравка. И, если отбросить шелуху, затравка везде одинаковая. Бункер, сейф, подвал, завод, сарай, непонятно что без окон и дверей... Все это не важно. Это просто декорации. А кроме декораций и героев ничего нет. Только неизвестность. И это и круто в таком кино!
Вот только точно так же, как такие фильмы способны пробудить интерес, они способны и убить его. Так было, например, со &quot;Стальными дверями&quot;. Там главный герой проснулся в чем-то типа банковского хранилища. Ни воды, ни еды. Только свет, шкаф и дохлая крыса. И это было интересно. Кто его там запер? Зачем? За что? Почему? Чего он хочет? Ответов не было, а время шло. И, если вы не смотрели &quot;Стальные двери&quot;, пропустите конец этого абзаца... Несколько неожиданных поворотов напрочь убивают сюжет. Уж лучше бы их не было. Лучше бы фильм закончился, как это сейчас модно, просто концом. Объяснение типа &quot;Просто...&quot; меня бы устроило больше, чем тамошний финал!
&quot;Экзамен&quot; похож скорее на &quot;Комнату смерти&quot; и &quot;Девять в списке мертвых&quot;. Только без новых трупов каждые N минут. У нас есть 8 героев: 4 мужчины, 4 женщины, все разных рас и культур. У нас есть правила: не говорить с организаторами и охранниками, не выходить из комнаты, не портить бланки для ответов. У нас есть 80 минут, чтобы дать ответ на единственный вопрос. Все понятно? Ах да... Забыл сказать, что за окном бушует эпидемия малоизученной болезни. Лекарство от нее есть, но его нужно принимать каждый час всю оставшуюся жизнь. Ответивший на вопрос получит пост в крупнейшей фармакологической компании, разрабатывающей лекарство. Бабки и жизнь - отличный стимул!
Я бы сказал, что это все, что нужно знать о фильме. Даже трейлер дико спойлерный. Обрубайте на половине, а то будете ждать определенных поворотов.
Я не знаю, что говорить об операторе и монтажисте. Они не лажанули. Я не слишком в этом шарю: все или очень плохо, или очень хорошо. Все остальное - норм. И вот тут как раз норм. Я не знаю, что говорить о композиторе. Вообще не помню, какая там была музыка. Актеры не супер-пупер, но и не &quot;Смотри, он около тебя!&quot;. Я вообще не знаю, как оценивать такое кино. Мне важен сюжет... И фильм делает концовка. Концовку слили в &quot;Стальных дверях&quot;, и фильм резко стал полным дерьмом. Тут же концовка меня удовлетворила. Хотя... В конце нам объяснять какого кандидата они искали, и я не могу понять, как это испытание могло бы помочь найти его. Я ждал не такого, но это хотя бы концовка. Концовка, которая отвечает на вопросы, концовка, которая завершает историю. Это концовка! Концовка, какие разучились делать во многих фильмах. Такое было разве что в некоторых &quot;Пилах&quot;... Норм!"
