rating,title,text
"8,0",Перевозчик 3 2008,"Довольно редко я смотрю третий Перевозчик, который не всем запомнился как хороший фильм. Помнится, в рецензии на вторую Заложницу я говорил, что Оливье Мегатон хорошо дебютировал как создатель третей части «Перевозчика» и удалось ему это неплохо, хотя вот смотрю я на статистику рецензий и видно что больше здесь все же нейтральных рецензий, значит фильм не так плох, как считают некоторые люди. Лично мне больше нравится второй фильм, потому что там мне нравился сюжет про вирус и какая-то особенная крутость Фрэнка, который здесь был ну просто суперменом. Согласен с рецензентом, что говорил о том, что надо оценивать фильмы соответственно жанру. Не надо ждать от боевика заоблачных высот и сильной философской мысли, если конечно не задумывался философский боевик, который искрит сильными афоризмами, в этом фильме он только один — «Все когда-то бывает в первый раз». Но эта фраза оказалась судьбоносной для всего фильма, поскольку Фрэнку придется нарушить абсолютно все свои правила и навсегда уйти от образа педантичного Перевозчика.

Сказать по правде, мне фильм понравился, но по фильму сразу видно, что было сложно развивать третий раз использованную идею фильма, ведь перевозку дочери высокопоставленного человека мы видели уже в первой части, там был бандит, а здесь — господин министр. Опять здесь решили использовать нашего брата, но не русского, а украинца, и хорошо, что не злодеи, потому что снимали Французы, а они более-менее нас уважают, если учесть, что мы взяли под свое крыло экономического беженца Жерара Депардье, который является не последним человеком во французском кинематографе.

Как всегда фильм визуально красив. Европейские дороги и леса привлекают, но основной объект пейзажа — это Audi A8 черного цвета с быстрой скоростью, которая мчится вдаль для выполнения своей цели. Получился бы неплохой портрет, если зарисовать. Сюжет об экологических отходах, которые способны создать второй Чернобыль, не нов, но в рамках серии перевозчика это действительно оригинальный ход, хотя сведение сюжета к «его подписи за ее жизнь» далеко не оригинальна, но взаимоотношения Фрэнка и Валентины показали очень даже неплохо.

Актеры. Сыграли неплохо но есть претензия к подбору актрисы на роль девушки Стэйтема, уж она действительно как-то не очень получилась, на роль дочери украинского министра взяли русскую актрису, не лучшая идея, я бы посмеялся если бы взяли девочку с Одессы и ее бы не дублировали, было бы смешно. Ничего против не имею, но все равно, не вписалась. Стэйтем великолепен как всегда в своей роли, скажу честно Владимир Зайцев и Евгений Дятлов больше подходят чем Александр Рахленко, но все равно неплохо. Роберт Нэппер хорошо сыграл, но его злодей далеко не лучший.

В качестве итога: Кино, которое заинтересует фанатов серии и любителей боевиков. В целом смотреть можно, если забыть, что это Перевозчик, или помнить что это Перевозчик, но постараться стереть из памяти образ того педанта, который нам так понравился. В любом случае боевик остался и Стетхэм на BMX это круто!"
