rating,title,text
"10,0",За холмами 2012,"ФИльм За холмами”( 2012) 
Кристиан Мунджиу  
 
      Этот фильм мне довелось увидеть несколько лет назад, но пересмотрев его спустя некоторое время, становится понятным, почему эта картина настолько противоречива. Лента “За холмами” , снятая звездой румынского кино Кристианом Мунджиу  , создана как раз для тех кто является любителем “ другого кино”.  Картина основана на реальных событиях , которые взбудоражили всю Европу в нулевых.  Фильм “ За холмами” вызывают весьма бурную реакцию, ведь картина относится  к жанру “ Новой Румынской Волны”. Для такого особенного жанра характерен реалистичный, естественный и документальный стиль. В таких картинах, режиссеры как будто меняются местами с писателями и рассказывают истории, от которых остаётся мерзкий осадок.  И зачастую в таком жанре, режиссеры используют   непрофессиональных актёров, суровые бытовые сюжеты, трагическую развязку, пессимистические идеи и скорее всего “ неудобные темы “ для общества.  И если есть на свете более идеальный фильм, который забирает вас в другую реальность и создаётся ощущение что всё события происходят с вами на самом деле, то это фильм “ За холмами”. С первых же минут создалось впечатление отсутствие экрана , будто я проживаю непростую жизнь с главными героями, сопереживаю им, делю ужин , и участвую в обсуждении повседневных проблем.  
     «За холмами» является достаточно тяжелой и непростой психологической драмой. Фильм имеет глубокий социальный посыл,  ведь все события происходит в умирающей деревне, замкнутой и депрессивной. Молодая девушка Алина когда-то уехала в Германию, чтобы устроиться на работу и устроить свою жизнь. Но одиночество заставляет её вернуться в Румынию, где осталась Войчита, её лучшая подруга . На родине Алина обнаруживает, пока она  была «на западе», Войчита отдала себя Богу. Однако, несмотря на разногласия во взглядах на жизнь Алина решила не уступать подружку Господу, и во что бы то ни стало уговорить Войчиту покинуть православный монастырь. Все это приводит к тому что святые люди пытаются вылечить Алину от однополой любви к подруге. Священник исцеляет  девушку от бесов и доводит ее до истощения и смерти. Это нешуточное сражение за подругу закончилось, а полной гибелью.

      Алина вихрем врывается в жизнь Войчиты и требует любви, потому что ей захотелось обладать ею и точка. В итоге одна, боясь посмотреть реальности в глаза, прячется за Бога, а другая, видя в нем врага на пути к счастью, открыто с ним ведет борьбу. И то, что все это привело к трагическому концу, было вполне ожидаемо. На мой взгляд, в этом мире любовь может принимать абсолютно разные формы, но в этом фильме любовь принимает форму похоти, страсти, навязчивой идеи , которая переходит в психологическое насилие.

       Лично мне жаль всех героев этой истории - Алину, которая была больна от своей первой любви. Также жаль Батюшку и монахинь, которые в желании помочь навредили и дошли до фанатизма. И я уверенна, то, что они сделали с Алиной будет мучить их до конца дней. Но больше всего мне жаль Войчиту. В монастыре она была счастлива, и появление подруги детства принесли ей страдания и перелом в мировоззрении. Невозможно было принять чью-то сторону. Мне лишь жаль что ничего неизвестно о дальнейшей судьбе этой девушки. 

     Можно осуждать Алину или жалеть ее, можно осуждать церковь. Сложно винить кого-то или же принять, чью то сторону. Разве можно обвинить человека в излишней любви?  Справедливо ли «лечить» человека от однополой любви??! Почти всё, что мы видим в фильме, происходит из сильной  любви , на грани фанатизма, я бы сказала .
Можно ещё сказать много всего о фильме , но хочется отметить что вновь кино Кристиана оказывается больше чем просто кино . И также как в картине «4 неделях, 3 месяцах и 2 днях”, режиссер пытается напомнить нам о важности человеческой жизни."
