rating,title,text
"8,0",Легенда о пианисте 1998,"Все началось в день рождения «Вирджинии», ей было двадцать лет и в коробке из-под лимонов на корабле нашли младенца, младенца который станет легендой. Легенда, что задаст свой темп и ритм, будет диктовать свою музыку, мелодии прекрасные и звучания восхитительные.

Джузеппе Торнаторе рассказывает не сколько историю о пианисте и музыке, а больше показывает драматическую историю этого пианиста, как все началось и как важна музыка для «1900-го».

Интересна и сама история того, как Денни Будманн начал играть, кажется, что сказочным образом, ведь с ранних лет Денни начал играть, обучившись сам, это оказалось врожденным талантом.

Если вы любитель историй, историй как у Денни Будманна, то вам обязательно приглянется этот фильм, сам фильм можно назвать виртуозной игрой, где хорошо выделились актеры первых и вторых планов, особенно хорош Тим Рот, который как будто был создан для этой роли. Будучи очень талантливым актером, Тим Рот наделил свой персонаж нужной харизмой, нужным шармом и обаянием. Из актеров второго плана можно отметить Прюитт Тэйлор Винса, чья роль в картине не маловажная.

Для драмы фильм не лишен и доли приятного юмора, в нужных местах, а динамичность обеспечивают сцены музыкальных батллов, да-да, ведь скоро по сюжетной арке, у «1990-го» появляются завистники, которые считают, что их талант не переплюнуть самоучке-новичку.

Одновременно дав вам расслабится, насладится музыкой, фильм очень часто будет нагонять грусть и тоску, так-как картина не лишена этих качеств, что берут за душу и часто зритель из теплой воды окунется сразу в холодную, почувствовав холод и озноб происходящего и познает драматическую сторону фильма.

Простая и грустная история, которых много, но картина и вправду затягивает, все происходящее достойно внимания, оваций и слез, как мужских, так и женских.

«An epic story of a man who could do anything… except be ordinary»

Эту историю можно рассказывать и пересказывать вечно, но лучше один раз все таки посмотреть, чем услышать 1900 раз, про «1900-ого»"
