rating,title,text
"6,0",Город героев 2014,"Перед нами мультфильм - обладатель Оскара за лучший анимационный фильм. Действительно ли история о молодом изобретателе, бросившимся на поиски злодея в компании своих друзей, достойна этой награды? Скорее всего нет.

Дисней продолжает быть верным самому себе. Кажется, единственное отличие от других своих картин - это отсутствие песен. А, еще, нет принцесс. Дело в том, что лично у меня, порой складывается ощущение, что Дисней это некий отдел какой-то компании, в котором ребята разработали шаблон договора и спокойно “подкручивают” этот шаблон под нужны заказчика, преподнося продукт, как нечто новое.

В “Городе героев” сценарий и персонажи ужасно клишированные. Просто каждый в своей оболочке, которая, возможно, покажется зрителю новой на вкус. Возможно, это и неплохо, поскольку мультфильм действительно хороший, красочный, смешной, а, главное, добрый - детям уверен понравится. Но, лично мне, человеку, который отчасти вырос под работы Диснея, хочется чего-то нового, чего-то особенного и непохожего на предыдущие работы.

Увы, “Город героев” этой новизны мне не дал. Однако дал довольно большое количество положительных эмоций при просмотре, что не может не радовать."
"8,0",Город героев 2014,"Мультипликационная лента ""Город героев"" режиссёров Дона Холла и Криса Уильямса приглянулась мне как только я увидел первый тизер-трейлер, где главный герой проводит модернизацию большого белого робота. Сразу было понятно, что именно тематика отношений робота и человека будет одной из главных в данном мультфильме. В общем, я с нетерпением ждал выхода ""Города героев"" и не был разочарован!

  Сюжет повествует о юном даровании по имени Хиро Хамада, который добился больших успехов в робототехники. Он живёт вместе со своим братом Тадаши у тёти в городе Сан-Франтокио - футуристичном с одной стороны, но в то же время очень знакомым с другой. Тадаши учится в местном университете и так же создаёт роботов, его главное творение - робот-медик Беймакс, созданный лечит и спасать людей. Вместе с ним на факультете учатся такие же студенты-гении с забавными прозвищами: весёлая Хани Лемон, быстрая и торопливая Го Го, педантичный Васаби и Фред - просто фанат науки. Всем им предстоит найти себя на новом поприще - используя свои познания и навыки, стать героями города, ведь на горизонте появился хитрый и безжалостный враг. На фоне всего этого Хиро решает изменить программу Беймакса и научить его драться. 

  История, которую написали сценаристы Диснея, не сложная, забавная, хотя и нашлось место для одного неожиданного поворота. Перед нами типичный семейный фильм, где добро побеждает зло, зрителям рассказывают про простые истины и традиционные ценности. Как было сказано выше, одна из тем - это взаимоотношения робота и человека. Тут всё просто на самом деле - чему научишь робота, то и получишь в итоге. Если заложить программу насилия - получайте терминатора, если научить его врачевать - получится Беймакс. Другая тема - это вопрос мести. Стоит ли рад ней самому становиться злодеем и причинять кому-то боль? В ""Городе героев"" хорошо показаны последствия данного решения. 

   Персонажи мультфильма разнообразные, обладают индивидуальными чертами характера, но экранного времени не хватило, что бы показать их в полной мере. Чаще всего они просто сопровождают Хиро и помогают ему в приключениях. Меня правда не покидает ощущения, что если бы они пропали из сюжета, то сильно ничего бы не поменялось. Разве что юмора и шуток стало бы в разы меньше. Говоря о шутках, то главным их генератором является Беймакс в компании с Хиро.

  В плане графики - Дисней не изменяет себе. Нарисовано всё красиво, в ненавязчивом стиле кибер-панка. В больших панорамах города и его окрестностей читается подготовка к другому мультфильму, полностью посвященному жизни мегаполиса - ""Зверополис"". Спецэффектов мало, так как мало возможности их показать - настоящих взрывов в мультфильме только два. Как и положено ""Диснею"", они хорошо поработали над музыкой, саундреками и звуком. Особенно запомнилась песня ""Immortals"", под которую и происходил апгрейд персонажей. 

  Исходя из сказанного выше, я уверенно могу сказать, что ""Город героев"" стоит посмотреть хоть раз. Это приятный семейный фильм, с хорошей, приятной и понятной историей, забавными персонажами и трогательными моментами."
