rating,title,text
"10,0",Дура 2005,"      Даже не знаю, что сказать, как описать мысли...Роль (и роли) сыграны хорошо.
      Фильм жизненный.
      Нам не хватает терпения, или терпимости, друг ко другу; и искренности, чистоты. 
      Для опухоли в лобной доле головного мозга характерно именно такое поведение - дурашливость... 
      Роль не переиграна. 
      Да, и для больных шизофренией характерно такое поведение.
      Приходилось встречаться."
"10,0",Дура 2005,"      Даже не знаю, что сказать, как описать мысли...Роль (и роли) сыграны хорошо.
      Фильм жизненный.
      Нам не хватает терпения, или терпимости, друг ко другу; и искренности, чистоты. 
      Для опухоли в лобной доле головного мозга характерно именно такое поведение - дурашливость... 
      Роль не переиграна. 
      Да, и для больных шизофренией характерно такое поведение.
      Приходилось встречаться."
