rating,title,text
"4,0",Достучаться до небес 1997,"Довольно странно видеть данный фильм на вершинах всевозможных зрительских топов. «Достучаться до небес» — это драма в целом, но с явными трагикомичными мотивами, которые, будучи лишними здесь, просто не укладываются в моей голове. Печально наблюдать не за двумя персонажами, так яростно и стремительно застигнутыми практически неизлечимой болезнью, а за стремлением авторов-создателей косвенно постебаться и поиздеваться над этой самой болезнью.

Авторы в своем воображении нарисовали героев, полностью выдуманных и неестественных, но почему-то способных испытывать настоящую физическую боль. Ничего не имея против актера- Тиля Швайгера, ни его напарника Яна Йозефа Лиферса, не могу не заметить всю непонятность, неуместность и глупость их персонажей и тех переделок, в которые они так и норовят то и дело вляпаться. Внешность главных героев не продумывалась никак — в кадре присутствуют только лица «живые» и «свежие», без единого намека на раковую болезнь.

Совсем уж неестественные периодически повторяющиеся приступы боли героя Швайгера постоянно застают врасплох и больше напоминают сиюминутные перемены настроения, нежели страшнейшие мучения головного мозга. Наверняка месяцами репетировал перед зеркалом. Ну не выглядят так самодовольно люди в последней стадии рака. Бред полнейший. Или жители Германии как-то по-другому переносят данную болезнь? С «огоньком» в глазах и довольной ухмылкой? В подобной ситуации очень сложно проникнуться симпатией к героям и уж тем более сочувствием к ним.

Не обошли стороной этот фильм и шутки с большой долей идиотизма и неуместности, когда все без исключения второплановые герои изображают из себя «крутых перцев», а на деле оказываются лишь тупыми, неумелыми и нелепыми марионетками в руках не менее неумелых создателей.

Не верю ни единому кадру, ни единому слову и действию. Лишь только непонятное «кадросплетение» проносится перед глазами. Я понимаю, «Достучаться до небес» — трагикомедия. Но стоило ли ее загонять в такие далекие от реальности рамки? Ведь тема-то затронута серьезная. А от реализации впоследствии хочется только, извините за выражение, плеваться.

И только последние кадры находят отголоски в моем сердце и настраивают на волну серьезности лирического восприятия. Но это всего лишь мимолетный фрагмент, который, увы, не способен изменить мое отношение ко всему происходящему до этого.

В итоге, сопоставив все грани разумного и вымышленного, невольно натыкаешься на волну неприязни к данному «творению», что после просмотра n-го количества раз так и хочется задать один единственный вопрос создателям-исполнителям — как можно было шутить на подобную глобальную проблему человечества? Или для вас это всего лишь игра, мимолетный фарс, а не вера во что-то большее, светлое и вечное."
"10,0",Достучаться до небес 1997,"Вчера имел великолепную возможность познакомится с фильмом «Достучаться до Небес» режиссера Томаса Яна с Тилем Швайгером в главной роли. Этот фильм был мне многократно рекомендован и я долго думал смотреть его или нет? Посмотрел, и он сразу же стал моим любимым. В этом фильме рассказывается о двух друзьях, которых соединила больница и ожидание смертельного исхода. Два разных человека, до событий фильма ни разу друг друга не видели, но они встретились и тут же стали родственными душами. Немецкое кино для меня пока непостижимая тайна за семью печатями, но я точно знаю, что этот фильм просто обязан запомнится. Второй фильм за две недели, который рекомендует Институт Кинематографии. И далеко не зря.

Как и в «Жизнь прекрасна», и в «1+1» на который этот фильм, честно говоря немного похож здесь трагикомедия, то есть разыгрываются комические ситуации при преобладании отягчающего фактора вроде недалёкой кончины, или состояния инвалида. Мартин и Руди оказываются перед сложнейшим выбором: что бы ты сделал, если тебе жить осталось неделю. Главной целью в жизни двух людей является посетить море, «на Небе только и разговоры что о море, о малиновом закате и о том как зажигаются звёзды». Сразу же представляется красота этого пейзажа, и ты понимаешь, что представление о жизни у обоих героев меняется. Жизнь- это не только приземленная материальность, это еще и духовная данность, каждый элемент которой дан нам для воспитания в себе любви к жизни. За одну лишь неделю они успели ограбить банк, обрести миллион марок и вследствие чего еще и проблемы с законом и мафией, ведь бесплатный сыр только в мышеловке.

Юмор в этом фильме настоящий и неподдельный, каждая острота этого фильма вызывала гомерический смех. Долго смеялся вот над этим моментом 

-Доктор, операция прошла успешно?
-Да, но ты умер. Я- Господь, а это- Святой Пётр.
-Салам малейкум!

Было много подобных моментов, особенно смешили Абдул и Хэнк. Это те два человека, которые делали ну абсолютно смешные вещи, вроде момента, когда они сбили подростка, вот здесь я плакал! Комедийная составляющая фильма действительно получилась качественной и не напрягающей, поколение исчезающих комедий, которым суждено остаться в вечности.

Актеры сыграли прекрасно, смотря на то, как играют Тиль Швайгер и Йан-Йозеф Лиферс ты веришь в этих героев, ты живешь с ними, ты переживаешь за них, отличные актеры. Особенно понравился момент, когда герой Тиля Швайгера дарит маме Кадиллак.

Вердиктируя: Великолепное кино, прекрасное творение Томаса Яна, которое пока никому переплюнуть не удалось. Посмотрите этот фильм, если хотите приблизиться к пониманию смысла жизни. Хорошо  всё: и элементы боевика, которые здесь тоже были. По сути это микс разных жанров, которые хорошо сочетаются в один трагикомедийный боевик. Фильм великолепен! Всем добра и приятного просмотра!"
"9,0",Достучаться до небес 1997,"Продолжаем рассматривать сильные, драматические проекты, которые способны оставить неизгладимое впечатление. Сюжет данной картины не новый, подобные вещи всплывают частенько, ведь среди постоянного контента фильма, нужно держаться на плаву и с трагической историей. «Пока не сыграл в ящик», «А в душе я танцую…» или «1+1: Неприкасаемые» - все имеют общий знаменатель – когда смерти не избежать, когда на кону часы жизни, стоит воплотить мечты в реальность. Вот и Германия порадовала крепким фильмом с брутальным Тилем Швайгером. 

Герои картины – пациенты клиники, обо обречены на летальный исход, так почему же им не сделать то, чего так хочется, то, к чему лежит душа. Обычные люди, которые логично рассуждают по поводу времени и финансов, а главным героям плевать на все житейские проблемы, им то жить осталось чуть-чуть. Вот и начинаются последние, наполненные настоящей жизнью, деньки. Цель одного – побывать на море, другой же просто хочет дожить в роскоши.

«На небе только и разговоров, что о море и о закате. Там говорят о том, как чертовски здорово наблюдать за огромным огненным шаром, как он тает в волнах. И еле видимый свет, словно от свечи, горит где-то в глубине…»
 
Постучались с небес – метафора, означающая, что ребятам скоро пора в долгий путь. Дальше следует множество рискованных действий, на которые адекватный человек не пойдёт, но когда уже нечего терять, ничто не остановит тебя. Побег из больницы, угон тачки, встреча с мафией, да всё, что угодно, ведь только на пороге смерти герои по-настоящему ощущают жизнь. Представьте, что в подобной ситуации оказались вы, без меры чёрного юмора, я не навлекаю, нет, просто сюжет позволяет вообразить себя на месте героев. Реалии нашей жизни ставят определённые рамки, но вам будет уже плевать на мнения, на закон, на смерть – ведь она уже стучится в дверь. Отъявленным негодяем становиться не стоит, но ни в чём себе не отказывать надо уметь. Неимоверно круто герои фильма ищут себе приключения, обстоятельства складываются то в лучшую сторону, то нет, но это неважно. 

Фильм более дерзкий, более реалистичный, учитывающий человеческие потребности. В упомянутых выше примерах были свои ограничения, а здесь энергичные, полные сил (временно) герои творят, что сбредёт им в голову. Естественно, предсказуемый итог, но он потрясающий. Последние пару минут фильма в безмолвии, зрители не произносят ни слова, персонажи не произносят ни слова, только лёгкий морской бриз гоняет волны под звук ветерка, что так ласкает слух."
"8,0",Достучаться до небес 1997,"Викторина

-Может ли боевик и комедия сочетаться с драмой?
-Нет.
-Неверный ответ, и теперь вы пойдете на корм акулам.

Теперь, когда ваше внимание привлечено, начнем наш рассказ. Эта история наполнена приключениями и элементами боевика и все это в купе с драматической историей, историей двух героев. Когда мы наблюдаем за происходящим не экране, то мы как будто смотрим театральную постановку, насколько все передано и насколько ощутимо для нас, зрителей. Два героя встретились в одной палате, две противоположности и оба неизлечимо больны. Так почему бы не начать авантюру, не украсть деньги гангстеров и кутить? Так они и поступили, ведь жить-то осталось всего ничего и первому, и второму. Фильм великолепен и дело даже не в драматичности, зрителю приятно, что даже в такой ситуации, когда, жить-то всего ничего, но герои не лишаются позитива, а начало их приключений задумка самого отчаянного из них.

После просмотра хочется мечтать, мечтать, как мечтают персонажи Тиля Швайгера И Яна Йозефа Лиферса, не обязательно, чтобы мечта была о море, мечта может быть о чем угодно, как и пунктики «Списка желаний». Мартин и Руди два обреченных человека, но столько всего рассказывающих своей историей для обычного человека, которому осталось жить не так мало, как им, поучится у них есть чему, что всегда нужно смело глядеть в лицо даже смерти. Жизнь хорошая штука, и даже если ее осталось мало, нужно выжить из «старушки» все соки.

Операторская работа и музыкальное сопровождение просто великолепны, словно каждый кадр индивидуален и несет свой особый посыл. Игра даже второстепенных актеров оказалась очень важна, особенно в сцене с «Машиной Элвиса», диалог Мартина и его мамы.

Фильм местами пошлый, но все же не все так распущенно как в «Американском пироге», тут эта пошлость оправданная и связанна с той, или иной ключевой сценой, ну или же шуткой. 

Картина разрушает нашу психику, она переносит нас в опасные и забавные приключения, а ближе к финалу, все-таки так хочется плакать, (пол тут не важен, грусть всем присуща, если надавить на нужный стержень)."
