rating,title,text
"7,0",Тор 2011,"Не самый популярной и ключевой персонаж серии, но тем не менее он является богом, скандинавским богом, который с помощью своего происхождения объяснят свои сверх способности. Сперва это может выглядеть как мухлеж, но данный персонаж не менее значим для киновселенной Marvel, как например Халк или Черная вдова. Во-первых, он также как они отлично вливается в команду и хорошо разбавляет её, а во-вторых, он расширяет вселенную, перенося её за пределы галактики.

Тор мифический персонаж, его происхождение происходит не на Земле. С первых минут фильма зрителю демонстрируют кадры далекого неизвестного мира, вкратце давая понять его историю и параллельно с этим знакомя с главными героями, а именно непосредственно с Тором, его отцом Одином и братом Локи. Не плохая завязка переносит зрителя дальше в гущу семейных перипетий, конфликтов за трон и предательство, любовь и поиски себя, за всем этим очень интересно наблюдать, фильм не кажется затянутым. История Тора интересна в первую очередь тем, что она не ограничивается одним миром, она дает узнать о том, что во вселенной мы не одни, что существуют другие миры, со своими законами и опасностями. Все это не обычно смотрится в концепции киновселенной Marvel, где недавно пролетал Железный человек, с его вполне объяснимыми способностями. Мир Тора, опять же, интересно смотрятся напоминая «Властелин колец» и «Игру престолов», для любителей подобного жанра, этот фильм принесет двойное удовольствие.

Отличный экшн, любовь и конечно же хороший юмор, все, то, чем славятся фильмы Marvel. Думаю, вот так, вкратце можно описать данную картину."
"7,0",Тор 2011,"Четвертый фильм линейки MARVEL. 

Данная картина оживляет скандинавские мифы, что делает их частью киновселенной. Сюжет рассказывает о становлении Тора, как опытного воина и мудрого правителя, но не все так просто. Главный герой чуть не разжигает новую войну, отец Тора Один изгоняет его на Землю. В наказание он лишает его сил и молота, который сможет поднять только достойный. После чего место на троне хочет занять Локи, брат нашего скандинавского бога, являясь основным антагонистом. Любовная линия есть и держится на втором плане между Тором и Джейн Фостер. 

Крис Хемсворт идеально вписался в роль бога. Натали Портман сыграла девушку протагониста и сделала это просто великолепно. Том Хиддлстон своей харизмой и актерской игрой показал себя с лучшей стороны в актерском плане. Это первый фильм, в котором я его увидел и именно после этой картины я жду новых работ этого актера. Сэр Энтони Хопкинс является изюменкой на вершине актерского состава, он воплотил образ Всеотца Одина, именно его решение по изгнанию Тора помогло главному герою стать достойным человеком, готовым пожертвовать жизнью за другие миры. За юмор отвечала Кэт Деннингс, она же Дарси, острая на слова, но очень милая сама по себе. Так же очень понравился Идрис Эльба, сыгравший роль Хэймдалла, который стоит на страже Асгарда и видит все и всех. Его образ показывает, что даже второстепенный герой может показать себя очень хорошо и в некоторых планах не уступать главным персонажам. Так же в этом фильме произошел дебют Соколиного глаза, которого сыграл Джереми Реннер, много о нем сказать нельзя, зато в последующих фильмах герой себя покажет. 

Можно было бы раздать характеристику всем остальным героям данного фильма, но это займет больше времени, да и не особо нужно. Только в одну команду Тора входили Фольстаг, Хоган, Фандрал и леди Сиф, да и вездесущий Колсон получил в этот раз больше экранного времени. Большую часть фильма Тор был без своего костюма и сил, но это не отбивало интереса от просмотра, что нельзя не отметить. Первый эксперимент MARVEL оказался удачным, что доказывают отзывы критиков и зрителей."
