rating,title,text
"5,0",Капитан Филлипс 2013,"Имя Тома Хэнкса для меня сейчас стало таким маячком. Не знаю, почему именно его, уверен, что подобные вещи встречаются в кинематографе гораздо чаще. Но как-то получается, что в последнее время этот актер все чаще снимается в каких-то исторических фильмах. И надо сразу сказать - делает это хорошо. Все-таки, как говориться - «мастерство не пропьешь». Но тот самый маячок Тома Хэнкса действует для меня очень хорошо. После просмотра фильма, где он снялся сразу стоит изучить реальную историю. Очень уж велика вероятность того, что все это - лишь пропаганда. 

Так было в «Войне Чарли Уилсона», где СССР показали как жутких монстров, а США – как защитников справедливости и демократии. Так было в «Спасти мистера Бэнкса», в котором создательницу Мэри Поппинс внезапно заставили полюбить анимацию Диснея. Так получилось и в этом фильме. Ну не так все это было. Всю реалистичность исторических событий буквально вывернули наизнанку, заставили служить каким-то своим целям и буквально опошлили. Из главного героя, который в реальности был упрямым и гордым человеком, решившим против воли своей команды отправиться вдоль берега Сомали, и чья единственная заслуга была в том, что он попал в заложники, сделали настоящий символ. Вот он придумывает, как обхитрить пиратов, вот он соглашается стать заложником, лишь бы его команда была в безопасности, вот он предлагает перевязать ногу пострадавшему пирату, потом придумывает, как передавать информацию. Типичный американец - предприимчивый, демократичный, находчивый. 

Ну а за его спиной реет американский флаг с американским же флотом на подхвате. Америка никогда не бросает своих сынов - сквозить сквозь каждый кадр второй половины фильма. То, что в самом начале была поднята проблема на тему: «а как иначе можно выжить в Сомали» - в последней части забыто. Заглушено громкими возгласами «США! США!» и стрельбой из всех корабельных орудий и снайперских винтовок. Да, все свели к банальной пропаганде.

Вдвое обидно, что фильм получался очень хорошим. В нем действительно показывали то, о чем многие не задумываются. О том, как пиратам на их катерах, удается захватывать целые корабли. Двадцать человек против всего четырех человек с автоматами. Как тут не вспомнить «Пиратов двадцатого века», где в подобных же обстоятельствах доблестные советские моряки действовали совсем иначе. Но, там - это опять же влажные фантазии любителей боевиков. А в «Капитане Филлипсе» - жестокая реальность. В ней и убить могут. А из моряков никто не хочет такой доли. Они получают зарплату, их дома родные ждут – под пули лезть никто не горит. И с такой версией приходится смириться. Это получилось очень хорошо. В начале фильма сердце радуется - ого, нам показывают две стороны одной медали. С одной стороны - бедные жители Сомали, которых заставляют под страхом смерти захватывать эти самые корабли. С другой стороны - американцы, которые совершенно не готовы подставляться под пули и все, что они могут сделать героического - это попытаться поправить шланг на водомете, пока не начали стрелять. 

Том Хэнкс действительно хорошо играет - да, понятно, что ему не нужно было особо стараться при изображении всех этих базовых эмоций, вроде страха за собственную жизнь. Это довольно просто. Но у него хорошо изобразить получается не только это. За героя переживаешь в конце фильма, принимаешь близко к сердцу его ответственность за команду и даже то, что он пытается отговорить молодых пиратов. Но, как уже сказал - все это портиться тем, что очень уж отчетливый запах обмана витает над этим фильмом. Слишком уж все это выхолостили в последней части фильма. Вот какие благородные военные, вот какой героический капитан. Вот какие хорошие Соединенные Штаты. 

Так что, при всех неоспоримых положительных качествах этого фильма, я не могу поставить ему высокую оценку. С точки зрения фильма - он хорош, но с точки зрения правды и исторической достоверности - это все-таки пропаганда. Большой рекламный ролик не решающий каких-то проблем. Не призывающий к чему-то, не обращающий внимания на проблему. Так, попытался что-то сделать, но вяло отмахнулся. Ну и да, в очередной раз убеждающий меня, что имя Тома Хэнкса и реальных событиях в одном фильме - это повод залезть в интернет и прочитать, как там все это было на самом деле."
"8,0",Капитан Филлипс 2013,"Стоит начать с того, что фильм «Капитан Филлипс» основан на реальных событиях. Ричард Филлипс – капитан судна MV Maerrsk Alabama, которое захватили сомалийские пираты в 2008 году. Он предложил себя в качестве заложника, чтобы весь остальной экипаж отпустили. Затем он провел три дня в ужасных условиях в плену, пока не был освобожден спецназом. Смотреть такие фильмы зная, казалось бы, чем все закончится, всегда любопытно. Одним из главных интересов заключается в том, как режиссеру удастся передать достоверность и атмосферу реальных событий! Пол Гринграсс полностью справился с поставленной задачей!

 Фильм не богат сценами экшена, но держит зрителя в постоянном напряжении. Из наиболее известных актеров в фильме присутствует Том Хэнкс. Прошел почти год с последнего появления Тома в кино, в фильме «Облачный атлас». И теперь, когда он снялся в роли капитана, можно убедиться, что с Хэнксом все в порядке, как и с его блестящей актерской игрой! Чтобы максимально вжиться в роль он даже пообщался с настоящим капитаном, участником реальных событий, о чем Филлипс рассказал в своем интервью: «Уже ближе к съемкам Том Хэнкс три раза приезжал ко мне домой в Вермонт. Мы с ним разговаривали от двух до пяти часов. Он хорошо знал историю, читал мою книгу. Но он все равно хотел лично со мной пообщаться, задавал вопросы о рутинной стороне моей работы, о том, каково так долго находиться в море вдали от дома и семьи. Еще его интересовал наш язык — слова и специальные термины, которыми мы общаемся между собой во время рейса.». Его герой становится жертвой обстоятельств. Он всячески пытается предотвратить кровопролитие, думает, прежде всего не о себе, а о своей команде, несмотря на то, что дома его ждет семья. Сомалийские пираты не похожи на тех плохих парней, которых мы привыкли видеть в американских боевиках. Худые, босые, в рваных одеждах, они взялись за оружие не от хорошей жизни! В какой-то момент даже начинаешь сочувствовать этим людям. Игра актеров была более чем правдоподобна. «Знаете, я давно уже пережил случившиеся тогда события и закрыл эту дверь. Но некоторые сцены в фильме в каком-то смысле вернули меня обратно.

Создателям удалось очень точно передать напряжение и ту стрессовую ситуацию, которую я пережил. Особенно когда ты смотришь в глаза Тома Хэнкса, в то время как пираты заходят на борт. Это смесь страха и попытка удержать хоть какой-то контроль над ситуацией. Они проделали отличную работу.»- рассказывал в интервью капитан Филлипс. И если фильм оценил непосредственно Филлипс, то зрителю он понравится тем более!"
