rating,title,text
"8,0",Несносные боссы 2011,"Туповатый, но совершенно уморительный фильм. Герои бестолковые до безобразия, ситуации нелепые, пошлость на грани непристойности и все вместе - задорный, дурацкий, веселый фейерверк.

Ник, Курт и Дейл - закадычные друзья. Жить бы им да радоваться, но сводят их с ума несносные боссы. Начальник Ника - самодур, который обожает издеваться над подчиненными. У Курта босс был чудесным, но он умер, и у руля компании встал его сынок - чокнутый наркоман. Дейлу не повезло больше всех. Или повезло - как посмотреть. Его начальница Джулия - красотка-нимфоманка, совершенно повернутая на мысли затащить подчиненного в свою постель. Казалось бы, немногие смогли бы отказаться от подобного предложения , но вот беда - у Дейла есть любимая невеста. А Джулия так просто не сдается, показывая бедняге жизнь в алмазах.

Совершенно измучившись, друзья сговариваются убить ненавистных боссов. Вот только опыта у новоявленных киллеров ни на грош, и они отправляются искать инструктора в самый опасный район города. Кто ищет, тот всегда найдет, и вскоре Ник, Курт и Дейл сводят знакомство с Ублюдком Джонсом, обещающим решить их проблемы.

Закручивается удивительная история,  по-идиотски нелепая. С непременным хеппи-эндом, на 100 процентов оправдывающем знаменитую присказку, что дуракам всегда везет. 
В общем, все так плохо, что даже хорошо."
