rating,title,text
"8,0",Спасти мистера Бэнкса 2013,"«Спасти мистера Бэнкса» - один из самых необычных и трогательных фильмов студии Walt Disney. По большому счету в связи с тем, что фильм повествует о персоне Уолта Диснея. Было бы немного банально показать историю восхождения этого человека, так что «мистер Бэнкс» повествует о создании «Мэри Поппинс» (https://www.ivi.ru/watch/138518 ), культового мюзикла от Уолта Диснея. Студия, известная прежде всего за анимационные фильмы, сняла фильм с живыми актерами, что на тот момент было достаточно странно и интригующе. Творческие разногласия и жаркая дискуссия самого Уолта Диснея и детской писательницей Памелой Трэверс, непрерывно сопровождающие процесс съемок «Мэри Поппинс», и лежат в основе «Спасти мистера Бэнкса».

Сюжет картины состоит из двух историй. Первая история, лежащая в основе сценария, это, собственно, творческий процесс создания «Мэри Поппинс». Памела Трэверс имеет свое видение бессмертной истории и постоянно вмешивается в кинопроизводство. Уолт Дисней, который, как известно, тоже был не самым приятным в общении человеком, ломает голову, как угодить капризной писательнице. Вторая история повествует о детстве Памелы Треверс. На самом деле, многое, что происходит именно во второй сюжетной линии, не особо важно для сценария и фильм ничего не потерял бы, если бы её не было. Однако, надо быть честными, вторичная сюжетная линия необходима для полного раскрытия мотивов поступков главной героини. 

Помимо этого, «Спасти мистера Бэнкса» выглядит отличной историей о том, как важно слушать других. При всей серьезности тем, поднимаемых в картине, рассказываются они весьма простым бытовым языком. Трагизм умело чередуется с комедийными элементами. 

Естественно, «Мистер Бэнкс» силен актерским составом. Том Хэнкс, Эмма Томпсон, Пол Джаммати и сам Колин Фарелл – все актеры подобраны грамотно и их персонажи отлично запоминаются. 

Саундтрек не зря номинировали на премию «Оскар». Песни, использованные в фильме, отлично передают дух времени и, что немаловажно, дух мюзикла, вокруг экранизации которого строится сюжет.

«Спасти мистера Бэнкса» представляет собой неплохую биографическую драму, определение которой простирается куда дальше, чем «история о создании фильма». Прежде всего, это картина о семье, взрослении и отношении детей и родителей. Иными словами, о всём том, о чем всегда говорил великий мечтатель Уолт Дисней."
"8,0",Спасти мистера Бэнкса 2013,"Очень милый и позитивный фильм о съемках на студии Уолта Диснея фильма о Мэри Поппинс. Создательница идеальной няни австралийка Памела Треверс оказалась совсем не легким человеком, чопорной брюзгой, которая никак не желала расставаться со своим персонажем и выпускать Мэри на большие экраны.
Но финансовые проблемы заставляют мисс Треверс заключить договор с самым известным в мире мультипликатором. У дамы есть свои условия, и их множество - разворачивается картина великого противостояния, по своему накалу не уступающему битве при Ватерлоо.
Очень скоро вся студия стонет от мамы Мэри Поппинс. Ей не нравится ничего - песни, шутки, то как выглядят ее герои на экране. Она поправляет и критикует все на свете, не оставляя от сценария камня на камне. 
Уолт Дисней долгие годы мечтает снять фильм о няне, когда-то он обещал это своим дочкам, но и его терпение на пределе. И тут решается на последний шаг - пытается понять историю Мэри Поппинс. Что значит эта героиня для самой Памелы, как она появилась, что стоит за ее волшебными умениями. И он понимает, как тесно связана история няни с историей жизни ее создательницы. Сколько боли пришлось вынести Памеле Треверс и как помогала ей Мери Поппинс, всегда была рядом. Понимание этого дает возможность наладить хрупкий мир с писательницей, начать новые отношения, в результате которых появилась волшебная диснеевская сказка о Мэри Поппинс.
Сам фильм яркий, легкий, хоть речь там идет порой о сложных вещах. Мудрый Уолт Дисней и противоречивая Памела Треверс - как знать, какими они были на самом деле, но в историю верится."
"5,0",Спасти мистера Бэнкса 2013,"Вообще, я стараюсь отделять авторов от их произведений. Понятно, что знание личности автора и его убеждений помогает по-другому смотреть на то, что он создал, вплоть до поиска глубинного смыла в каждой строчке. Но, предпочитаю, оценивать произведение, так скажем «незамутненным» взглядом. Поэтому, я как-то мало знаю о писателях, музыкантах и режиссерах. И вот, например, этот фильм был для меня открытием. Если честно, я даже не помнил имя автора книг о Мэри Поппинс. А тут вот столько всего свалилось информации. Как о её личности, так и об истории её жизни. Другое дело… впрочем, об этом позже. Вначале о самом фильме.

Фильм, с технической точки зрения, получился, на мой взгляд, очень и очень хорошим. Во-первых, в нем ощущается дух того времени, взаимоотношения людей, обстановка, декорации, атмосфера. Во-вторых, проводятся забавные параллели между англичанами и американцами. Например, отличия друг от друга в общении, любовь к различным напиткам и прочие веселые детали. Ну и, в-третьих, игра актеров. Да, я как уже сказал, я не слишком хорошо знаю всех этих создателей, поэтому мне сложно сравнивать их с реальными прототипами. Но с точки зрения реализма, очень уж фактурные герои получились. 

Главная героиня, писательница искренне влюбленная в свое создание, она боится отдавать её в руки бездушной машины по зарабатыванию денег, как она видит компанию Дисней. Но потом её приглашают на студию, чтобы поучаствовать в съемках. После этого она старательно пытается, чуть ли не саботировать все эти попытки снять фильм. Ругает сценарий, ставит какие-то невообразимые требования. Ну, например, сказав, что она против использования красного цвета в фильме. Ей мало что нравится в этом фильме, хотя, как вы догадываетесь, подобное ненадолго. Вскоре она поймет всю магию Диснея и осознает свое прошлое.

Параллельно, нам рассказывают, какие же события в жизни героини привели её к написанию книги и этой поездке в Голливуд. Кто именно стал прототипом всех этих героев из её детства в Австралии. Откуда взялись эти мелкие детали, вроде зонтика с ручкой в виде головы попугая, или нелюбви самой Памелы к грушам. Время фильма разделено между этими историями и обе они очень хорошие и трогательные. Каждая по-своему тяжелая, каждая по-своему интересная. 

Но, проблема подкралась с той стороны, откуда не ждали. Стоит только открыть Википедию, и почитать про героев этого фильма. Оказывается, у Памелы Трэвис была очень насыщенная жизнь – возлюбленные и приемный ребенок. Поэтому её было сложно назвать одинокой и зажатой женщиной, как нам её пытаются показать в фильме. Да и сложно поверить в то, что Уолт Дисней, владелец такой огромной корпорации будет так возиться с автором книги. Пусть даже и настолько популярной. Стоит копнуть еще глубже, выясняется, что и многие другие факты, которые показаны в этом фильме, в качестве такой «трогательной»  начинки – они тоже не имеют отношения к реальности. Даже хуже – их «полярность» была полностью изменена. Так, те слезы, которые у Памелы вызвала премьера фильма, были не от радости, как нам хотели показать в фильме, а от гнева и разочарования. И эти чувства были вызваны как раз тем, что сделали с её книгой. Тут даже основная идея о том, что Дисней делал все, только ради того, чтобы получить права на книгу – она была придуманной. Когда писательница приехала в Америку для работы над фильмом, Дисней уже получил права на её книгу. 

Поэтому, с точки зрения биографической картины, этот фильм слабо «держит удар». Слишком уж много фактов, которые нам пытаются показать, банально не соответствуют истине. Да, сам фильм интересный, трогательный, хорошо сделанный, с отличными актерами, но вот при этом исключительно далек от истины и реальных событий. Что для вас важнее – красота или истина – выбирать лично вам. Поэтому так – за качество – отлично, за факты – ужасно."
