rating,title,text
"9,0",Хористы 2004,"Прекрасная история, после просмотра тебя не покидает чувство восторга и невероятной теплоты. Такие фильмы всегда оставляют одну и ту же реакцию: они способны проникнуться к социальному обществу в любое время. Проблемы актуальны и сейчас, «Хористы» же бросают свой взгляд на это дело.

Сюжет открывает для нас учителя музыки, который устраивается на работу в интернат для трудных подростков. Схема стандартная: луч света в тёмном царстве! Что первое приходит в голову? Правильно, схожие проекты. «Общество мёртвых поэтов», «Учитель года», «Умница Уилл Хантинг» - все они ведут борьбу с бунтарским характером мальчишек. Но у каждой картины свой тон, своя стилистика.

Знакомство. Жестокие мальчишки поднимают на смех преподавателя. Здесь отлично просматривается борьба с коллективом и попытки найти рычаги управления. Сюжет сталкивает жестокие методы директора заведения и лояльное отношение нового педагога. Удивительно, но позиция и выбор стороны виноватых оказываются не тем, что зритель ожидает. Зачем ссориться с мальчиками? Надо же понять причину их такого поведения.

Борьба за внимание. Сопоставить можно жестокие методы воспитания директора и общительный подход музыканта. Попытки, неудачи, снова попытки. Это не один мальчик, а целая группа сложных подростков, поэтому стоит терпеть и надеяться на лучшее. Цель! Главный герой нашёл в ребятах общее положение и смог объединить их в одно целое. А чего добился директор?
Но эта история не про противостояние учителей, а про реализацию потрясающей идеи. Когда мальчики разные по характеру, по складу ума, стоит найти общий стержень. Хор! Хорошая идея выливается в нечто прекрасное. Прослушивание и борьба детей с самими собой – великолепный ход. Можно стесняться чего-то, можно быть в чём-то безграмотным, но когда вас просят сделать вместе то, что никто никогда не пробовал, то результаты будут ошеломляющими.

В семье не без… Владеть людьми – владеть ситуаций. На наших глазах преподаватель находит как и друзей, так и врагов. Выскочки и бунтари (особенно в интернате) призывают к терпению и усердию. Следует понять ребят, чтобы добиться от них ожидаемых результатов. Преображение происходит постепенно. Это прекрасный пример того, что юношеский максимализм можно использовать в нужном деле. Камера касается всех ребят, всех хористов, но главным второстепенным выделяет уникальную личность. Самый балованный мальчишка обладает самым потрясающим голосом.

Пение. Это бальзам для ушей. Хоровое выступление вызывает гамму эмоций. Песни не переводят (только пару фраз), отчего французский сладкий голос бросает твою внутреннюю энергию вверх. Отличное музыкальное сопровождение, приятно слушать и следить за реакцией преподавателя. Композитор, дирижёр, руководитель – преподаватель обрёл то, о чём мог только мечтать: писать песни (имею в виду нотным станом), исполнять их и руководить  хором.

Картина пусть и банальна в некоторых эпизодах. Но финальный признательный момент должен был состояться. Вместе с детьми меняется и герой, потеряв всё, он обрёл смысл жизни и стремление заниматься любимым делом. Сложные переживания, тёплые чувства, любовь и предательство способны завлечь полностью.

Красивый и приятный фильм с чудесным исполнением и социальной драмой в самом сердце."
