rating,title,text
"3,0",Пустошь 2011,"Даррен Линн Боусман является, пусть и не лучшим, но заметным творцом хорроров. Серия «Пила», мистические триллеры и тому подобное. Но «Пустоши» заметны тем, что представляют собой проект Даррена низкого качества. Не то чтобы этот проект был откровенно неудачным, но, тем не менее, картина вышла невзрачной, безликой, и разочаровывающей.

Сюжет фильма может представлять интерес, ведь это одно из немногих произведений о Дьяволе из Джерси – существе из американского фольклора. Семья отправляется в лесной парк на отдых и углубляется в сосновые пустоши. Конечно, в лесах водится зло и долгое время непонятно: всамделишное или мифическое.
 
И да, представленный сценарий выглядит как набор клише и штампов. Почтенный отец семейства едет крышей, Дьявол из Джерси пугает семейство и тому подобное. Вроде интересно звучит, но, по большому счету, ни актерская игра (артисты выражают своими лицами незаинтересованность и не верят в то, что они делают), ни невыразительные сцены не позволяют переживать за героев. Также в картине множество сюжетных и логических дыр.

И если ближе к концу картина способна чем-нибудь заинтриговать, убрав все загадки и нелогичность, то в кульминационный момент сценарий просто облажался. Финал портит всё впечатление. 

Отдельное слово про операторскую работу. Леса, в которых скрываются герои, должны быть натуральными. Здесь же видна бутафория, желтого и зелёного цветов. Выглядит это, по меньшей мере, уныло.

Малобюджетный и нескладный фильм ужасов."
