rating,title,text
"8,0",Воин 2011,"Общее впечатление: Спортивная драма отцов и детей, что может быть лучше? Нелегкий коктейль из душевных терзаний, прямиком из детства прошлись по героям, уже во взрослом возрасте, выдавив обиду, боль и неуверенность.

Главные роли исполнили Том Харди и Джоэл Эдгертон (Томми, Брендон) сыграли двух братьев, которые не видели друг друга давно, так сложилось, но один из них все не может простить обиду, затаившуюся в сердце. Но у каждого из героев свои проблемы, Томми — готовится к турниру, он хочет выиграть большую сумму денег, прошлое преследует его (!), ну а тренировать просит своего отца (Ник Нолти), к слову, не видя его 14 лет, и не принимая тот факт, что отец бросил пить, в душе все еще нарастает боль разочарований и огорчений. А второй брат Брендон, со своими заботами, вынужден тоже идти на турнир, ведь ему как никогда нужны деньги, дабы сохранить дом, в котором у него семья. Так что же, столкнуться герои в схватке? Поймут, что нужно уметь прощать, искать в душе путь милосердия, а не черной злобы рану?

Мне очень понравилось как прописаны персонажи — последовательно, за достаточно долгий хронометраж — 140 мин, герои раскрываются и сочувствуешь обоим братьям, ибо здесь нет виноватых, здесь у каждого надлом в судьбе. Нелегкое детство, отец-алкоголик, больная мать, все это сказывается и вызывает сострадание, эмоционально по человечески жаль, это жизнь и от нее никуда не деться.

Порою повествование клишировано, но это лишь потому что рассматривается человеческий фактор отношений, логично что сюжетных поворотов особо не будет, но несмотря на это, кино смотрится динамично, ибо все тонкости боев поставлены очень хорошо. Не забываем, это драма!

Здесь бой не в турнире, хоть и важная часть ленты, здесь бой за семью, внутренние драматичные моменты, обыгранные великолепными актерами. Очень трогательное, сильное кино."
