rating,title,text
"5,0",28 недель спустя 2007,"Стал смотреть только из-за заявления, что это официальное продолжение, потому что отличный финал был в «28 дней спустя». Дэнни Бойл ушёл с поста режиссёра, предоставив кресло Хуану Карлосу Фреснадильо (?). Это отразилось на картине, превратило её в типичный боевик про зомби. Первый фильм Бойла тем и отличался, что зомби уделяли мало внимания, раскрывали одиночество и стремление выжить, сиквел получился проходным. У него есть интригующие черты, но это всё не ново, подобную тему с заражением уже видели много раз.

Открывает картину Румпельштильцхен и его познание заражения. Серьёзно, Роберт Карлайл встречался мне только в «Однажды в сказке», поэтому я только одну роль знаю у него. Тем не менее, это уже не уединённая прогулка по городу, а боязнь эпидемии во всех уголках планеты. По заезженному шаблону герои сталкиваются с заражёнными, вот якобы жили продолжительное время нормально, а как нужно сценаристам, так сразу перестали соблюдать бдительность. Имеем продвижение, раскрываем истинные обличия при столкновении с угрозой и можем задать себе вопрос: на что готов пойти человек ради выживания? Отсюда вытекает следующее касательно увиденного: прийти на помощь или следовать инстинкту самосохранения? Мнения делятся, но это не изменяет главного факта – события оказывают нужный результат на зрителя.

Смена плана и у нас уже район города, где живут все выжившие. Охраняемая территория, медицинские исследования. Люди адаптировались и ищут лекарство. Кадры охватывают локальные элементы, чтобы зритель мог всё увидеть, оценить значимость места. Шутки среди военных являются катализатором нормальной жизни. Такое желание и воспоминания о прошлом греют душу мужикам. По сюжету нам дают пару детишек, которые и сдвинули с места привычную, адаптированную жизнь горожан.

Восстановление семьи выглядит хорошо, но в этом нет ничего восхитительного. То есть, у нас привычный фильмец про выживание, поиск вакцины и развитие внутреннего сюжета. Драматичность от утраты близких уже проходили, фильм не даёт раскачки, а сразу стремится к действию. Открываются тоскливые нотки, любовь и классическое пренебрежение всех мер безопасности.

Новая фигура – ступень эволюции под вирусом или адаптация организма. Пока учёные не выявили типичные симптомы зомби, сюжет играет на чувствах героев и, по канону, раскрывает людям глаза, когда уже поздно. Это не массовая гибель жителей, это вирус, проникший в центр выживания. Как корпорация «Umbrella». Чтобы не дать заразе распространиться, следует отрезать эту часть системы, но у нас тут всё гораздо проще. Код: красный, чрезвычайное положение, экшен, страх и развитие. Картине нужен был массовый взрыв, чтобы продвигаться дальше. Естественно, заразу не удержали в пределах одного корпуса, продемонстрировали халатность в технике безопасности и создали ситуацию, когда мы можем наблюдать за выбором людей, несогласных с приказом.

Эпизод с военными, которые с высокой позиции могут вести огонь, самый интригующий. Тут у нас стрелок – Джереми Реннер, напарник по посту Хэролд Перрино (его то я не ожидал увидеть, это Майкл из «Остаться в живых», если что). Итак, картина демонстрирует страшное зрелище, отчего подвергаются сомнению приказы командира. Зритель задаёт вопрос сам себе: а как бы ты поступил на этом месте? Когда у вас человеческие жизни на вес золота, то приходится принимать правильные решения. Но что важнее: проявить гуманизм сейчас или обеспечить светлое будущее потом? Серьёзные темы, но им не дают возможности раскрыться, поэтому нас ожидает порыв доброй воли.

Сюжет дальше будто в квесте, нужно не попасться одним ребятам, скрыться от других, дойти до нужной точки и, конечно же, добавить жертву. Некоторые кадры были неплохими, всё-таки интрига тут есть, но интерес переменный, опять же нам дают понять, что это типичный фильм про зомби. Финальный штрих тоже предсказуемый, а развязки касательно заражения нет. Просто очередное спасение.
В картине есть все черты подобных продуктов, тут есть и герои, за которых переживаешь, тут есть и систематическое выживание, важные решения, последствия, определённая доля драматизма, знакомые и неожиданные актёры. Возможно, фильм именно для любителей зомби-муви. Потому что по сравнению с первой частью, как земля и небо. Проходное кино. Если вас впечатлил «28 дней спустя», то будьте осторожны с сиквелом."
"10,0",28 недель спустя 2007,"Продолжение хоррора «28 дней спустя» получился превосходным. Привлекающий внимание с первых минут, фильм смотрится на одном дыхании.

Завораживающие виды опустошённого Лондона, оригинальность съемки и масштабность ее развернутости не позволяют ни на секунду оторваться от действия фильма. Режиссер сумел настолько развернуть действие, не просто показать, что военные убивают зараженных, но как они это делают и со здоровыми людьми, а это добавляет картине зрелищности и привносит ощущение безысходности. Толпы очень реалистично показанных зараженных шныряющих туда-сюда, не оставляют равнодушным, трогают, и даже пугают. 

Как прекрасна показана драма семьи на фоне всеобщего хаоса. Достаточно добрые и теплые семейные отношения, новый город, новые горизонты… Неплохо показано, как человеческая глупость может привести к таким серьезным последствиям. Как же сложно побороть семейные «узы»!

Искренность – это главная отличительная черта данной картины. Малоизвестные на тот момент актеры как раз добавляют чего-то этакого, реальности что ли. Драматично показан кадр встречи супругов, заражения и всего вытекающего. Эти дикие глаза, реалистичность кадра убийства. А потом эта постоянная погоня, милое проявление заботы и любви между братом и сестрой. 

Картина цепляет еще и потому что показано все с точки зрения обычных, ничем фактически не примечательных людей. Поставив межличностные отношения во главу угла, сценаристы не промахнулись. Можно увидеть храбрость, мучения, страх, ужас и простую человечность. 
Особенно хочется отметить саундтрек. Пусть про него много сказано и хорошего, и плохого, но, как по мне, он прекрасен. Даже просто музыка, без видеоряда вызывает какой-то трепет внутри и даже страх.

Фильм стоит потраченного на него времени. Я даже пересматривала его пару раз и ни разу не появилось ощущение скуки. Пусть даже тут и есть огрехи (куда без них), но невероятная красота и искренность перекрывает все. Очень колоритный и запоминающийся."
