rating,title,text
"7,0",Человек на Луне 1999,"Талантливый и неугомонный Джим Керри. Его харизме может позавидовать любой, не только комик, но и полноценный артист. Все его работы по праву заслуживают высокой похвалы, но особенного внимания достойна работа в фильм «Человек на луне».

Его экранное перевоплощение в данной картине не поддается никакому сравнению. Благодаря собственной методики создания образа, ему очень удачно удалось достоверно перенести игру на экраны. Манеры героя, его речь и поведение. Все это варианты актерской игры. И как следствие получение то, что зритель увидит на экране. Для Джима Керри не понадобился не грим, не дополнительный материалы для передачи полноценного образа. В этом весь талант потрясающего актера.

Для простого зрителя этот фильм может показаться сложным. Российскому зрителю не знаком данный герой, существовавший в жизни, поэтому многие шутки могут стать непонятыми. От чего фильм, позиционирующий себя как комедия вовсе не смешит. Многие моменты кажутся нудными, абсурдными и скучными. Главный герои кажется недалеким дурачком, а весь его образ большая нелепица. Самое удивительно то, что для западных зрителей данный герой хорошо знаком. И видно, как исполнитель главной роли получает большой удовольствие от исполнения данной роли, от чего удивление от абсурда растет, но желание смотреть фильм не уменьшается.

Для простого домашнего просмотра фильм не подходит. Не ждите смешных гэгов и кривляний от комика Керри. Это в первую очередь вдумчивое кино, пусть немного абсурдное."
