rating,title,text
"9,0",Молчание ягнят 1990,"Главная героиня, чью роль исполнила Джоди Фостер, закалена подготовкой к своей будущей работе. Её пока относительные ФБР-навыки, отвага, устойчивость к манипулированию и превосходная физическая сноровка, должны помочь ей достигнуть новой ступени похвалы от начальства, что обещает девушке интересное задание — беседу с одним из самых опасных убийц, который, словно непредсказуемый пёс, и ты никогда не знаешь, когда он укусит. Но вот даже столь сильного человека, как Клариса (Фостер), возможно подавить морально, главное уметь. Только не стоит думать, что на подавлении и уничтожении одной конкретной личности, завязано действие.

Маньячная аура, начинает постепенно поглощать данный фильм. Его просто и доступно разворачивающийся сценарий, с каждым диалогом, провожает зрителя в своеобразный личный «Ад» одного господина — мистера Зло, что носит много других имён, таких как: спокойствие, хладнокровие, безумие... Но основное его имя — Ганнибал. В его «Аду» водятся неподконтрольные ему заключённые, не очень значимые для всех остальных, как и для зрителя, но занимающие своё место в повествовании, и порой — эмоциональное.

Ганнибал Лектер, является весомым элементом, без которого триллер о второстепенном во всех смыслах маньяке, потерял бы свою культовость. Говоря о второстепенном маньяке, подразумевается совсем не Лектер, а ещё одна персона — вокруг неё то сначала всё и вертится, и именно рядом с ней, а не с персонажем Энтони Хопкинса, происходит нарушение молчания, когда очередная жертва попадает в его руки. Но стоит Ганнибалу вступить в дело, молчание вновь наступит, ведь все, кто стоит у него на пути, пробуждают ненасытность, и уж тут берегись... Одним словом — профессиональный хищник.

Хопкинс — прекрасен. Могучая доля обаяния фильма закреплена за ним, за его невероятной харизмой и за его вариативными актёрскими перевоплощениями касательно отдельно взятой сцены. Характер антагониста сэра Энтони, почти невозможно раскусить, тут хоть во время просмотра криминалистов подключай. К Лектеру легко проникнуться симпатией, так же легко, как и возненавидеть за намеренно сказанную обидную фразу, что заставляет другого человека раскрыться — рассказать о себе чуть ли не всё.

«Молчание ягнят» — удивительный триллер, его второе дно — детективная составляющая, не пытается показать себя большим столбиком из загадок, зацепок и хитроумных ловушек, от того детектив и выглядит в меру неожиданным своими сюжетными ходами, с поправкой на реализм. Именно благодаря некой естественности в плане реализма, вопросов к логике происходящего не возникает.

Главное достоинство режиссёрского почерка, а также операторского — крупные планы персонажей с упором на лица. По приближенным к актёрам ракурсам, которые застывают в одном положении, создаётся эффект присутствия, будто бы это не герои фильма общаются друг с другом, а Вы с ними. Этот художественный режиссёрско-операторский фокус, умело усиливает и без того аутентичную атмосферу, время от времени пускающуюся в медленный танец с медитативным и немного волшебным саундтреком.

Помимо своих различных достоинств, не замаранных недостатками, кино является образцовым поп-феноменом, явившим развлекательной культуре полюбившегося киноманьяка по ту сторону слэшеров и прочих хорроров. Ганнибал Лектер держит позиции одного из самых лучших маньячных злодеев, он тот, кого не стыдно видеть в какой-нибудь подборке от именитых издательств, и к нему никаким образом не подойдут определения невзрачный или неинтересный — талант, харизма, подача персонажа и его должная проработка — вот то, что однозначно подойдёт."
"8,0",Молчание ягнят 1990,"Психопат похищает и убивает молодых женщин по всему Среднему Западу Америки. ФБР, уверенное в том, что все преступления совершены одним и тем же человеком, поручает агенту Клариссе Старлинг встретиться с заключенным-маньяком, который мог бы объяснить следствию психологические мотивы серийного убийцы и тем самым вывести на его след.

И вот игра началась, синопсис немного похож на заметку криминалиста? Бесспорно, так и должно быть, ведь дух Тома Харриса тут чувствуется, ведь он приложил руку к книге, по которой сняли, наверное-один из самых мрачных триллеров на этой земле.

А ведь до того, как начать писать книги Том Харрис был криминалистом, а это уже залог успеха и крепкая основа для книги, а книга же в свою очередь при хорошем режиссере может стать очень крепкой, опорой для фильма и режиссер Джонатан Демме годно воспользовался первоисточником и почти ничего не упустил, спорно конечно, спорно для ярых фанатов книги хотя думается, что увидев фильм и самые матерые не придрались бы, но мы этого не узнаем.

Фильм полноценный психологический триллер, однако он не выплескивает на зрителя потоки крови и бессмысленного расчленения, не показывает смотрящему картину ни одного персонажа, у которого не было бы своей истории, даже Буйвол Билл весьма продуман, хоть и внимание на нем не так акцентированно, как в книге.

Акцентировано внимание на Клариссе М. Старлинг и Ганнибале Лекторе они «механизм» всего фильма просящая помощи Кларисса и бросающий в ответ обрывки психологии и философии доктор Лектор.

Композитором фильма, стал Говард Шор, который позднее напишет музыку к другому фильму, в котором снимутся Бредд Питт и Морган Фримен, но до музыкально сопровождения в «Молчании Ягнят» ему будет далеко.

Просвета нет и чем больше времени идет этот фильм, тем больше зритель понимает, что для героев вряд ли что-то в дальнейшем будет хорошо, как минимум их психика значительно пострадает, а зритель не может ничего поделать, то добрый зритель который оценит этот фильм, но у него в голове не будет сидеть маленький-Ганнибал Лектор, почувствует легкое разочарование, неужели это все?

Хэппи Энд вряд ли присущ Балтимору, тому Балтимору, который описывал Томас Харрис."
"9,0",Молчание ягнят 1990,"«Молчание ягнят» - культовый, леденящий кровь психологический криминальный триллер Джонатана Демме, снятый по мотивам романа Тома Харриса. 

Маньяк, прозванный Буффало-Биллом, похищает и убивает молодых женщин по всему Среднему Западу Америки, сдирает с них кожу и выбрасывает трупы, вкладывая им в горло личинки бабочек. Не находя зацепок, ФБР идёт на крайние меры. Начальник отдела психологии Джек Кроуфорд отправляет молодую курсантку-отличницу Клариссу Старлинг (Джоди Фостер) в психиатрическую больницу на встречу с убийцей-людоедом Ганнибалом Лектером, чтобы та уговорила его помочь понять мотивы преступника и составить его психологический портрет. 

Умнейший человек с выдающимся интеллектом, блестящий судебный психиатр, сдержанный эстет с вкрадчивым голосом и немигающим взглядом, но одновременно с этим хладнокровный убийца, воплощающий само Зло, он соглашается на сотрудничество. Однако в обмен на консультацию доктор Лектер просит Клариссу поделиться с ним историей её детства, детскими травмами и страхами. Играя в изощрённую интеллектуальную игру с агентом Старлинг, Лектер выводит-таки ФБР на след преступника, не забыв при этом осуществить свой собственный дьявольский план. 

«Молчание ягнят», несмотря на ужасающую историю, - это фильм о том, что каждым человеком движут определённые мотивы, которые нужно во чтобы то ни стало реализовать, дабы разрешить тот или иной внутренний конфликт, освободившись из его цепей. И самое страшное здесь вовсе не безжалостные убийства, от которых кровь стынет в жилах, а то, что авторы как бы уравнивают способы удовлетворения потребностей. Для кого-то – это спасти невинного человека и избавиться от кошмаров с блеющими ягнятами, а для кого-то – сотворить себе новую кожу и скрыть под ней ненавистное тело. Хотя один персонаж остаётся полной загадкой – зловещий доктор Ганнибал Лектер.
 
Культовым этот фильм делает не только чудовищная история и дьявольски закрученный в психологической игре сюжет, но и блестящая актёрская работа, удостоенная нескольких премий «Оскар». За всего лишь 16 минут экранного времени в ленте Энтони Хопкинс крупными буквами вписал своё имя в историю, а своего персонажа – в многочисленные списки величайших, ужаснейших и проч. киногероев."
"9,0",Молчание ягнят 1990,"Молчание ягнят – фильм о грамотной тонкой работе психопата Ганнибала Лектера. Фильм о человеке, которому абсолютно нечего терять. И в таком состоянии он может абсолютно все – говорить что хочет, делать что хочет, манипулировать людьми как он хочет. Что бы он ни сделал, его ситуация ни как не ухудшится. Это фильм об умении ждать. Терпение – одна из отличительных особенностей Ганнибала. Именно благодаря ей он смог дать жизнь своему невероятно хитрому и закрученному плану. В потрясающем холодном исполнении Энтони Хопкинса, Ганнибал Лектер появляется на экране меньше многих персонажей, но больше всех влияет на сюжет фильма. 

У режиссера Джонатана Демми получился добротный психологический триллер – один из немногих, чье напряжение с ходом времени будет только увеличиваться. Некоторая недосказанность в начале и пробелы в мотивации персонажей по ходу дела закроются, но нужно будет немного поразмыслить для построения в голове логичной цепочки повествования. Так же этот фильм не просто нам «говорит» об ужасности и непредсказуемости злодея – эту ужасность и непредсказуемость тут демонстрируют. И демонстрация эта имеет свой шокирующий и ошеломляющий эффект – фильм удивляет. Зрителя водят за нос вместе с персонажами картины, поэтому можно легко проникнуться некоторой их беспомощностью и в большей степени порадоваться их победам. Это тот фильм, в котором главная линия сюжета отведена на второй план, но от этого он не теряет ровным счетом ничего – харизма и актерская игра Хопкинса решают все проблемы.

Полное вовлечение в процесс – именно то, чего добился Джонатан Демми в «Молчании ягнят». Богатая на размышления о психологической природе человека картина, которая заставит вас бояться и чувствовать себя в шкуре героев, борющихся с неуловимым злом."
