rating,title,text
"8,0",Чёрный лебедь 2010,"Фильмы про увлеченных людей искусства – это такой отдельный жанр. И в последнее время подобных фильмов становится больше. Раньше, в одной из стран, которых ныне уже нет, это можно было бы назвать «производственным романом». Но, этот фильм снят не в этой стране и не в то время. Поэтому, он и рассматривает проблему творческого человека несколько под другим углом. С позиции, так сказать, творческого сумасшествия. Точнее даже творческих чувств, потому что здесь есть все что угодно, и зависть, и боязнь провала, и страсть, и похоть. Ну, в общем-то, всего намешали в эту истории одной балерины, которая всячески старается добиться совершенства. И вот он долгожданный миг признания. Но, как известно всем, «с большой силой приходит и большая ответственность». Теперь нужно не просто доказать, что ты лучшая, но еще и не ударить в грязь лицом, достичь совершенства. 

И вот здесь начинаются метания души, попытки переступить через свою природу. Как быть, когда в глазах художественного руководителя, ты всего лишь «белый лебедь»? Как перекраситься, как поменяться и прекратить накручивать себя, обрести ту страсть, которая тебе нужна, чтобы войти в эту роль. И как пережить успех другой? Да, я знаю, что глупо расценивать этот фильм буквально, как историю о соперничестве двух балерин. Тут все гораздо тоньше. Материи неизмеримее и интереснее. Сумасшествие разгорается, собственное бессилие выглядывает из всех углов, скалится со стен и толкает куда-то в ужасную пропасть. Этот фильм красив и ужасен одновременно. Здесь нет той героини, которой бы хотелось сопереживать. Она умудряется сыграть так, что её ненавидишь и при этом ей же и сочувствуешь одновременно. Ненавидишь за все эти истерики и поступки. Сочувствуешь… да, в общем-то, за то же самое. 

Фильм в очередной раз использует (я бы даже сказал, эксплуатирует) максиму, что творческие люди, они безумцы. И все это демонстрируется по полной – все эти ведения, резкие движения камеры, метаморфозы реальности, вроде разговаривающих с героиней картин. Или каких-то ран на теле – словно появляющихся раньше, чем она их начала расчесывать. И все это на фоне вроде бы простого человеческого переживания, которое способно обернуться кошмаром. 

В первую очередь, конечно, игра актеров делает весь этот фильм тем, чем он является. Натали Портман – удивительно точно передала все эти эмоции. Она реально воплощает на экране свою героиню. Ведет себя как она, и транслирует свои эмоции с экрана. Во все эти видения веришь, потому что в них верит сама актриса, ты ощущаешь все то, что ощущает она. Все остальные актеры прекрасно оттеняют её игру. На подчеркивание внутренних переживаний актрисы играет и сама атмосфера. Все эти холодные цвета, какая-то зернистость картинки, операторская работа с дерганной и «переваливающейся» камерой. 

По каким-то ощущениям, мне этот фильм напомнил любимый мною «В пасти безумия». Все тоже ощущение чего-то нереального, каких-то заигрываний с восприятием, ощущение ужаса и безумия. Не очень много каких-то действий на экране, но при этом, напряжение умело нагнетается. Не особо много поворотов в сюжете, но следить за происходящим – интересно. Все происходящее умудряется зацепить и буквально протащить через фильм от начала и до конца. Понятно, что не все готовы понять и принять такой стиль фильма и такой сюжет. Но те, кому нравятся фильмы о «чувствах» (не только о любви), мне кажется - оценят. Я вот оценил. Мне понравилось. Хотя, есть у меня подозрение, что смотреть этот фильм нужно с особым настроем. Или в особой обстановке."
