rating,title,text
"10,0",Звездные войны: Эпизод 5 – Империя наносит ответный удар 1980,"Просмотр эпопеи «Звёздные войны» начал смотреть ещё в прошлом году в рамках цикла рецензий в год Кино и посмотрел четыре фильма. Сегодня моя коллекция Full HD фильмов пополнилась пятым эпизодом, который проглотил за один присест и готов поделиться своими впечатлениями от пятого эпизода и мыслями по этому поводу.

Вообще вся франшиза она как таковая не завершена, ведь фильмы дополняющие и углубляющие её снимаются до сих пор, поскольку довольно долго увлечён чтением изданий посвящённым фантастике, то так или иначе мне на глаза попадаются новости об этой вселенной. Насколько я помню, в 2012-ом году Lucasfilm была куплена компанией Дисней и благодаря этому событию мы имеем возможность лицезреть новые эпизоды, новую трилогию как минимум. Слышал что события, происходившие в Расширенной вселенной «ЗВ» каноном не считаются и многие истории из той линейки экранизированы не будут, а это несколько сильных новелл, анимационных фильмов, комиксов, компьютерных игр. Я сам до конца в этой истории не разобрался, но это создало огромную путаницу не только для простого зрителя, но и для истовых фанатов. Поэтому я решил посмотреть все эпизоды в их логическом порядке – от первого до крайнего.

Сюжет пятого эпизода происходит спустя три года после событий «Новой Надежды» и посвящён ответному удару войск Империи на уничтожение Звезды Смерти главными фигурами Сопротивления: Лея Органа, Люк Скайуокер и Хан Соло. Принцесса - дочь сенатора, Люк – пилот с Дантуина и наёмник с большим серцдем Хан Соло. В первом часу фильма мы можем наблюдать битву на заснеженной планете, в которой в очередной раз столкнулись войска Сопротивленцев и Империи, Вейдер чувствует колебания Силы и стремится избавиться от них путём переманивания на свою сторону. Два главнейших события фильма – это битва в начале, о которой писал чуть выше и схватка Вейдера и Люка, впоследствии ставшая мемом под названием «Люк, я – твой отец». Схватки на лазерных мечах не выглядят так эффектно как в трилогии-приквеле, здесь это обычное фехтование, но зато фильм берёт авантюризмом и атмосферой большого приключения.

В визуальном плане фильм меня порадовал, это и крупные планы, это пейзажные панорамы, никогда не обращал внимания на вступительные титры, которые появляются на фоне космоса – замечательная находка мастеров монтирования, где нам напоминают чем кончается четвёртый эпизод и как начинается пятый, здесь нам глубже  и подробнее пытаются раскрыть суть учения джедаев, магистр Йода уже стар, последний из уничтоженных, помогает главному герою познать Силу. В одной из сцен перед нами показывают голограмму Императора Палпатина – Ситха, способствовавшего уничтожению Республики, Ордена Джедаев и Рождению Первой Галактической Империи. Этот так называемый мир готовится к новому потрясению и Пятый Эпизод – это только часть большой многоходовки, которая наверняка достигнет своей кульминации и Развязки в шестом Эпизоде – «Возвращении Джедая».

Актёрские работы порадовали. Марк Хэмилл – отличный Люк Скайуокер, чьё происхождение поросло быльём и тайнами, чистый и светлый молодой человек с добрыми глазами и намерениями, не видящий для себя иной дороги кроме дороги Света. Кэрри Фишер в главной своей роли великолепна, навсегда запомнишься ты нам именно такой – молодой, обаятельной и привлекательной. Чуи бесподобен, Харрисон Форд находится на вершине своих актёрских способностей и великолепно сыграл Хана Соло за год до своей второй знаковой роли – Индиана Джонса, к созданию которого будет привлечён маститый режиссёрский тандем Лукаса и Спилберга. Актёры дубляжа постарались, дубляж 2010-ого года. Даниил Эльдаров, известный как голос Капитана Америки и Кэла Лайтмана прекрасно влился в суть и образ Люка Скайуокера, как и его Стив Роджерс оба идеалисты и эту общую сторону характера Эльдарову удалось уловить. Марианна Шульц стала голосом Леи, не знаю как дублировали до этого но её голос мне очень нравится. Оби-Вана Кеноби озвучивает Борис Токарев, известный как голос Сириуса Блэка и Джэка Ходжинса, великолепен.

В качестве итога: Пятый Эпизод – хорош, мне понравился, продолжаю ощущать детство, погружаюсь в лучшее время своей жизни, правда я вырос на трилогии-приквеле и этим просмотром восстанавливаю пробелы, спецэффекты на уровне, для восьмидесятого года они приличные, но атмосфера подкупает. Фильм в любимые и рекомендация к ознакомлению, Космоопера детства моих родителей теперь понравилась и мне. Ставлю максимальный балл, ибо классика. Всем Добра и приятного Просмотра!"
"7,0",Звездные войны: Эпизод 5 – Империя наносит ответный удар 1980,"В этом эпизоде нас ждет больше боевых сцен, любовных линий и сюжетных поворотов. Империя истребляет лагеря повстанцев и идет к своей цели полного завоевания галактики. Неизменная команда с первой части не перестает бороться за свободу, и всячески дает отпор имперским захватчикам. Так же мы наконец-то увидим Мастера Йоду, сцены с которым были очень забавными. Очень интересно смотреть на то, как сделали этого персонажа.

Баталии занимают большую часть экранного времени, это нельзя не отметить. Настолько круто все сделать, да еще и в 1980 году. Аплодирую стоя. И я заметил, что с каждой новой частью, мне начинает нравится эта история."
