rating,title,text
"6,0",Лара Крофт: Расхитительница гробниц 2001,"Не буду писать, что я прям фанат серии компьютерных игр о знаменитой расхитительнице гробниц, имя которой Лара Крофт. По-настоящему мне нравятся лишь перезапуски, нежели классика. Любимыми играми являются Tomb Raider: Legend и Tomb Raider 2013. Настоящие возведённые в абсолют хиты. Legend — это такой приключенческий боевик, то, каким должен был стать первый фильм дилогии. В данной игре даже были позаимствованы ключевые особенности поместья мисс Крофт из экшена Лара Крофт: Расхитительница гробниц: детали, обстановка, наполнение интерьера… Только в Tomb Raider: Legend, дух поместья и его внутреннее устройство, всё равно лучше фильма. Запоминается Легенда многим: вечеринка в Токио и трюк с мотоциклом, погоня в Боливии, мистика Казахстанской базы. Конечно же, никуда без разнообразных нарядов Лары, в том числе и откровенно сексуальных. Tomb Raider 2013 обладает универсальной постановкой, и, да, мне хватило пройти две игры серии Uncharted (Among Thieves/Drake’s Deception), чтобы уяснить, что Tomb Raider 2013 оказался лучше, как впечатлениями, так и творящимся на экране безумием: падающие самолёты, полёты на парашюте, прыжки по скалам, сражения с волками, побег из взрывающегося храма и так далее. Legend-2013 абсолютно разные игры, обладающие своим шармом. 

Кино, главную роль в котором исполнила Анджелина Джоли, слабо во многих аспектах. Очень средняя, местами и вовсе плохая графика. Никакая постановка, лишь отчасти компенсирующая свой хронометраж. Отдельно можно выделить только этапы с поездкой на джипе и санях, но, согласитесь, этого ничтожно мало для приключенческого боевика, тем более по мотивам одноимённой франшизы, а уж после тех непередаваемых приключений, что подарил Индиана Джонс, такое смотрится вообще очень и очень бедно. Хотя бюджет у фильма внушительных 100 с лишним миллионов долларов. Нехило. Одно неясно, куда потратили столь огромную сумму… 

Образ Джоли, идеально соответствует первым играм, такая же косичка, типаж, разве что формы не угловатые, оно и понятно. Короче, тут претензий нет. То же самое касается и одежды, классические узкие шортики присутствуют, как и классические пистолеты. Часто при перезарядке, оператор показывает больше попу главной героини — оно и правильно. 

К сожалению, лента имеет свойство ещё и повторять саму себя — середина-конец. Ещё здесь очень дурной монтаж замедления времени, оно какое-то сильно пьяное, словно спотыкается и не даёт себе крутануться и выпрямиться в полноценный slo-mo эффект, смотреть на такое неинтересно. 

Действующий оператор Питер Мензиес мл. (Крепкий орешек 3: Возмездие, Невероятный Халк) действительно неплох: природа, пейзажи и панорамы, вкупе с обзором интимных ракурсных мест Лары, сняты добротно. Можно полюбоваться. 

Музыка тут порой реально смешная. Сложно сказать, кто постарался, композитор Грэм Ревелл (Ворон, От заката до рассвета, Фредди против Джейсона, Город грехов, Крутые времена) то ли само так вышло. Саундтрек напоминает местами, саундтрек к эротическому фильму, в нём чувствуется всё та же непосредственность и наивность. Кое-где, звучит техно-поп и R&B.; Также приятной сладостью в виде композиции Elevation группы U2 (даже клип официальный был по данному фильму) побалуют. 

Режиссёр Саймон Уэст (Воздушная тюрьма, Механик, Неудержимые 2), сделал почти всё возможное, правда, хоть малую изобретательность в экшене забыл воссоздать. 

Из весомых плюсов тут есть Иэн Глен, небезызвестный доктор Айзекс из серии Обитель зла. Отличная роль злодея, классно сыгранная и харизматично отображённая. 

Вроде и нечего больше расписывать, передать от первоисточника удалось немногое. От расхитительницы гробниц можно получить свою долю библиотечного настроения. Жаль, но присутствующая в проекте мистика, довольно кислая и слабая. Отговаривать смотреть однозначно не буду. Поклонники у этой экранизации есть, и их немало, но для меня это то ещё обидное разочарование."
