rating,title,text
"7,0",Джобс: Империя соблазна 2013,"В последнее время появилась тенденция: вместо классического байопика на экраны выходит рассмотрение личности через призму нескольких важных из её жизни событий. «Джобс: Империя соблазна», в отличие от более позднего «Стива Джобса» ( https://www.ivi.ru/watch/131237 ), представляет собой классическую версию биографии. В то время как последний упомянутый фильм концентрируется на внутренней рефлексии героя, «Империя соблазна» пытается поведать почему Стив Джобс такой крутой и каким образом он изменил мир. Лента вышла спорной, как с точки зрения повествования (фильм критиковали многие друзья и коллеги Стива за достоверность событий), так и с точки донесения до зрителя мессаджа. С другой стороны, работа скорее хорошая, чем провальная.

Трудно, ой трудно, уместить 40-летнюю историю корпорации в двухчасовой фильм. В то время как «Пираты Силиконовой долины» (https://www.ivi.ru/watch/114882 ) концентрировался на истории основания компаний Apple и Microsoft и их противостояния, здесь же центральная тема именно Apple. Причем повествование подается скачкообразно в виде взлётов и падений яблочной корпорации, а кульминация вообще обрывается на самом интересном месте: переломном для бизнеса высоких технологий 1997-м году. 

Однако, несмотря на то, что биографический ритм сбоит, именно личностная драма выходит на первый план. Пусть здесь мало рефлексий и переживаний, в какой-то степени всё равно раскрывается личность в центре повествования. После просмотра возникает неоднозначное впечатление о Джобсе как о личности, что позволяет сделать те или иные выводы о его персоне. Это жесткий, принципиальный человек, который считает, что цель оправдывает средства, и для которого люди являются лишь инструментами для реализации своих планов. 

Возможно, что немного хромает актерская игра. Эштон Кутчер – талантливый актер, но вот его Стив Джобс вышел немного карикатурным. С другой стороны, надо полагать, что если бы вся эксцентричность характера Джобса не была передана, то фильм бы был попросту скучным. Все остальные актеры также как похожи на свои реальные прототипы, так и стараются по части передачи эмоций и чувств.

В целом «Империя соблазна» - удачный фильм и, по крайней мере, дает пищу для размышлений, особенно по сравнению с ранним «Пираты Силиконовой долины» и поздним «Стивом Джобсом». Эти фильмы составляют своеобразную трилогию о мистере Джобсе, пусть и сняты разными режиссерами. По совокупности просмотра всех трёх фильмов становится ясно, каким же образом Apple изменили мир. Только остается открытым вопрос: к лучшему или к худшему?"
