rating,title,text
"9,0",Орда 2011,"Глубины веры постигая

О Чём этот фильм? О противостоянии? О злобе Орды с вырезанием от мала до велика? О народностях? О русских и татарах? И да, и нет. Здесь о другом... 
О ком этот фильм? О ханах, в изощрённой усобице клюющих один другого? О Величайшей матери, ослепшей вдруг, в одночасье? О русичах, рабской голытьбой клонящейся к земле? О забывших чин, звание? О венецианской Европе приглядывающейся, заискивающей? Вне сомнения. Фрески, одна интереснее другой тут. Но и это не главное. И это не основное. 
Картина, в которой ожившая историческая легенда переносит нас на шесть с лишнем веков назад. В глубокую старину. Русь, как колос на ветру лицами предков. Крохотный оазис частоколом брёвен обнесённый от набегов ""степи"". И ""степь"", под дробное звучание напевов, неисчислимой ""тьмы"" лошадиных табунов, идущих на приступ. Два лагеря. Эти и те. Две системы. Эта и та. Соседствующие и питающие одна другую. Разные лицами. Разные культурами. 
Фильм лишённый ""побоищ"". Не несущий сцен ""рубки мяса"". Без столкновений в поединках. И ведь, что удивительно, это не только не обедняет зрелище, а наоборот, позволяет сконцентрироваться на основной режиссёрской мысли. Задуматься и поразмыслить чуть-чуть. 
Редкостная жемчужина в век карамельного кино для зрителей. Доступная для понимания форма и глянцевый костюмированный бал атрибутом высокой художественности. Конечно же, это не ""Андрей Рублёв"" Андрея Тарковского, но ни как не менее поражающий ""Остров"" Павла Лунгина. Чем не законченная триада эти работы? 
Вера. Объединяющей патокой благоухания словно благодатное миро.... 
Прервусь. Работа... 
...продолжу....
Интересен портрет человека, предлагаемый к рассмотрению, режиссёром. Церковный иерарх глазами Максима Суханова в каждого из нас. Кто он в этом мире? Властелин душ. Распорядитель. Его духовный сан величиной Олимпа над простыми смертными. Лишь слово, лишь взгляд и нет ни в чём прекословия. Скала, утёс над равнинной порослью людской. Но это для всех. Это для окружающих. Внешний портрет... А вот что у него за душой? Что в этих проницательных глазах скрыто от окружающих? Что томит? Что живёт внутри? Насколько устойчива платформа на которую он возводит ""свой народ"" в проповедях и наставлениях ежедневно? Ощущает ли, чувствует ли ступнями опору? Или так лишь, по накатанной, по привычной изо дня в день колее скользит, неведомый для окружающих в своём ""раскачивании""? Верит ли в дело служения? Или ржа сомнений давно изъела, источила? И диалог с Иваном, касательно сотворённого чуда - извёл подступившую к граду болезнь, откровением во внутренние пенаты - ""а может быть случайно....""
Сомнение. Обычная слабость, присущая каждому из нас при соприкосновении с пугающим, неведомым. А как же вера? Как же чин? Перед нами вновь лишь человек. Маленький, напуганный, заурядный... Ах, как это знакомо. Ах, сколько раз это было. И сколько раз ещё предстоит выйти на подобное распутье? 
Так что же здесь? За спокойствием отстранённости? Боязнь? Страх? Проверка праведности, учинённая Высшим провидением? Да. Тот самый момент истины.... И крупицы постижения характера этого ""служки"" без излишних переливов. Будь то поступки, эмоции, пересуды. Каждому из нас предоставлена возможность самому домыслить, дочертить портрет. Спасибо автору. 
...Но выбора нет. Нужно ехать. И Бог, которому правдой или неправдой (с сомнением) служил, единственной опорой... 
Вот они, пленительные грани этого фильма. Вот она живительная струя потока мыслей одолевающих своими - а может быть? А если? А что в самом деле? А значит ли это? 
Внимательному и подготовленному внутренне зрителю тут многое откроется. И о самом себе, тоже. И каждая сцена, каждый кадр, лицом ли страдания в нас, мучительным ли словом, отзвуком размышления вновь и вновь с вопросами. Для беседы со своим вторым я. А ""круги ада"", горнилом дьявольской жаровни тут. И один, тот что юн и мал, отрекается по немощи своей. Второй, умывается слезами горя и принимает жребий как должное... 
И ведь это ещё без всех этих исторических картинок-фресок. Татарские ""хороводы"" зачаровывают. Все они, без исключения, ой-как хороши! 
Фильм для просмотра и пересмотра вновь и вновь. Определённо, это одна из качественных лент последнего десятилетия. ""Золотая коллекция""."
