rating,title,text
"6,0",Клуб безбашенных 2009,"Что есть кино, как не запечатленное на пленку время? А что касается фотографий? «Клуб безбашенных» повествует о фотографах-репортерах, решивших как раз запечатлеть на пленку это самое время, причем весьма неловкий и жуткий дух апартеида и расизма Южной Африки. ЮАР находится в состоянии перманентного волнения и стычек, а группа белых фотографов, взявшая себе «безбашенную» кличку, отправляется на юг черного контента, чтобы поведать всему миру о расовых чистках. Данный факт действительно имел место, снимки всамделишного «Клуба безбашенных» попали в СМИ, а фотографы получили Пулитцеровскую премию. Увы, драматизация этих событий вышла немного неравномерной, почти что скользкой, потому что столь сложная тема как расизм и расовое предупреждение, а тем более такой кошмар как расовая война, показана в «Клубе безбашенных» отстраненно, почти в абстрагированном ключе. А драматическая форма, в которую завернут сценарий, кстати, также вызывает сомнение.

Итак, сюжет основан на реальных событиях, а все «киношные» приключения бравых фотографов базируются на автобиографической книге прототипов главных героев. Их точка зрения понятна: рассказать о сущности профессии военного корреспондента; почему фотографы ради материала лезут в самое пекло; и, наконец, каким образом беспристрастно передать фотоработы. Такое чувство, что сценаристы «Клуба безбашенных» хотели эти вопросы затронуть, но кроме как мимоходом, через уста персонажей и диалоги, эти темы не получают своего развития. А жаль, поскольку именно они являются фундаментом крепкой киноленты о такой теме.

«Клуб» содержит в себе невероятно много ангажированных моментов. Большая их часть, конечно, подана в отстраненной форме, однако были видны симпатии создателей к определенным сущностям. Имею в виду, что фильм на столь монументальную тему, на которой и основан «Клуб безбашенных», должен быть чуточку беспристрастнее. Сцены, вроде пресс-конференции по поводу скандального снимка или о технических моментах особо жесткой фотографии, вносят в «Клуб безбашенных» определенной цинизм, рождающий спорность посыла. А раз в сценарии нет ответов на вопросы (по крайней мере в явной, визуальной форме) о работе военного корреспондента, то и подобные гротескные вставки снижают ценность киноленты.

Раздувшаяся «документальность» происходящего в этой целиком художественной кинокартине не влияет на игру актеров. Тейлор Китч отыграл отлично, а Райан Филипп, увы, немного меркнет на фоне коллеги. Малин Акерман и Филипп составляют неплохую экранную пару, хотя тот же Китч способен уделать их обоих. Оставшихся членов «Клуба» запомнить затруднительно.

Фильм, в том числе и по части реализации, представляет собой больше процедурную военную драму, чем киноленту о буднях корреспондентов из горячих точек. Военный жанр, конечно, можно не любить, хотя его надо понимать. «Клуб безбашенных» же далек от понимания, по крайней мере в разряде мессаджей, хотя в целом и симпатичен. Слабоватые социальные подтексты о жизни современных чернокожих и сопутствующих предрассудков, чуть-чуть усиливает общее впечатление, оставляя обыденный и линейно развивающийся байопик."
