rating,title,text
"7,0",Миссия: невыполнима 1996,"Для многих, поколение легендарного сериала про шпионов уже давно сошло на нет. Прошло много-много лет. Уже ставшим народным Джеймс Бонд, боевики со Шварцем и Сталлоне, также набирают популярность, и поэтому возродить сериал прошлого было почти невозможным, даже невыполнимо.

Для такой миссия требовалась команда суперпрофессионалов: набирающая популярность улыбка Тома Круза, уже ставший культовым режиссер Брайан Де Пальма – выпустивший на свет несколько отличных фильмах. Не только улыбка, но и личная любовь к возрождению жанра, помогла этому ремейку. Отличный и интригующий сюжет, хороший актерский состав и нестандартный, для того времени, режиссерский стиль, который помог возродить культовый жанр.

Самое интересное в фильме это присутствие динамичного сюжета. Не обязательно быть знакомым с оригинальным сериалом, это совершенно не нужно, для просмотра достаточно просто включить фильм и наслаждаться процессом.

В то время это казалось экспериментом, сейчас уже известно, что франшиза выросла на несколько лет, но тогда это было нестандартное решение и очень рискованное. Благодаря качественного сценария, отличное актерской работе и режиссуре, эксперимент удался, и создатели смогли подарить это замечательное приключение на несколько лет вперед."
