rating,title,text
"10,0",Такси 4 2007,"Старые добрые герои уже заметно постарели, обзавелись семьёй, воспитывают чудесных мальчишек, но это никак не мешает им по прежнему тупить, попадать в нелепые ситуации и вытаскивать друг друга буквально из задницы.

Третий фильм Жерара Кравчик нужно было назвать не ""Такси"", а ""Косяки французской полиции"", потому что самого героя Сами Насери практически не видно, он появляется только когда герою Дифенталя нужна помощь, но это уже не фильм о такси. На первый план выходит туповатый шеф полиции Жебер. Этот мужчинка мне очень импонирует, так что я не против, что режиссёр решил сделать акцент именно на нём. Учитывая, что проект понёс потери в лице Марион Котийяр, фильм всё равно смотрелся на одном дыхании и отсутствие эпизодического героя не сказалось на сюжете.

Получилась распрекрасная комедия с замечательными актёрами и преотличнейшей атмосферой. Фильм, как и ожидалось, лёгкий и семейный. Могу пересматривать снова и снова."
