rating,title,text
"9,0",Реквием по мечте 2000,"Сара Голдфорб мечтает попасть в популярное шоу на телевидении. И дело совсем не в призах – Сара хочет, чтобы ее заметили, услышали рассказ об умершем муже Сеймуре и прекрасном сыне Гарольде. Сын – непутевый наркоман, постоянно обкрадывающий мать, но он ведь непременно исправится, разбогатеет, обзаведется семьей. У Сары родятся маленькие внуки и будет много счастья на старости лет . 
Гарри Голдфорб мечтает о прибыльном собственном бизнесе. Мечтает жениться на своей девушке Марион - такой красивой и нежной. Все у них сложится идеально, ведь они так понимают друг друга. Тогда, Гарри не забудет и о матери, перед которой так виноват. Он вернет ей все, будет заботиться о ней.

Марион мечтает об ателье, у нее есть задатки дизайнера, она прекрасно рисует, живет вольной жизнью и гордится своей независимостью. 

Друг Гарри, Тайлер, мечтает о спокойной, счастливой жизни. Как в детстве, под крылышком мамы. Чтобы кто-то любил его и заботился о нем.

Но все эти мечты разбиваются о гранитную скалу. Имя ей – наркотическая зависимость. И неважно героин это, «безобидная» марихуана или таблетки для похудения.
  
В фильме сменяются времена года, – и с ними сменяются периоды в жизни героев. От радостной эйфории к непроглядному мраку. Фильм не пытается жалеть своего зрителя, приукрасить действительность. Мы видим, как под действием наркотиков уходят доброта, ответственность, любовь. Человек теряет свое «Я», становится безвольным животным, мечтающим лишь об очередной дозе.

Один из лучших фильмов о проблеме наркомании. Невероятно тяжелый, но очень нужный."
"10,0",Реквием по мечте 2000,"Несравненная картина Аронофски. В фильме прекрасно все: знакомство с главными героями, глубокая и нагнетающая атмосфера, идеально подобранное музыкальное сопровождение, игра актеров, смысл фильма, а также особенности монтажа.

Перед нашими глазами по очереди, а иногда и параллельно, проходят моменты жизни четырех персонажей, затронутых одной и той же проблемой. Мечта. Да, в этом фильме мечта представлена именно проблемой, а путь через тернии вовсе не лежит к звездам. Но кто же знал? 

Мечте сопутствует рука об руку другая проблема – наркотики. И здесь мы видим, что этот недуг не щадит ровным счетом никого: ни молодых, ни пожилых, нет у него расовых и гендерных предпочтений. Все четверо варятся в одном и том же наркотическом котле, терзаемые агонией вновь и вновь. Но фильм вовсе не собирается учить нас здоровому образу жизни, отказу от зависимостей. Фильм вообще не хочет нас учить, оставляя за нами простой выбор – задуматься или нет. Нам сразу преподносят загубленные жизни. Другого не дано. И вот из этих параметров мы должны отталкиваться в оценке сложившейся ситуации.

Молодой и не очень смышленый Гари с другом Тайроном стараются подняться с низов. Их мечта двойственна. С одной стороны, есть желание заработать, подняться выше простого потребителя, выйти на новый уровень. С другой стороны, желание – всегда иметь под рукой наркотик и ни от кого не зависеть в приобретении товара – оказывается даже сильнее первого. 

Мэрион – подруга Гари. У нее тоже есть мечта – собственный магазин одежды. Но весь свой талант она гробит в любимом порошке. Она глубже других погрязла в этом омуте и выбраться не может. Или не пытается.

Самая яркая героиня – Сара, мать Гарольда. Ее жизнь заставляет проникнуться в эту историю даже сильнее, чем в остальные. Зависимость у нее другая. Да и наркотик другой. Одинокая, никому не нужная, она отчаянно влачит свое безрадостное существование, обрастая круглосуточными телешоу и сплетнями подруг. Один звонок меняет ее жизнь. Мечта оказывается так близко…

Мы видим бесповоротное и безвозвратное разложение наших героев, как людей, так и личностей. Это жестокий, горестный фильм о сокровенных мечтах, вывернутых наизнанку. О крахе всего. Невыносимая жизнь, невыносимые эмоции и события. Слишком ужасно. Но так все и происходит. 

Оголяя перед нами изнанку патологической, наркозависимой жизни, фильм с легкостью погружает нас в этот мир безысходности и цикличности. Эта картина – вскрывшийся гнойник, представленный на обозрение обществу, которое то и дело в реальной жизни закрывает на проблему наркомании глаза, клеит поверх нарыва пластыри морали, отмахивается и бежит от таких людей, как от надоедливых ос, слетевшихся на сладкое. Эта история – душераздирающий крик в беспомощных мольбах о сочувствии и сострадании. Наркоманы – тоже люди. Каждый способен мечтать. Просто мечтают они о другом, да и по-другому. 

Множество раз пересматривала «Реквием по мечте». И каждый раз все глубже проникаюсь этой «Невыносимой легкостью апокалипсиса». Это фильм на все времена, на любой нрав, на любой сознательный возраст. Рекомендую к просмотру."
