rating,title,text
"7,0",Философы: Урок выживания 2013,"Фильм «Философы» - либо очень умный, либо очень глупый фильм. От него ждёшь «философии» или что-то в духе «Начала» (https://www.ivi.ru/watch/100129 ). А получаешь… ну, что-то простое, с невнятной любовной линией, странными персонажами, которые редко ведут себя как люди, и сюжетом, скованным рамками своего мира. 

Преподаватель в последний учебный день решает поиграть со студентами в умозрительную ролевую игру. Установка очень интересная и задумка ролевой игры превосходная – лично я бы поиграл в подобное в реальности. Строго говоря, весь фильм представляет собой комплекс рассуждений и поступков главных героев в той или иной экстремальной ситуации. 

Недостатки у «Философов» следующие. Во-первых, в фильме проходит проблема гомосексуализма. Ладно бы она просто здесь была, так у неё вообще тут нет смысла. Если бы из фильма вырезали все сцены, касающихся проблем сексуальных однополых отношений, то на общий посыл это бы слабо повлияло. Во-вторых, всё же, фильм будет интересен людям, находящимся в одной возрастной группе с героями фильма. Для зрителя едва старше 12-14 лет происходящее будет слишком сложным; для зрителя старше 28 – слишком простым и примитивным.

Но в остальном фильм вышел весьма захватывающий и интересный. Музыкальной сопровождение подобрано отлично. Спецэффекты здесь, конечно, не совсем важны, но и они не подкачали. Сценарий имеет неплохой сюжетный поворот, а актеры выкладываются по полной программе. Зрителя постоянно необходимо удивлять и «Философы» с этим справляются."
"9,0",Философы: Урок выживания 2013,"Скажу честно, фильм меня поразил! Он настолько необыкновенный и непонятный для многих, кто его смотрит! О чем он? Это и есть главный вопрос, этого фильма! О чем?
Прежде чем написать данную рецензию, я прочитал все отзывы и рецензии на 
ivi.ru и понял, многие не уловили, о чем данное кино...

Давайте начнем с описания, к аннотации данного фильма: ""...Волей мистера Хаддлса (режиссера- прим. автора), у которого с воображением всегда был полный порядок, студенты международной школы в Джакарте, посещающие занятия по философии профессора Зимита, окажутся последней надеждой человечества. Именно такую игру предложит ребятам учитель. Кто сможет оказаться среди десяти достойных шанса остаться в живых после того, как Землю сотрясет гипотетический Апокалипсис? Логика решений окажется отнюдь не прямолинейной..."" (конец цитаты). Вроде все правильно, но ТОЛЬКО ФИЛЬМ НЕ ОБ ЯДЕРНОЙ КАТАСТРОФЕ, не о том как автор показал видовую борьбу...Все намного глубже и суровее...

Здесь апокалипсис не главный апофеоз фильма, поэтому он выражен не точно и не филигранно, поэтому мне кажется автор отзыва: Evgeny от 14 апреля 2017""Ну то, что нафантазировала эта девушка - полнейшая помойка. Мысленный эксперимент независимо от других проходит. Соответственно они не могут опираться на опыт прошлых экспериментов. Отсюда - отсутствие знания пароля, отсутствие знаний об оружии. В эксперименте должны быть какие-то правила, а не просто полет фантазии. И то, что они типа жили счастливо на самом деле делает из них эгоистов, наплевавших на будущее. Выбор между краткосрочным счастьем и продолжением рода, но без счастья... Выбираю 2."" (конец цитаты). 
Поэтому выбор тут широкий и личный! Или как написал автор: Хадижа от 6 января 2016 ""...конец не понятный..."" (конец цитаты). Да конец в данном фильме и не будет понятен, главный остается жить, без любви и уходит из жизни, с любовью, нам тут всюду дается выбор, решаем только мы!

Наиболее близко чувства данного фильма, отобразил автор отзыва: reader77 от 20 апреля 2014 "" ...Фильм не о философии, фильм о чувствах. Отверженная, настоящая любовь причиняет невыносимую, ужасную боль и, что бы ты не делал, никакая философия и логический подход тут не помогут... (конец цитаты).

 Правда фильм о чувствах, о любви! Где логика философов, летит в тартарары! Ничего тут не поможет!

И автор рецензии ""Жизнь по-философски: секс, алкоголь, покер и опера"" Ляйсан Башарова от 29 января 2017 , в разделе сюжет, по моему мнению, поставила жирную точку о чем данный фильм: ""...Весь класс играет в умозрительную ролевую игру, но только двое понимают, что за борьба ведется. Это не борьба за выживание в мире атомного апокалипсиса — это борьба за сохранение ушедшего чувства, борьба двух самцов за самую лучшую самку. Итог очевиден — молодость всегда побеждает, какой бы она ни была. Это грустный, но закономерный процесс, в котором Учитель навсегда остается Учителем..."" (конец цитаты).

Да все ясно и встало на свои места! Фильм уникален тем, что наглухо закрыт от широкого зрителя ширмой! Мы видим преподавание, общение учителя и учеников, увлекательные ролевые игры! Но данное кино,  пускает в потайной вход, только избранных. И тех, кто зашел за ширму, увидит: героическую, хитрую, последнюю попытку, удержать молодую девушку подле себя. Инструментом, будет являться, интеллектуальное превосходство и авторитет учителя, путем ввязывания всего коллектива в увлекательную интерактивную игру- мстительного и заведомо проигрышного характера.

Вот наплёл, скажут читатели и будут правы! Я считаю данный фильм, одним из лучших, увиденных, за последнее время! Преподаватель философии, человек в данном фильме умный и интеллигентный, он банально, не ударил, главного героя студента, трубой по голове, в темных переулках Джакарты. Не завалил студента на экзамене, как любят, это делать наши преподаватели. Он выбрал более изощренный метод, путь интеллектуального превосходства, выдавливания из социальной группы, уязвимого объекта! С целью удержания молодой и возможно любимой девушки. Он старался! Но молодость берет свое, обязательно берет, какова природа...А поэта в этом фильме, все таки жалко, очень жалко..."
"8,0",Философы: Урок выживания 2013,"Идея
Это фильм-попурри из стилей и актеров, по сути дела, является ремейком на многочисленные постапокалиптические фильмы, но только на современный лад: с геями, студентами-выскочками и классической ситуацией Пигмалиона и Галатеи, известной еще со времен Древней Греции.

Отсылки
Что будет, если взять красивого мальчика из приключенческого триллера Санктум, Джинни Уизли из Гарри Поттера, Джеймса Саймон Д’Арси (здесь все понятно и так) и смешать это все с апокалипсисом? Получится острозабавный коктейль с попыткой соединить драму, комедию, научную фантастику, психологический триллер и мелодраму… и еще непонятно что. 

Сюжет
Учитель философии в последний день занятий предлагает своим студентам поучаствовать в необычном эксперименте: представить, что произошла ядерная катастрофа, а единственное убежище на земле – бункер. Бункер рассчитан на 10 человек, а студентов – 21. Все решают сложную задачу, в то время как только один человек понимает, что на самом деле происходит. Это не по годам умная студентка, за любовь которой борется Учитель, пытаясь доказать, чем он лучше всех ее сверстников (и одного студента конкретно). Весь класс играет в умозрительную ролевую игру, но только двое понимают, что за борьба ведется. Это не борьба за выживание в мире атомного апокалипсиса — это борьба за сохранение ушедшего чувства, борьба двух самцов за самую лучшую самку. Итог очевиден — молодость всегда побеждает, какой бы она ни была. Это грустный, но закономерный процесс, в котором Учитель навсегда остается Учителем.

Что же касается самого построения фильма, то он наполнен многочисленными логическими «выстрелами мимо» вроде гиены, лишних людей в бункере и т.д. Все это проходит под торжественный саундтрек в дизайнерских интерьерах бункера и сопровождается заумными диалогами девушек и юношей нежного возраста. Что тут говорить: фильм рассчитан на определенную возрастную категорию, и он справляется со своей задачей великолепно. 

Sum up по фильму:
- атмосферный антураж, ощущение включения в действие и… большая доля самоиронии
- вся суть фильма раскрывается под конец в завершающем диалоге Учителя и Студентки, все остальное — плод фантазий и игры ума всех присутствующих, что не менее увлекательно.

Вывод:
Рекомендовано к просмотру преимущественно молодой аудитории с целью переосмысления вечных истин."
"7,0",Философы: Урок выживания 2013,"Ни трейлер, ни рецензии к этому фильму я не видела. Я вообще о нём узнала от друга. В целом фильм не плох. Идея довольно интересная. Вот бы в наших школах такие выпускные экзамены. Тогда у российских выпускников было бы больше полезных жизненных навыков, чем есть сейчас на самом деле.

Что мне понравилось в ""Философах"", так это название, которое вроде бы обещает фильм о философах (логично), я имею в виду, о настоящих философах, которые там какие-то великие мысли выдают, только успевай в цитатник записывать, а на самом деле он о простых подростках, размышляющих об апокалипсисе и его последствиях, о том, что кто-то из них должен выжить, а кому-то следует умереть. Дискуссия героев настолько увлекательна, что затягивает за собой и зрителя. Лично мне было бы интересно подумать над некоторыми вопросами, поставить себя на места учеников и тоже сделать выбор.

Правда, вторая линия сюжета оказалась лишней. Я вообще не поняла, зачем она. Одной линией можно было вполне обойтись. А они взяли и приплели препода с этой ученицей. Ну зачем? Хорошо же всё было а.

Меня одна вещь ставит в тупик: почему преподаватель просил учеников руководствоваться только логикой. При чём тут логика, это же философия. Или я философию себе как-то не так представляю? Но наличие железной, просто пуленепробиваемой логики, сильно подпортило сюжет. И преподаватель, кстати, тоже слегка разочаровал. 
- А кто вы в этом эксперименте?
- Я - тёмная лошадка.
Я ожидала увидеть циничного и остроумного мужчину, который будет ставить под сомнение любое решение своих учеников, а у самого будет целая куча ответов на любой их вопрос. 

Но как и на любой вопрос в философии нет точно верного ответа, всё достаточно субъективно, так и у этого фильма, точнее в его ситуациях, нет правильного выхода, где все бы остались довольны. Участники эксперимента три раза не справились с поставленной задачей - обеспечить жизнь человечеству после апокалипсиса. Они трижды завалили этот экзамен. На мой взгляд, правильное решение так и не было найдено. По моему его и нет вовсе.

В этом фильме не важно, какой именно произошёл апокалипсис, откуда взялся бункер, и почему в радиоактивной среде живёт себе бодренькая гиена (ну это ляп, безусловно), потому что интересуют совсем другие вопросы: кого взять с собой в бункер, как облегчить страдания тех, кто в него не попал, как обеспечить потомство, прожить год бок о бок друг с другом в замкнутом помещении и не сойти с ума."
