rating,title,text
"8,0",Чужой 1979,"Легендарный ужастик, который задал планку развития огромного мира, отдельного культа со своими расами. Первый фильм о Ксеноморфах, показывающий, что любопытство может навредить. В 1979 году, когда космические фильмы только-только начинали раскручиваться, «Чужой» Ридли Скотта стал одним из ключевых. Мир будущего представлен по меркам того времени весьма предсказуемо: осваивание новых планет, инновационный подход на обычные предметы, огромные космические корабли, как пассажирские, так и грузовые. Вот и один такой кораблик ловит сигнал бедствия с неизвестной планеты, летит на помощь, но путается в координатах.

Интрига и таинственность фильма как раз держать в напряжении. Разношёрстный состав корабля, где каждый со своими бзиками и мнением, сталкивается с проблемой, которая всех объединяет. Вот ведь опять клешированные действия: нужно всё облазить, обнаружить гигантские коконы и тыкать в них пальцами. Ну не дебилы ? Откуда вы знаете, что это ? На неопознанной планете живой организм, мало ли какие у него намерения ? Но без всех этих деталей мы бы не получили милых инопланетных организмов, охотящихся за экипажем корабля. Погрузитесь в атмосферу таинственности, резких и пугающих эпизодов, страха людей и истинными намерениями компании корабля по поводу этих существ. Какими бы не были отношения в команде, Ксеноморфу плевать, он просто доберётся до вашего мозга извне и всё.

Ребята совершили ошибку, среагировав на сигнал бедствия. Такой подобный ход встречался и в «Звездных воинах», и в «Звёздном пути», но он является неотъемлемой частью сюжета. Рипли в фильме только раскрывают, но мы то знаем, какая у неё сложится судьба дальше. На тот период достаточно было двух фильмов о чужих, которые и снял Скотт, потому что уже третий фильм отошёл от рамок и сменил режиссёрской кресло. Но сняв ещё парочку, добавив кроссовер с Хищником, люди уже на этой марки рубили бабло.
Всей этой франшизы не было бы без первого фильма, поэтому вам стоит познакомиться поближе."
"6,0",Чужой 1979,"Как ни странно это признавать, но не особо меня фильм и напугал, хотя попытки были. Просто в 79 году не так еще было все реализовано, как сейчас. Да и в наше время везде пихают скримеры (резкие моменты), и ты пугаешься не из-за того, что тебе страшно или нагнетает атмосфера, а просто от громкого звука, когда кто-то взял сковородку в руки, например. В данной картине атмосфера нагнетается и все получается сделать качественно. Сигурни Уивер этому поспособствовала.

Команда космического корабля получила сигнал с планеты, правда, что за сигнал не совсем понятно. Они не стали дожидаться расшифровки и пошли в путь. Найдя инопланетный корабль и тысячи яиц непонятного происхождения, они возвращаются обратно, но не одни, а с сюрпризом на лице одного из членов экипажа. Героиня Сигурни Уивер отказывается их впускать в силу правил о карантине, но так получилось, что дверь все равно открылась, и тут сразу понятно, что дело закончится не совсем радужно.

Мы с вами увидим полное рождение и взросление Чужого. От того, как ""лицехват"" отложил инопланетное яйцо, как ""милый"" детеныш вырвался наружу, и как он бродил по кораблю в том образе, в котором мы привыкли его видеть. Жаль в то время было сложно показать все, на что способен этот персонаж. В целом хорошее начало, и надеюсь продолжения не разочаруют, ведь уже сняли ""Прометея"" и ""Чужой: Завет"", которые продолжают традиции хоррор-франшизы. Я не фанат, но эта картина оказалась для меня интересной."
"8,0",Чужой 1979,"Начиная с первого полета человека в космос, ученые всего мира пытаются разгадать одну из главных тайн Вселенной — есть ли в ней живые существа, кроме человека. И пока они не могут однозначно ответить на этот вопрос, деятели искусства предлагают собственные варианты. Один из наиболее известных дал режиссер Ридли Скотт, который показал, что в космосе людей ждет не новая жизнь — а новая смерть. 

Ждет она человечество в обозримом будущем, когда космические буксиры станут обыденностью. Среди них будет и «Ностромо», который будет возвращаться на Землю, когда его команда неожиданно проснется из анабиоза. Окажется, что автоматика поймала таинственный сигнал с планеты LV-426, который необходимо исследовать. После того, как экипаж приземлится и обнаружит источник сигнала, исследование закончится — и начнется охота на испуганных, кричащих от страха людей. Но в космосе никто не услышит их крик.

Непреодолимо замкнутое пространство, непроглядно темные помещения, неописуемо опасное существо и полная невозможность от него защититься – именно на этом абсолютизме людских страхов Ридли Скотт создал неповторимую атмосферу беспомощности и бессилия, которая до сих пор будоражит зрителей. При этом за весь фильм ксеноморф появляется лишь несколько раз, но тревожное ощущение исходит от каждого угла или темного коридора.

Убийственно мерзкий ксеноморф, созданный дизайнером Гансом Гигером, — вершина ужаса, который вселяет «Чужой». Достичь же ее удалось благодаря мастерской постановке Ридли Скотта, который кроме мелких людских страхов вроде клаустрофобии или боязни темноты смог воплотить главный — страх неизвестности.

Чтобы показать его, он точно выбрал жанр и время, так как именно 1970-е годы подарили нам плеяду отличных научно-фантастических фильмов. Поэтому «Чужой» быстро стал культовым, что неудивительно —  на фоне психологического и человечного «Соляриса» и сказочных «Звездных войн», «Чужой» показал, что космос может таить не только надежду, но и всепроникающий ужас."
"10,0",Чужой 1979,"Далёкое будущее. Космические корабли бороздят просторы вселенной. Идёт изучение самых отдалённых уголков вселенной. Даже грузовые суда, в веду своей принадлежности к могущественным мега-корпорациям обязаны останавливаться на неизвестных науки планетах, дабы исследовать тамошнюю жизнь, если оная конечно окажется. Это и случилось, к несчастью с космическим грузовиком «Настромо». Его экипаж, мирно возвращавшийся на Землю после длительного межпланетного перелёта, услышал сигнал с близлежащей планеты. Как и положено в подобной ситуации, полёт был прерван и была совершена незапланированная посадка. В результате которой корабль был немного повреждён и на неопределённое время встал на ремонт. А сам экипаж совершил высадку на неизвестную планету, и совершил разведовательный поход. Итогом которого стал контакт с чем то внеземным и непонятным. Оно травмировало одного из пилотов, и присосавшись к его лицу проникло на борт судна. И когда корабль продолжил свой полёт к домой, монстр «проснулся» и начал охоту за перепуганными членами космического экипажа. А убить его, помимо того что крайне сложно, так ещё -себе дороже, так как за место крови у этого страшного существа разъедающая абсолютно всё кислота… 

«-Не скрою, шансов у вас нет. Но мои симпатии на вашей стороне.» 

В конце 70-ых, благодаря «Звёздным Войнам» был спровоцирован настоящий бум «космического» трэш -кино. Сценаристы Рональд Шусетт («Вспомнить Всё», «Над Законом» и недавний «Прометей») и Дэн О, Бэннон («Крикуны») на волне этой популярности сочинили напряжённый, «клаустрофобический» триллер, действие которого развивалось на космическом корабле, и чьи герои сражались с охотящимся на них инопланетным монстром. Этот сюжет изначально не на что не претендовал. Даже название их сценарий имел всё само за себя говорящее -«Космическая Тварь». Бюджет предполагался маленький, актёры неизвестные а режиссёр- посредственный.

Но, как это часто бывает, в дело вмешался счастливый случай. Сценарий случайно попал в руки прославившегося своими «Дуэлянтами» Ридли Скотта. А тот увидел в этом шаблонном «Б»-ужастике невиданный потенциал и не раздумывая согласился на его постановку. Скорректировав развитие сюжета, и изменив некоторые существенные детали (например, изначально Рипли была мужчиной) он набрал в проект опытных актёров (Сигурни Уивер, к примеру была актрисой Бродвея), и мастеров технической части. Прежде всего таких как художник Ханс Гигер (это он придумал вид монстра) и Брайан Джонсон (мастер по спецэффектам к «Звёздным Войнам»), а так же — итальянский чародей Карло Рамбальди, который совсем скоро создаст ещё одного легендарного киногероя -Ити из «Инопланетянина» Стивена Спилберга. И превосходного оператора Деррика Ванлинта, вошедшего в историю кино работой всего в одном фильме. Закрывает список «нововведений» приглашённого режиссёра — классный композитор Джерри Голдсмит. 

Конечно, в конце 1970-ых эти имена мало что кому говорили. Но суть не в том, что это были будущие «звёзды», а в том, что уже тогда все эти люди были профессионалами своего дела. И не только спасли, а фактически канонизировали придуманный Шусеттом и О, Бэнноном сюжет о орудующим на космическом корабле чудовище и отважной женщине-пилоту, давшей тому в финале бой. Сделав из неказистой «Космической Твари» того самого, обросшего клонами и бесчисленными сиквелами, приквелами и спин-оффами «Чужого». Ставшего тогда, в конце 70-ых новым словом не только в жанре «фантастический триллер», но и прорывом во всей мировой индустрии кино. Во многом благодаря невероятно реалистично созданным роботам-моделям, воплотившим знаменитый образ зубастого и склизкого, безглазого монстра- «чужого», моментально ставшего одним из узнаваемых персонажей кинематографа. И остающегося иконой целой индустрии до сих пор.

Занятые в фильме актёры, превосходно справились со своей задачей и создали запоминающихся и приятных героев. Том Скеррет (капитан Даллас), Яфет Котто (бортмеханик Паркер), Иэн Холм (спец по научной части Эш), Джон Хёрт (офицер Кейн), Вероника Картрайт (штурман Ламберт), Гарри Дин Стентон (техник Бретт), и Сигурни Уивер (номинально главная героиня картины -сержант Элин Рипли) — при всех различиях создали настоящую команду. Глядя на них — веришь, что это давно сработавшиеся люди, за годы совместного труда изучившие персональные особенности друг-друга и ставшие, несмотря на случающиеся время от времени конфликты, практически одной семьёй. В чём то в успех картины внесли свою лепту и разыгрывающие данный сюжет актёры. Тем более, по словам самого режиссёра-большинство их диалогов и реплик не было прописано в «ходульном» сценарии — а являются импровизацией. Ровно как и испуг артистов в тех или иных сценах при резком появлении монстра-не отрепетированная игра, а спонтанная реакция, так как актёры и сами не знали, что в той или иной сцене выкинет их «враг». Таково было режиссёрское решение самого Ридли Скотта-он жаждал видеть на лицах актёров настоящие эмоции, хотел запечатлеть на киноплёнку их подлинный а не сыгранный страх. Что ж, у каждого постановщика свой собственный метод по работе с актёрами. И как видно из итогов сих творческих ухищрений и мук, этот подход Ридли Скотта дал положительный результат. Многие сцены снятого ещё в до компьютерную эру «Чужого», благодаря исходящей от актёров наэлектризованной энергии, пугают до сих пор!

Сложно сейчас в это поверить, но первоначально студия «Двадцатый Век Фокс» не желала выделять проекту солидный бюджет. Только личное вмешательство Уолтера Хилла (тогдашнего куратора производственного отдела киностудии) решило исход спора, касательно финансирования картины. На студийных боссов произвели яркое впечатление раскадровки Гигера и будущее видение визуального ряда ленты. И хотя бюджет был не большой, его всё же хватило на строительство дорогостоящих декораций и технического оформления картины. Даже сегодня, в эру компьютерных спецэффектов, сам «чужой» производит впечатляющий эффект, так как выглядит на экране заметно реалистичнее «нарисованных» монстров. Что уж говорить о далёком 1979-ом, когда фантастический триллер Ридли Скотта вышел в прокат. Фильм стал тогда ярким событием и супер-хитом в мировом прокате. И успех у публики этого блокбастера полностью заслужен…

Хочется так же упомянуть, что название космического судна на котором летят домой герои — «Настромо» (с итальянского — Боцман) не было в сценарии. Там фигурировало другое название, вызывающее библейские ассоциации -«Левиафан». Но Скотт посчитал, что религиозная тематика не вяжется с космической фантастикой, и заменил его на «Снарк» (в честь какого то мифического зверя). Но и оно, так же не прижилось. Так и появился последний вариант названия, который знают все киноманы. А ещё, по совету всё того же Уолтера Хилла, режиссёр снял иной финал, что был описан в сценарии. Там Рипли погибала в последней схватке с чудовищем, и то откусывало ей голову. Продюсеры побоявшись столь жестокого для мейнстримного кино окончания, выиграли на «редактировании» материала. Оставшаяся в живых Рипли подарила студии возможность снять ещё три официальных сиквела ленты..."
