rating,title,text
"8,0",Квант милосердия 2008,"Второй фильм с Бондом Крэйгом имеет название «Квант Милосердия» и в этом фильме мало милосердия, но зато есть сверхсекретная тайная организация на которую выходит Бонд в результате своего нового приключения. Этот фильм одно время находился у меня на DVD-носителе, но был безвозвратно утерян и вот уже некоторое время я пытаюсь посмотреть этот фильм по-человечески, потому что с первого раза фильм не смог зайти, но теперь когда я стал смотреть с «Казино-Рояля» многое в этом фильме мне стало понятно. Теперь же когда фильм был мною пересмотрен и просмотрен могу поделиться своими впечатлениями и наблюдениями по этому поводу.

Сюжет начинается с того что Бонд опечален предательством и смертью своей первой любви – Веспер Линд. Он начал большое и серьёзное мероприятие по отмщению и успокоению своей собственной совести и расследование выводит его и МИ-6 на организацию под названием «Квант», о коей необходимо собрать хоть какие-то данные помимо того знание что именно эта организация втянула Веспер в крупные неприятности, стоившие ей жизни, а Бонду - рассудка. Но основные события закручиваются вокруг Камиллы- бывшего агента боливийской разведки, вышедшая на большой политический заговор, целью которого является свержение очередного режима и укрепляющая положение «Кванта» в мире. Центральным её представителем является Доминик Грин, цели которого попахивают мировым господством, а генерал Медрано является средством для достижения данной цели, хотя и пытаются его подать как главного. Пока что не заключенный договор между Грином и Медрано обещает много выгод для милитаризованного правительства и бед для простого народа. Бонд растворяется во всём этом как в водке ключевая вода со своим личным мотивом.

Фильм не может похвастаться чем-то особенным или доселе невиданным, он продолжает историю, начатую в первом фильме, объединяя её с незначительными нововведениями в сюжете, но в целом всё смотрится достаточно хорошо, как всегда скандалы, интриги и больше спецэффектов, фильм начинается с погони, а заканчивается милосердием к члену группировки, виновному в гибели его любимой, он проявил милосердие и утешился тем что натворил. Есть несколько неплохих перестрелок, пара неплохих моментов, но в первом их было больше, а посему этот фильм в некоторых местах уступает первому.

Актерские работы неплохи. Дэниел Крэйг продолжает щеголять в образе Бонда, сводя в могилу всех повинных в его горе, здесь он уже не показывает вершин актёрской игры, а порой вообще нисходит до уровня машины убийцы, но определенная драматургия всё же имеется. Посочувствовать можно Кэмилл – героине в исполнении Ольги Куриленко, французской модели и актрисы с русско-украинскими корнями. Играет хорошо, приятный голос. Единственная девушка Бонда, с которой Бонд не возлежал, есть свой личный мотив мстить генералу Мердано и они с Бондом сходятся на фоне общности мотивов, с чем их можно и поздравить. Также отмечу Джанкарло Джаннини, который здесь тоже держит уровень игры первого фильма, сильный актёр, запомнился.

В качестве итога: неплохое продолжение первого фильма, есть моменты по которым фильм уступает предыдущему, но всё же держит в напряжении, сохраняет атмосферу шпионского триллера в помеси с политическим, достаточная мотивация персонажей и больший процент зрелища делают фильм достойным просмотра. Мне фильм в целом понравился. Оценю в восемь баллов. Всем добра и приятного просмотра!"
