rating,title,text
"10,0",Кукольный дом 2012,"Видно, у Дженни и друзей то, никогда не было !!!....В жизни Больших денег, как правило всё Фальшиво...Вот она и нашла, друзей себе , среди простых ребят из средних или бедных семей..!!!...И отдаёт им всю себя полностью.....и дом, и содержимое его.....и свою добродушность и улыбки!!!!....Всё,- кроме денег из сейфа...!!!!.....
Так как , прекрасно знает,- что большие деньги навлекут Несчастье !!!....Пошли бы ссоры, драки , возможно, что и убийства...!!!......Жаль, не только Дженни, мечтающую о другой, простой жизни.....вне Кукольного дома.....Без всех этих устоев и правил, традиций аристократии ....и Бог знает, ещё чего...!!!.......
Но, становится жаль и младенца, который подвергся и кокаину, и алкоголю, и таблеткам...Ужас!!!......Но, если б, эти ребята знали о её беременности......Сама виновата !!!.....Экстрималка !!!"
"10,0",Кукольный дом 2012,"Наилучшее, из последнего, что я видела на этом сайте !!!

.....Фильм, с очень глубоким смыслом !!!....Не для тупеньких, конечно .....и не для тех, что пишут здесь отрицательные комменты, в адрес этого Фильма - Шедевра !!!......Отличный фильм !!!!....

Смотрела на одном дыхании !!!....Рекомендуется, для всех слоёв общества....)).....Хотя и посвящён он больше, так называемой,- Золотой Молодёжи....).......+ обратной, противоречивой стороне, в виде подростков-беспризорников......или из малообеспеченных семей ........Моя оценка,- 10 из 10-ти !!!!"
"9,0",Кукольный дом 2012,"Жизнь-череда беспечных поступков,не имеющих объяснений и оправданий..  
Каждый проходя сквозь этап поиска себя сталкивается с людьми и вещами,о существовании которых раньше даже не имел представления..  Но когда наступает момент выбора, ни кто из близких не поможет его сделать.  А  весь приобретенный опыт оказывается бессмысленным наряду с единственной возможностью шагнуть в будущее-сделать выбор!"
