rating,title,text
"9,0",Мост в Терабитию 2006,"Очень добрый, жизненный фильм, который радует с каждым эпизодом. Ах, эта школьная влюблённость… Вернее, сначала общение, общие интересы, потребность друг в друге перерастает в нечто более прекрасное, в чувство, которое понятно без слов.

Я являюсь огромным поклонником данной картины. В ней хорошо всё, ну почти. Постановка сюжет связывает двух ничем не примечательных подростков. Джош Хатчаерсон ещё радует на экране, ребёнок из бедной семьи, со строгим отцом, вредной сестрой, постоянно пытающийся сбежать из дома в школу. Анна-София Робб – милота, такая девочка украшает картину. Сюжет строится на дебильной системе американских школ, где в одном классе учатся как старшеклассники, так и поколение помоложе. Герой Джоша отстраненный, замкнутый парень, у которого и друзей нет. Героиня Анны-Софии новенькая, чудоковатая девочка с очень богатым воображением. Наблюдать за их общением становится очень занятно, так как отстраненные ото всех, мальчик и девочка находят утешение и опору, сблизившись между собой. До глубины души пронзает тебя эта связь. 

Дабы уйти от всех хлопот: школьных, семейных – ребята находят уединённое место в чаще леса. Тогда и наступает фэнтезийная часть, причём она исходит из воображения и фантазий героев, а не сказочных вставок. В этом большой плюс картины, реально приближенные действия показывают, что достаточно найти именно своего человека, родную душу, которая будет понимать тебя без слов, вы будете мыслить одинаково и творить неведомые вещи, пусть и вымышлено. Романтические отношения здесь неуместны, попытки завладеть вниманием и в целом тема любви, она не такая, как думают многие. Люди тянутся друг к другу, не усложняя ситуацию и не переходя на новый этап отношений. Дети, которые нашли друг друга. Потрясающие пейзажи лесных опушек, красота природы радует глаз, на фоне этого деятельность героев становится более проницательной. 

Магическая часть очень хорошо оказывает влияние. Поддержка ребят приводит к налаживанию отношений в семье. Когда человека переполняет радость, он старается ею поделиться со всеми, какими бы грубыми не оказались субъекты. Картина учить находить прекрасное в мелочах, направляет на добрый путь, и показывает, что даже в самых грубых, плохих людях есть добро, которое стоит только зажечь. Финал многих шокировал, но я считаю, что без этого, именно без такой концовки, картина бы потеряла свою уникальность. Осадок остаётся после просмотра, но эмоции бьют через край. Хорошее кино."
