rating,title,text
"8,0",Завтрак у Тиффани 1961,"Однажды Трумен Капоте написал очень незамысловатую историю о девушке Холли. Девушке, похожей на бабочку-однодневку, порхающей по жизни легко и непринужденно. Есть в Холли что-то от Скарлетт О,Хара (""Я подумаю об этом завтра""), есть что-то от хищницы, есть и от маленькой наивной девочки. Как бы то ни было, рассказ получился на один раз. Интересным, но не запоминающимся.

А вот фильм, снятый по этой незатейливой истории, стал классикой мирового кинематографа. Составляющих успеха несколько - очаровательная Одри Хепберн и Джордж Пеппард, Живанши и Тиффани, Нью-Йорк и  рыжий кот. Одри сделала довольно таки плоский персонаж Холли удивительно объемным и интересным. Ее Холли Голайтли не корыстная глупышка, которая сама не знает чего хочет, а запутавшаяся девушка, которая так боится привязанностей, что даже боится дать имя своему коту. 

Герой Джорджа Пеппарда также обаятелен. Его моральные принципы весьма сомнительны (молодой человек не гнушается быть альфонсом при богатой даме), но с Холли он становится настоящим мужчиной.
Город Нью-Йорк и ювелирный магазин Тиффани полноправные действующие лица картины.Не знаю сколько денег вложили представители Тиффани в упоминание бренда на экране, но реклама окупилась сторицей. И выглядит это ненавязчиво, очень тонко. Чего никак не удается достигнуть сегодняшним режиссерам.

В общем и целом, фильм получился на все времена. Достойный того, чтобы смотреть и пересматривать его снова и снова."
"8,0",Завтрак у Тиффани 1961,"«Завтрак у Тиффани» можно считать одной из самых известной работ Блейка Эдвардса. Это кино давно считается классикой, и в этом, конечно, большая заслуга и Трумена Капоте, на основе произведения которого и был снят фильм.

""В этом мире нам ничего не принадлежит. Просто мы и вещи иногда находим друг друга.""

Сюжет киноленты незамысловат. Молодой, но пока еще почти никому неизвестный писатель Пол Варжак (Джордж Пеппард) знакомится с очень необычной соседкой Холли Голайтли (Одри Хепберн), которая живет совсем одна. Иногда она устраивает вечеринки, где бывают совсем не знакомые ей люди. Каждый относится к ней по-разному: кто-то считает Холли эгоистичной девушкой, кто-то сумасшедшей, а кто-то просто восхищается ею. Пол со временем начинает влюбляться в неё, и все бы ничего, если бы не своеобразный характер мисс Голайтли.

«Не надо допускать близко к сердцу диких животных. Чем больше ты даешь им любви, тем больше у них сил. И однажды они станут настолько сильны, что им захочется убежать в лес, взлететь под самые верхушки деревьев.»

Роль Холли Голайтли если не лучшая, то уж точно одна из лучших ролей Одри Хепберн за всю её карьеру. Потрясающая операторская работа только подчеркивает ее утонченность и красоту. Главная героиня представлена зрителю весьма оптимистичной, с хорошим чувством юмора девушкой. Как бы Холли не притворялась, она далеко не глупа, о чем однажды и намекает Полу.

""Я не возражаю. Иногда очень выгодно выглядеть дурочкой.""

Действующих героев тут не очень много. Для Эдвардса «Завтрак у Тиффани» это не просто красивая и грустная история о любви, это попытка создать на экране живого человека. Все что происходит, происходит так или иначе по ее вине. Своеобразный взгляд на жизнь делает героиню Хепберн настоящей личностью, которая наделена своими чувствами и мыслями. Смотря на Холли, ты забываешь, что это вымышленный другими людьми персонаж. Героиня с экрана будто оживает и кажется, что вот-вот заговорит и с тобой. Голайтли больше всего на свете любит свободу. Она, подобно своей кошке, не имеет собственного имени.

«Мой старый котик, старый лентяй, лентяй без имени. Я не имею права давать ему имя, мы ведь не принадлежим друг другу. Мы просто однажды встретились. В этом мире нам ничего не принадлежит. Просто иногда мы и вещи находим друг друга.»

Капризная девушка, любимое занятие которой ходить в «Тиффани», пытается выйти замуж за богатого мужчину. Нет, она не ищет любовь. Она ищет деньги. Деньги ей важны не меньше чем собственная свобода. Холли не интересны книги, людей она делит на «крыс» и «не крыс». Знаменитый финальный диалог между ней и Полом о том, что «люди друг другу не принадлежат» ставит точку в рассказе. Изменила ли любовь саму Холли? Мне в это слабо верится.

""-Я не хочу сажать тебя в клетку. Я хочу любить тебя.
-Это одно и то же!""

Так или иначе, Блейк Эдвардс снял превосходный фильм с великолепно прописанным сценарием. Эта история берет за душу и заставляет сопереживать героям. Кто же такая на самом деле Холли Голайтли?Авантюристка? Девушка по вызову? Да это на самом деле и не важно. Важно лишь то, что нам всем стоит поучиться жить так же, как жила она. Если вы уже смотрели фильм, посмотрите его еще раз. Хотя бы ради того, чтобы еще раз увидеть Одри Хепберн, играющую Moon River."
