rating,title,text
"4,0",Транс 2013,"Этот фильм – не то, чем кажется. Когда начинаешь смотреть, то появляется ощущение, что ты раскусил жанр этого фильма. Речь главного героя, предваряющего события, какие-то шуточки от него, манера съемки. Все это заставляет мозг настраиваться на очередной «Карты, Деньги, Два ствола». Вот у нас есть картина, есть грабители, есть охрана, есть попытка ограбления и внезапный поворот, который ставит все с ног на голову. И при этом нехило меняет все восприятие фильма. 

И я бы не сказал, что это именно то, что мне было нужно. Нет, ок, ок… ограбление. Оно простое, незамысловатое, но при этом бодренькое. Все проходит хорошо. Потом очередной сюжетный поворот, который немного смещает курс. Устроившие ограбление бандиты, при всей своей брутальности не могут решить возникшую перед ними проблему. Оказывается единственный человек, который знает где сейчас картина получил удар в мозг и ему отшибло память. А с такими проблемами им сталкиваться не приходилось. К делу привлекают специалиста по этому виду неприятностей – гипнотерапевта. И вот здесь сюжет и вся атмосфера фильма смещается вообще в неожиданном направлении. Вместо бодренького, динамичного фильма у нас самозарождается какой-то типичный майндфак-фильм с элементами психодела. 

Где-то ближе к концу фильма твой мозг, который настроился на отдых, начинает скрипеть, ругаться и материться. Что здесь происходит? Это какой уровень реальности? Где здесь вообще реальность, а что навеяно этой всемогущей гипнотизеркой? Как вся эта сцена связана с началом фильма? Что подразумевает вот эта метафора? И так далее. Я бы радовался подобным вещам, если бы меня сразу ввели в курс, настроили на что-то подобное, объяснили правила игры сразу. Но нет, решили они слить два жанра и, на мой взгляд, получилось не очень удачно. 

Он просто разваливается на две половины, которые связаны друг с другом довольно плохо. Их, на мой взгляд, вообще можно смотреть отдельно друг от друга, они ничего не потеряют от этого. Просто герой первой части героически погиб, не выдав тайны, а герой второй картины, заныкал где-то картину и не важно, как он её добыл – история то не об этом. Вторая проблема – то, что здесь используется уже откровенно устаревший прием «неполной информации». Вместо того, чтобы дать зрителю какие-то намеки, показать внимательному глазу истинную подоплеку, нам просто не показывают всех важных точек. Нет того ощущения, когда ты можешь пересмотреть фильм и сказать: «Блин, а ведь действительно, вот свидетельство того, как это было на самом деле» или «Ага! Так вот почему все так получилось, а я-то сразу не понял». Да, концовка получилась неожиданная, но при этом разочаровывающая. Словно тот давний и замшелый «бог из машины», который объясняет зрителям подоплеку событий и все расставляет на места. 

Ну и отдельная ненависть самому гипнозу. Я конечно не особый эксперт в этой области. Но мне кажется, что гипноз не так действует. Если он действует так, то зачем главной героине вообще вести обычную, скучную жизнь психолога? Почему бы ей не стать супергероиней, подавляющей людей своей волей? Выступить по телевизору, собрать армию приспешников и стать повелительницей Земли. Это же не логично, выбивается из всего фильма и выглядит откровенно смешно. 

В общем, фильм откровенно странный. Несуразный, с кучей каких-то ляпов и неровной динамикой. Логика и сюжет в конце фильма прощаются со зрителем и дружно сливаются в унитаз. Лучше бы рассказали про ограбление, а не пытались поразить зрителям внезапными поворотами сюжета и заигрыванием с реальностями."
