rating,title,text
"4,0",З/Л/О 2 2013,"После явного успеха первой части «ЗЛА» (https://www.ivi.ru/watch/96171 ) продюсеры решили ковать железо пока горячо и запустили конвейер по производству «ужастиков на VHS». Структура та же: общая история и несколько хоррор-новелл, записанных прямиком на видеокассеты.

В этот раз общий сюжет повествует о двух частных детективах. Парочка ищет пропавшего молодого человека, попадает в знакомый гостеприимный дом с кучей видеокассет. Естественно, детективы решили ознакомиться с их содержимым. 

Истории в «ЗЛЕ 2» вышли, на мой взгляд, не такими оригинальными в первой части. Первая история – про парня, которой вживили экспериментальную камеру вместо глаза. Очевидно, через некоторое время он начинает видеть призраков и иную чертовщину. Это как «Глаз» (https://www.ivi.ru/watch/89652/ ), только в короткометражном формате и достаточно унылый. Вторая новелла – какой-то мини-зомби хоррор. Мужчина делает трюки на велосипеде, снимает всё на GoPro, а затем подвергается нападению зомби. Далее мы видим фильм ужасов о зомби, но из глаз самого зомби. Оригинально? Не думаю, кинематографисты обращались к этой теме много раз (см. «Я — Зомби. Хроника Боли») с более сильной эмоциональной подоплекой. Третья история запомнилась мне больше всего. Весьма интересная история про секту (или всё же не секту?), азиатские фильмы ужасов с атмосферой безнадеги. Честно говоря, лучше бы её растянули на весь фильм, хоть она и так вышла самой большой по продолжительности. И, наконец, четвертая история – самая неудачная и повествует про каких-то унылых инопланетян.

Всё и сразу, и жанр не имеет значения. Качественный эффекты и грим, операторская работа, уровень которой вырос по сравнению с первой частью… но на этот раз полное отсутствие сюжета, интриги и прописанных персонажей. Хотите посмотреть на мясо? Мясо у нас есть и записано на кассету VHS."
