rating,title,text
"7,0",Большой Стэн 2007,"Помню, друг прожужжал мне все уши по поводу этого фильма, соответственно, его просмотр оказался лишь делом времени.

 Риэлтору Стэну светит срок за мошеннические сделки, однако суд дает ему отсрочку на полгода, чтобы Стэн мог подготовиться к тюремному заключению, которого он, откровенно говоря, побаивается в силу многих причин. Но на его счастье, или на беду, ему предлагает свои услуги старый мастер боевых искусств, который начинает обучение Стэна различным боевым приемам и развивает его физически.

Роб Шнайдер, играющий роль Стэна, уже давно зарекомендовал себя на комедийном поприще, как  талантливый актер, поэтому сомневаться в качестве фильма не приходилось. Смешных моментов и комичных ситуаций в картине предостаточно. И учитывая тот факт, что помимо исполнения главной роли в данном фильме Роб Шнайдер сам являлся режиссером картины, к Робу испытываешь только уважение, причем в фильме он показал свой образ с разных сторон и проявил себя как актер, который может исполнять роли и в драматическом ключе. Поэтому я считаю, что «Большой Стэн» оказался фильмом, в котором Роб Шнайдер смог раскрыть свой актерский и режиссерский талант в полном объеме. Фильм, конечно, изобилует шутками ниже пояса, что в любом случае его плюсом быть не может, но лично я ценю и уважаю любой юмор, поэтому пренебрежения данный факт у меня не вызывает. К тому же, я являюсь поклонником фильмов подобного жанра, где вдобавок ко всему присутствует тюремный автобус, от одного вида которого уже становится смешно, и соответственно, сама тюрьма.  

 Как говорил дядюшка Бен Паркер своему племяннику из известного фильма, «большая сила предусматривает большую ответственность». И основная идея фильма «Большой Стэн» заключается, скорее всего, именно в этом. 
Фильм к просмотру рекомендован."
