rating,title,text
"3,0",Тревожная кнопка 2011,"«Тревожная кнопка» – проект, направленный на демонстрацию всего того зла, что имеет место в социальных сетях. Задумка интересная, а самое главное – актуальная. Но режиссеру «Кнопки» Крису Кроу было далеко до антологии «Черное зеркало», так что многообещающий посыл деградировал до низкокачественного хоррора.

Четверо молодых людей выиграли конкурс в какой-то социальной сети (очевидно, что в Facebook). Приз – поездка к своей мечте на частном самолёте до Нью-Йорка. Полет быстро превратился в кровавую баню и несчастным придется сыграть в своеобразную игру, изощренности которой позавидовал бы сам «Пила» (https://www.ivi.ru/watch/112518/ ). Каждый участник должен отвечать правдиво на не самые приятные личные вопросы. Ложь, неправильный ответ и нежелание отвечать на вопрос карается выходом за борт. Без парашюта. 

Весьма оригинальная и в чем-то умная задумка быстро выдыхается. Создатели «Тревожной кнопки», судя по всему, выросли на плохом кино, так что сама установка скатывается в среднестатистический молодежный хоррор из начала 2000-х. Персонажи начинают вести себя как роботы и им не веришь и не сопереживаешь. Тяжело ассоциировать себя со столь глупыми и клишированными героями. Здесь и герой-любовник, и глуповатая красотка. Их поступки уже были воплощены на экране сотни раз.

Если глупость героев ещё можно сослать на клише жанра, то потенциал слитого антагониста простить нельзя. Большая часть обаяния фильмом ужасов строится на интересном злодее. Здесь же маньяк представлен неинтересным. Это ещё полбеды, потому что этот незапоминающийся монстр в человеческом обличье ещё имеет при себе какую-то невнятную мотивацию, строящуюся лишь на потугах сценаристах сделать картину в чем-то философской и своевременной. 

Тем не менее в фильме все же есть несколько удачных напряженных моментов. Но, на фоне остального фильма, такое чувство, что снимал их кто-то другой. В целом «Тревожная кнопка» представляет собой типичный молодежный ужастик не самого высокого качества. 

И самое главное. «Тревожная кнопка» – фильм того типа, название которого практически не соответствует содержанию. Не жмите на кнопку, дергайте стоп-кран."
