rating,title,text
"9,0",Что-то не так с Кевином 2011,"Мне больше нравится дословный перевод названия фильма ""мы должны поговорить с кевином"" ибо я считаю, что главным героям именно этого не хватило. В жизни.

 Я думаю, что вы уже немного знакомы с сюжетом, поэтому начну с сути. Во многих источниках написано, что фильм о ""непростых взаимоотношениях матери и ребенка"", в широком смысле да, так оно и есть, но фильм сам по себе не прост , поэтому давайте коснемся этой темы глубже.

 Многие пишут о ""отклонениях"" Кевина, незаинтересованности родителей, зависти, нелюбви, но, in my humble opinion, -- все это сыграло свою роль, хотя вот это поведение кевина в детстве сильно утрировано, и мне сложно его объяснить. С чего бы взяться такому поведению? От материнской нелюбви , которую ребенок непременно ""чувствовал"" и расстройств психики? Нет. Ева действительно хотела его полюбить , хотела, но не могла. Кевин просто не подпускал к себе, он совсем не был замкнутым и не пытался понравиться. Он не был обычным ребенком. Может, характер,  а может... не знаю. 

 Но с таким ребенком нужно было одно-- разговор. Которого не хватало в этой семье. Вечная недосказанность, непонятость, родители никогда ничему не возражали открыто, и все это вытекло в то, что случилось. Даже после произошедшего мать и сын практически не разговаривали, и только через два года она смогла спросить ""почему?"", а он даже не смог найти ответ, потому что не знал его.

 В общем и целом в фильме много очень интересных кадров и ракурсов, прекрасно подобран плейлист, хотя песня everyday заиграла очень неожиданно, но в тему, просто богемная игра эзры миллера и тильды суинтон. Одну звездочку снимаю за скачки с флэшбэками, из-за чего  я первые 30 минут фильма просто пыталась склеить события. 
 В общем, оно того стоило, но здесь главное много думать и делать выводы.
Говорите..."
"6,0",Что-то не так с Кевином 2011,"«Что-то не так с Кевином» входит в списки лучших фильмов, снятых женщинами. Возможно, именно женщина смогла бы понять всю эмоциональную подоплеку и чувства главной героини. Но отдельные огрехи всё же портят впечатление от просмотра.

Во-первых, следует предупредить зрителя, что «Кевина» стоит смотреть с твердым намерением разобраться в происходящем и сделать выводы. Это не развлекательное кино. Это фильм «на подумать». Более того, режиссер не дает ответов.

Также следует отметить почти превосходный саундтрек – он не навязывается и весьма гармонирует с происходящем на экране. Операторская работа превосходна – авторская задумка о ретроспективе позволяет расставить все события фильма на свои места. 

Теперь о смысловой составляющей. Картина центрирует свое внимание на извечной проблеме – проблеме двух поколений и отношений родителей с детьми. Главная героиня (в исполнении Тильды Суинтон, которая здесь играет обычного человека, что для этой актрисы, к слову, нехарактерно) пытается анализировать её отношения с сыном Кевином после весьма экстремального поступка сына. И во время просмотра вылезает отдельные ляпы и условности. Хотя кто знает, возможно, это можно сослать на особые кинематографические приемы.

Главная проблема фильма – угасание эмоционального напряжения к финалу. У эстонского фильма «Класс», например, или у «Садиста» (https://www.ivi.ru/watch/115344 ) напряжение и эмоциональная вовлеченность зрителя к кульминации возрастала. И к титрам зритель оставался сидеть с открытым ртом. Здесь же подобного и не наблюдается. 

В итоге вышел хороший фильм с превосходной актерской игрой, но… чего-то не хватает. Возможно, какой-то изюмины и недосказанности. Всё же, мессадж «любите своих детей» отчасти примитивен для картины с такими завышенными требованиями."
"7,0",Что-то не так с Кевином 2011,"Мрачный и непростой фильм. 

Фильм, в котором затронута крайне неоднозначная тема, впрочем, не такая уж и близкая российскому зрителю.

Сюжет закручен вокруг женщины, которая не испытала радости материнства, родив первенца. Отношения с сыном впоследствии складывались просто ужасающие: он делал всё наперекор матери, пакостил, хамил. Отмечу, что будучи ещё совсем маленьким, мальчишка противопоставлял себя матери. Может быть, чувствовал её нелюбовь, а, может, уже родился с какими-то психическими проблемами. Я склоняюсь верить второму варианту. Да хотя бы по той простой причине, что Ева (мать) не показана каким-то невероятным тираном или жестокосердной особой. Она — самый обычный человек со своими проблемами. Как мать она не особо тепла и терпелива, это так. Но это далеко не самых худший вариант родителя. Сколько мы знаем куда более злых и агрессивных людей, у которых дети не вырастали убийцами и маньяками? 

В общем, я считаю, что Кевин изначально был нездоровым, его следовало показать психотерапевту, чего почему-то мать так и не сделала. Для меня это огромный ляп картины. Она ведь прекрасно видела его недобрые взгляды в свою сторону, а потом и маленькая девочка стала жертвой старшего брата. Почему Ева ничего не предприняла, видя, что её отпрыск откровенно болен? 

Фильм заставляет зрителя копаться в чужой семейной драме, которая может оказаться не для каждого интересной. Этот продукт не для широкой публики. Кто-то начнёт глубоко рыть, ища тайный смысл, а кто-то подведёт черту, что Кевин — больной человек, которого вовремя не начали лечить. Я выбираю второе. И, разумеется, это кладёт свою вину на мать и отца. Они должны были заняться этим, ведь это их ребёнок, это их ответственность.
 
Но сие не отметает того момента, что Еву мне было как-то по-человечески жаль. Не считаю её виновницей того, что случилось, но жить с этим именно ей, а не её психически больному сыну. Это как-то несправедливо."
"7,0",Что-то не так с Кевином 2011,"Противоречивая экранизация романа Лайонел Шрайвер «Что-то не так с Кевином», снятая Линн Рэмси, любительницей сюжетов об уголовных детских наклонностях, может не вполне удачна с художественной точки зрения, однако смело берет во внимание довольно острую социальную, можно сказать демографическую проблему как боязнь иметь детей, в частности актуальную для женщин. Замечательно, что у прекрасной половины человечества есть возможность профессиональной самореализации, но к сожалению, воспитание детей и карьера все равно идут в разрез друг другу, если конечно женщина не супер-мен. Боязнь заключается в том, что нет никаких гарантий, что материнская самоотверженность будет вознаграждена хотя бы благодарностью ребенка за потраченное во имя него время и силы, не говоря уже о каких-то его глобальных достижениях. Гарантий нет, а современный человек привык их получать. Героиня фильма решается рискнуть и бросить все свои лихие карьерные начинания ради традиционного выбора в пользу воспитания первенца, чего, откровенности ради, не сильно желала. И вот она, мать-героиня, несет свой крест: ухаживает за орущим младенцем, терпит его невинные, а порой и «винные» козни и все больше угнетается своим безвыходным положением. 

Собственно идея неуверенности главной героини в своих приоритетах делает фильм более оригинальным и актуальным на фоне других похожих историй вроде «Добрый сынок», «Дело №39», «Дитя тьмы», «Юленька» и т.д., где по большей части за основу взята идея врожденной «чертовщинки» ребенка, возникшей якобы из «не откуда». В Кевине тоже присутствует это дьявольское «зерно», граничащее скорее с мистикой, чем с реализмом, потому что уж больно абсолютное зло из него получилось. Разумеется, его интуитивное чутье материнской нелюбви, зависть к младшей сестре и как следствие, ненависть к окружающим может и имеют право считаться обоснованными, однако даже если это тот случай, когда в хорошей семье вырастает плохой ребенок, то асоциальность мальчика все равно несколько преувеличена. Хотя кто рискнет судить. Кстати Эзра Миллер приятно удивил своими профессиональными навыками, изображая подростковый криминальный элемент. 

Сложно сказать выносит какую-то мораль фильм или нет, но злободневных вопросов оставляет за собой массу, от чего ему можно простить излишнюю монотонность. Но из всякого фильма или книги все-таки принято выносить мораль, даже если ее нет. Вряд ли она заключается в том, что нужно любить своих детей или уметь их воспитывать. Скорее всего здесь присутствует намек на то, что стоило все же выбрать карьеру, коли уж душа к этому больше лежала. Хотя не исключено, что и этот выбор оказался бы ошибочным. Еще не изобрели машину времени, чтобы проверить что было бы «если бы»."
