rating,title,text
"6,0",Распутин 2013,"..В данном случае я не думаю что Депардье руководствовался сугубо корыстными идеями... (И это я про паспорт...) На мой взгляд, свою сыграла свою роль любовь Жерара, как и многих западных звёзд в принципе, к русской истории и культуре, трепету к которой позавидуют порой и наши с вами сограждане...

...Вместе с тем, увидеть знаменитого француза в русском тулупе, да с русской бородой-бородушкой, да на фоне наших доморощенных звездунов... Дело - даже если цель Жерара и корыстна - всё равно интересное!!! 

...Но любое, даже полезное, хорошее и ознакомительное с историей начинание имеет свою бочку дегтя, когда в дело вмешиваются... ДЕНЬГИ! 
Ну а в данном случае, незапланированно, выход в прокат фильма, спустя 2 года, аккурат к получению пресловутого и всячески воспетого российского паспорта любимого народом француза, ужасающе покоцанного (фильма), омерзительно пустого, который когда-то... 2 года назад от премьеры полного... быть может... и являлся вполне себе годным историческим сериалом...

...Если честно, не хочется называть тот фильм фильмом, что ""Распутин"" зовется хотя бы потому, что этого фильма не должно было и быть. Повторюсь ещё раз: это БЫЛ сериал. Фильма НЕ БЫЛО вообще! 

Оттого и искать какие-то просчеты и недочёты - дело не то что неблагодарное, скорее просто: НЕКОРРЕКТНОЕ!

..Отмечу только, что на историческую правдоподобность как может претендовать этот ""фильм"" я не знаю - для этого нужно изучать биографию Григория Ефимовича, но даже после этого, не факт что там будет написана именно правда... А то множество несуразиц и вопросов, что возникают после просмотра, могут быть вызваны как раз именно ""полным метром"", поэтому размышлять касаемо них и задавать режиссеру вопросы - просто нет смысла! Уверен, здесь далеко не всё показано, а если что-то и показано, то будучи нелепо склеенным!

.. О фильме, учитывая его нелепое и бестактное рождение, и говорить-то нечего, если только: Депардье просто идеален в образе русского мужика Распутина (и голос Гармаша был очень кстати); фильм собрал ряд самых известных российских звёзд + подругу Жерара - Фанни Ардан; масштабы пусть и невелики, но дух того времени и антураж начала XX века очень явственно ощущается... По большому счёту, смотреть как картинку фильм можно, но делать выводы, догадки и размышления - бессмысленно! Почему именно - писал ВЫШЕ! 

..На сем бессмысленность, незапланированного фильма-выкидыша, Я, завершаю..."
