rating,title,text
"7,0",Гадкий я 2 2013,"Грю спокойно свою жизнь проживал,
Но злобный Эль Мачо злодейство замышлял

После знакомства с Агнес, Марго и Эдит, Грю сильно изменился, он уже не злодей, но все еще супер, а точнее суперпапа, готовый воспитывать своих дочурок, которые не родные ему по крови, однако это лишь мизерные условности, ведь наш остроносый ради них даже костюм напялит (феи). Тем временем жизнь на планете кипит, а раз Грю уже не злодей, то по неписанным правилам, его место занимает загадочный Эль Мачо. Противник на сей раз очень силен. Да и новоиспеченный папочка не хочет вступать в противоборство с новым врагом. Разумеется, по избитому клише, когда Земле начнет угрожать опасность, крепкие отцовские инстинкты немного пошатнутся, совсем чуть-чуть. Так что да, в этой хронологии событий Грю вступает в борьбу со злом, а этот сюжетный элемент добавляет повествованию цельности.

Лишенный львиной доли эмоционального напряжения (оно безусловно было в первом мультфильме) «Гадкий я 2» стал более ярким проектом, и речь не про новый цвет миньонов дело в другом — лента стала красочной своими событиями, превосходной динамикой, новыми задумками в области юмористической составляющей, а также внедрением новых персонажей. Таким образом, сиквел не отстает от своего собрата, а элегантно дополняет его. Смело можно вынести вердикт, что создатели первой части с трепетом отнеслись к продолжению, да, они шли на риск, но риск оказался оправданным, например идея с АЗЛ (Анти злодейская лига) была одной из успешных задумок, ровно как и внедрение в историю приятеля для Марго, наблюдать за развитием этих эпизодов любопытно и они не вносят нотки скуки, а все бреши Грю закрывает своей харизмой.

Да, бытует мнение «что ни сиквел, то провал», но это не касается «Гадкого я 2». Если вы до сих пор терзаетесь сомнениями по поводу просмотра, то смело оставьте их позади, «Гадкий я 2» не без легких огрехов, но великолепное продолжение первой части, а основным персонажам уделили не малое количество времени, при этом добавив новых. К месту доктор Нефарио, к месту Агнес, Марго и Эдит, к месту Эль Мачо, к месту курица (без шуток), лишних героев нет, ну а Грю уже не злодей, но все еще супер!"
"8,0",Гадкий я 2 2013,"Через 3 года выходит продолжение истории о Грю и его миньонах. Но не стоит забывать о его трех дочках, которые тоже перекочевали в новую часть. Но и без новых героев, конечно, не обойдется.

Грю завязал со злодейством и живет размеренной жизнью со своими дочками, пока в один прекрасный момент с ним не связалась Анти-Злодейская Лига (АЗЛ). Так как он бывший преступник, вставший на путь исправления, начальство АЗЛ вынуждено прибегнуть к его помощи, дабы найти похищенную сыворотку, которая может создавать машины для убийств. Они выделяют Грю напарницу, по имени Люси, и их первую встречу нельзя назвать слишком милой. Тем не менее она хороший агент со своими причудами, и у них получится неплохой дуэт, а может даже и что-то больше. Плюс ко всему, ему придется свыкаться с ролью отца, и отгонять ухажеров от старшей дочери, Марго.

Так же вам придется увидеть немного других миньонов, которые вам вряд ли понравятся, но все равно будут забавными. Да и множества отсылок к различным фильмам порадуют взрослую аудиторию. Что же касается самой концепции, то все так же хорошо и интересно, но выступила это серия немного хуже оригинала, но просмотреть ее все равно надо, и песни от миньонов вам это докажут."
