rating,title,text
"8,0",Кошмар на улице Вязов 1984,"Старый добрый ужастик, который не потерял своей актуальности в наши дни. Многим современным режиссёрам хорроров стоит поучиться у создателей этой картины. 

Трудно найти того, кто ни разу не слышал о Фрэдди Крюгере. Маньяк, чудовище, воплощение ужаса... Он является в сны главных героев картины, играет с ними в жестокие психологические игры, запугивает, затем убивает. Сама задумка просто шикарна, как по мне. Отдельных похвал стоит и персонально Крюгер, имя которого отчасти уже даже стало нарицательным, а его визуальный образ — легендарным. 

Как то часто и бывает в ужастиках — среди пострадавшей компании молодёжи есть тот, кто может оказать сопротивление злу. Весь сюжет посвящён борьбе главной героини с Крюгером. Зрителю в 2017 году сам шаблон развития истории может показаться устаревшим и типичным, но не будем забывать, что именно в восьмидесятые годы двадцатого века жанр ""ужасы"" смог не только крепко встать на ноги, но и обзавестись основным базисом. Впоследствии все только и использовали его, практически ничего нового в свои картины на добавляя. 

Если вы по какой-то причине ещё не видели сей занимательный фильм, который можно назвать классикой жанра — советую. 

Здесь интересен не финал, здесь интересен сам процесс."
