rating,title,text
"10,0",Женщина в черном 2012,"«Женщина в черном» - это классический мистический триллер, снятый в лучших традициях «страшного» кинематографа. Удивительная красота планов гармонично сочетается в нем с настроением леденящего душу страха. Небольшое количество довольно скромных,  по современным меркам, спецэффектов компенсируется сильным саспенсом, подкрепленным соответствующей музыкой. В результате, даже искушенный ужастиками современный зритель так долго находится в состоянии тревожного ожидания, что моменты-«пугалки», которые смешат в других триллерах,  заставляют его подпрыгивать в кресле и по-настоящему вскрикивать от страха. 
Это красивое, мрачно-романтичное кино  с любовью показывает нам викторианскую Англию -  времена Эдгара По, спиритических сеансов, кринолинов и паровых машин. Печальный главный герой Артур, открытый потустороннему миру, словно призывает на себя все существующие кошмары, отвлекая себя с помощью работы от мрачных мыслей о погибшей жене. Такие, как он, будто созданы для того, чтобы видеть призраков и встречать духов прошлого. 
Роль Артура исполняет  Даниэл Редклифф, запомнившийся публике Гарри Поттером, и это привносит в фильм некую «изюминку»  параллелей. Одинокий герой, там - сирота, тут – вдовец, который тоскует по потерянным близким и будто ищет смерти, старательно ввязываясь в самые опасные и страшные затеи. С точки зрения продолжения карьеры, роль Артура – это хороший переходный образ, раскрывающий талант и профессионализм актера.
Развязка ленты немного  удивляет и даже шокирует. Такой нетрадиционный, оригинальный «хэппи-энд», не меньше, чем общее качество съемок, игра актеров и прекрасный саундтрек, выделяет «Женщину в черном» из ряда подобных."
"10,0",Женщина в черном 2012,"Это... шедевр! В нем есть все что нужно для домашней кирпичной фабрики! Ужасающая атмосфера, скриммеры, но в допустимых количествах (Ибо последнее время в ужасах их либо слишком уж мало, либо очень много). Если говорить о сюжете, то он одновременно и похож на некоторые другие фильмы и очень отличен от них, но лично мне сюжетная линия очень понравилась! Так же здесь отсутствует столь навязчивая, последнее время, расчлененка, однако это ни чуть не сказывается на атмосфере, скорее наоборот, идет на пользу. Концовкой я был просто... поражен! 11 из 10, однозначно рекомендую к просмотру! (Я смотрел фильм в 12 ночи в темноте один дома :D у меня он вызвал исключительно положительные эмоции (Если, конечно, под страхом иметь ввиду положительные эмоции), даже не знаю к чему тут можно придраться!)"
"10,0",Женщина в черном 2012,"Фильм смотрится так. Включил фильм, начал смотреть, и тут бац, и пролетело полтора часа.
Как говорится у нас, на одном дыхании.
Фильм не то что держит тебя у экрана, он просто приковывает тебя к экрану!
И конечно сюжет прекрасный, игра актеров идеальная, такое ощущение что всего хватает этому фильму!
Признаюсь, смотрел фильм с интересом, все таки интересно каков он сейчас Гарри Поттер прошлого, игра актера оставила только положительные эмоции, вот как то жалко парня было в концовке, я проникся к нему большой симпатией.
Киран Хайндс -добрый помещик сельской деревушки, тоже оставил очень позитивное впечатление этакий мужик как надо!!!
Хорошо закрученный сюжет и изюминка мистики и триллера не даст вам скучать у экрана.
Смотрите и получайте удовольствие.
Перед просмотром рекомендовано не пить много воды, да бы не было последствий!"
"10,0",Женщина в черном 2012," Фильм снят во всех кондициях жанра. Смотря &quot;Женщину в чёрном&quot; вы не раз вздрогните от страха и неожиданности или обернётесь услышав шум за спиной, которому раньше не предали внимания. Стоит отметить тот факт, что в фильме обошлось без изобилия кетчупа на экране,что является частым недостатком многих ужастиков. 
 Днём смотреть этот фильм глупо, в принципе как и все ужастики. Лучше подобрать момент, где-то часов в одиннадцать вечера, лучше даже в полночь."
