rating,title,text
"8,0",Незнакомцы в поезде 1951,"Порой наше внутренне «я» олицетворяет нечто зловещее даже для нас самих, и вся борьба с этим врагом станет жалкой попыткой… без принятия «я».

«Двое в поезде» это фильм о роковых влечениях и неожиданных знакомствах, тут оживают самые страшные ночные кошмары, а мимолетная мысль, про чью-либо смерть, может обернуться шокирующей реальностью. Как бывает в страшных сказках, когда герой засыпает с дурными мыслями и желаниями, то пробуждает таинственного демона, который не прочь поразвлечься, воплотив в жизнь прихоти человека, невольно пробудившего его. Для известного теннисиста Гая Хайнса, этим демоном становится Бруно Энтони — личность ничем не примечательная внешне, неприметная уличной публике, не считая туфлей и броских запонок, однако знакомство с Энтони только из-за вежливости, становится самой большой ошибкой Гая, он пожалеет об этом не раз. С обычного обмена взглядами и приветствия, начинается знакомство, знакомство в поезде. И вопросы спортивной карьеры останутся для мистера Хайнса на периферии.

На самом деле фильмы Альфреда Хичкока легко понять и без слов, потому что визуальный мир кинокартин режиссера безмолвно может рассказать если не весь сюжет, то индивидуализм персонажей уж точно очевиден с первых же минут, так же, как и их различие. Но нет, детища Хичкока не немые, что делает их еще более нетривиальными, а атмосфера ужаса и переживания за героев в определенный момент хронометража доходят до критической точки, в то время, когда на экране происходит убийство или ведется детективное расследование со стороны главного героя. Вдобавок режиссер умело использует игру света и тени, наиболее подходящею для ленты, где в сюжете задействованы два разных человека, на одного падает тень, а другой бежит от этой тени, будто от своей. Таким образом, Бруно не только олицетворяет страхи Гая, но и является символом вечной борьбы человека со своими желаниями, самим собой, с другой стороны, более светлой, он ошибка, на которой можно учиться, пока еще не поздно, а не Немезида, не возмездие. Что еще больше радует, второстепенных персонажей в повествовании нет, у Хичкока даже мертвые разговаривают и несут львиную долю важности для картины, вспомните то же «Головокружение».

«Двое в поезде» это типичный фильм Альфреда Хичкока, тем самым и притягательный, повествующий про обычного парня, который оказался не в том месте и не в то время, его желания обернулись для него проклятием. Далее речь о роковом двойничестве, о незримой связи Бруно и Гая, они неразлучны, словно тому причиной невидимая пуповина. Почвой всего этого стало отрешение человека от человечности, тяга к отцеубийству, ненависть к жене и многое другое, сложно без конца изучать характеры людей, они очень многогранны. Главное не встречать таких индивидов, после встречи с которыми нельзя прожить спокойно."
