rating,title,text
"8,0",Жизнь других 2006,"Дебютный полнометражный фильм режиссёра Флориана фон Доннерсмарка буквально приковывает внимание и поражает если не оригинальностью задумки, преподнесённой автором, то её воплощением. Катарсис действительно не является свежей идеей для кинематографа. Мысль о преображения человека и его духовном возвышении поднималась многими сочинителями, творившими в различных видах искусства.

По мере понимания того, что хотел сказать своей картиной немецкий автор, сразу вспоминаются фильмы со схожей канвой. Например, «Эквилибриум», вышедший за 4 года до появления на экранах данной ленты. И в нём и в «Жизни других» доказывается победа духовного над чем-то низким, в данном примере – искусства над системой, выстроенной государством.

Скромный бюджет фильма в 2 миллиона долларов был превзойдён более чем в 38 раз, собрав в мировом прокате 77 миллионов. Размеренное и плавное повествование, где даже пытки «в лучших восточных традициях» применяются посредством тактики морального изнеможения, взрывается в конце, осыпая зрителей обилием эмоций и давая пищу для размышлений. Та высокая стадия драматизма, которая присутствует в картине, во многом была достигнута и за счёт менталитета немцев, так наглядно отображённого в этой киноленте. Особенно впечатлила игра Ульриха Мюэ, имевшего во время съёмок смертельную стадию онкологии и ушедшего из жизни через год после выхода фильма.

Возможно, перевоплощение главного героя может показаться не слишком убедительным и несколько спонтанным, но суть всего повествования от этого никуда не уходит. А благодаря отличной работе режиссёра и умелой актёрской игре не возникает и тени сомнения относительно того, что хотели сказать создатели «Жизни других»."
