rating,title,text
"4,0",Сердце вдребезги 2014,"«Сердце вдребезги» ощущается проектом, который на бумаге выглядел более перспективно, чем его финальная реализация. Главной проблемой оказалось, внезапно… постоянное комментирование основным героем его действий! Игра в популярного Капитана Очевидность пошла «Сердцу» не на пользу: похоже, что создатели не были знакомы с правилом «показывай, а не рассказывай». Подобный приём, к сожалению, обесценивает потенциально успешную романтическую комедию.

Итак, сюжет повествует о молодом писателе-сценаристке в исполнении Криса Эванса, который для нового проекта должен написать историю любви. Только вот молодой человек никогда не испытывал сам любви, и он пытается выяснить как эта самая любовь проявляется. Помочь ему должна прекрасная незнакомка (Мишель Монахэн), дед с забавными историями, друзья-коллеги, начальство и т.д. «Любовь – это то, что остается, когда секс надоел» - мысль, которую герой Эванса постоянно подразумевает, что сразу показывает основную тему «Сердце вдребезги».

Проблема подобного раскрытия в «Сердце вдребезги» в том, что кинолента очень похожа на те самые сценарии, которые создает герой Эванса. Неизвестно, было ли это такой задумкой или получилось случайно, но «Сердце» состоит из клише чуть менее, чем полностью. Здесь есть циничный герой, который не верит в любовь, но на деле оказывается заправским романтиком; идеальная девушка, стоящая того, чтобы отбить её у, естественно, бойфренда-подонка; чудаки-корефаны и высосанный из пальца хэппи-энд. Кажется, что цинизм мог бы победить и «Сердце» в какой-то момент стало бы хорошей реальной историей любви (см. «500 дней лета» https://www.ivi.ru/watch/100137 ), а в итоге вышла клишированная работа в духе любой другой романтической комедии.

Что касается актерской игры, то тут всё весьма странно и непоследовательно. Крис «Капитан Америка» Эванс попробовал себя в романтическом амплуа, что с одной стороны любопытно, а с другой стороны не очень ему удается. Эванс, конечно, работал над собой и с той же более поздней «Одаренной» (https://www.ivi.ru/watch/146502 ) видна разница, но в «Сердце вдребезги» он какой-то скучный и обычный. Монахэн, в противовес ему, играет хорошо, только вот в совокупности оба актера в совместных сценах не рождают экранной химии. Остальные актеры практически не запоминаются.

Претенциозная и не особо динамичная картина пытается рассказать истинную историю любви, но выходит у неё это как-то беззубо. Слабая работа, к сожалению, похоронила карьеру режиссера Джастина Рирдона и с тех пор он не выпустил ни одного фильма."
