rating,title,text
"9,0",Океаны 2009,"Меня несколько удивило, что такие фильмы могут прокатывать в кинотеатрах. Ведь это не голливудский боевик, не мелодрама, даже не познавательный фильм для детей. Хотя с самого начала фильм высказывает свою претензию на высокие амбиции: в съёмках принимали участие различные национальные агентства, министерства обороны и прочие серьёзные организации.

В фильме ""Океаны"" Жака Перрена почти нет слов, почти нет людей. Они появляются уже ближе к концу. Однако сюжет и интрига присутствуют с самого начала. Все сцены удачно дополнены музыкальным сопровождением, усиливая эффект динамичного рассказа истории. В фильме есть очень сильная сцена охоты на косяк рыбы в океане. Птицы, дельфины и даже кит охотятся на огромный шар из серебристых рыбёшек. С эпической музыкой, удачными звуковыми эффектами и динамичным действием на экране эта сцена больше похожа на космическое сражение, чем на кадры документального фильма. В Океанах есть и юмористические сцены. И я даже помню как зал смеялся над несколькими эпизодами в сценах жизни рака-отшельника, конфликтующего с экзотической хищной рыбой на дне у кораллового рифа. Также присутствует впечатляющая сцена океанского шторма. Огромные военные корабли поднимаются на волнах и опускаются за их гребни, будто утонув в океане. Эта сцена стала довольно известной, на ютубе есть немало нарезок из этого фрагмента фильма.

Советую смотреть всем, кому нравится красота Земли. И поверьте, это не скучная нарезка съёмок природы. Это действительно блокбастер."
