rating,title,text
"8,0",Миссия: невыполнима 3 2006,"На этот раз третью часть франшизы пришлось ждать дольше обычного. Как и с предыдущей частью, новый фильм полностью самостоятелен. На этот раз главный герой оставил службу, припарковался на тихой и семейной жизни, но агентов, как известно, прошлых не бывает.

Также как прошлая часть, новый фильм решил сменить вектор повествования, видоизменив подачу, динамику и драйв. Больше уделили внимания раскрытию персонажа, его внутреннего мира и окружения. Один из самых лучших кинематографичных злодеев, все благодаря отличной актерской работе Филиппа Сеймура Хоффмана, который для фильмов подобного жанра был настоящей находкой. Интригующий сюжет, запутывающий злодей и дико красивые трюки.

Если оценивать фильм как отдельное произведение, то его однозначно точно стоит поставить на одну полку с топовыми боевиками своего времени. Это и отличная режиссура, и потрясающий и запоминающий актерский ансамбль, и также хороший и качественный сюжет. Все это позволяет фильму стать отличным развлечение и быть достойным из всей часть франшизы."
