rating,title,text
"10,0",12 лет рабства 2013,"Общее впечатление: Экранизация одноимённой автобиографии Соломона Нортапа, ужасает… Конечно, все знают что было рабство и в определенные отрезки времени люди страдали от этого ужасного слова. Но стоит смотреть такие картины, это история, она часть нас, даже если вам кажется, что не стоит касаться, вы глубоко ошибаетесь, иногда стоит прожить тяжелую историю, дабы понять что же было давным давно.

Соломон Нортап (Чиветел Эджиофор) был женатым и образованным мужчиной, который жил и работал в штате Нью-Йорк, когда два человека однажды предложили ему привлекательную работу в Вашингтоне. По прибытии он был похищен, стал рабом и влачил жалкую жизнь, переходя от одного хозяина к другому.

Смотреть на скитания Соломона по человечески тяжело, это боль, которая проносится через весь фильм. Так несправедливо, что жестокие люди, покупали себе человека, словно он вещь и делали все что захотят… Рабовладельцы даже не думали сжалиться над такими же людьми как и они, что их различает? Цвет кожи? Но попробуй это объяснить.

Шикарная роль у Майкла Фассбендера — рабовладельца Эдвина Эппса, мерзкий, ужасный человек, который считает что он прав во всем, и все его люди (купленные естественно) должны беспрекословно подчиняться Эдвину. Фассбендер вкусил на себе роль отвратительного человека, у которого ничего святого нет, по сюжету я возненавидела Эппса, и его жену тоже, отвращение, я ждала возмездия, до того противен мне был персонаж.

Чиветел Эджиофор сыграл ГГ, колоссальный спектр эмоций на лице актера от радости до ужаса, говорит о его таланте. Долгие кадры погружали в атмосферу безысходности, ничего нельзя сделать или предпринять, а стоит ли вообще бороться? На этот вопрос отвечает другой персонаж Пэтси, ее сыграла Лупита Нионго. Пэтси собирала для хозяина больше всего хлопка, чем остальные, она была примерной, выполняла все просьбы, но из-за ревности к хозяйки дома (Сара Полсон) страдала больше других. Стоит ли жить, если жизнь эта мука?

Картина поднимает множество вопросов: о человечности, о жизни, о том чего не должно быть никогда. И на протяжении сюжета становится ужасно тяжело от всех этих мыслей, которые буквально переполняют.

Исходя из названия, становится ясно, что для Соломона было всего 12 лет рабства, но не у всех так произошло как у него. Поэтому те, кто ждут что эта история о возмездии или раскрытия других героев, должны понять, это рассказ Соломона, соответственно все раскрывается вокруг него, передавая его глазами: предательство, смерть, злобу, ужас, отчаяние. Вы увидите через что прошел Соломон и как все закончилось именно для него, не для кого-то другого. И это, пожалуй, одно из важных сценарных решений! Помимо точно прописанных диалогов, передаваемых характеров, важная составляющая закручивается и в музыкальной части. Зритель слышит напевы рабов (спиричуэлс), что даже тогда в минуты отчаяния они не теряли надежду.

«12 лет рабства» — получило множество наград, в том числе и Оскар. Я считаю что все это заслуженно! Картина тяжелая, но ее должен посмотреть каждый!"
"8,0",12 лет рабства 2013,"Почитал негативные отзывы, вроде, такой нудный и не актуальный фильм и решился на рецензию. 

Всегда интересны подобные произведения, ведь они раскрывают героев по обе стороны. Мне в первую очередь интересны работорговцы. Что позволяет этим людям думать, что они в праве так поступать? Ведь каждый из хозяев, кроме перекупщика рабов, обладал положительными качествами, они могли переживать, чувствовать, они были живыми людьми, но глядя на раба не видели объекта для переживания/сочувствия. Каждый из них мог изменить судьбу героя или второстепенного персонажа, но не хотел. Массовое рабство умерло, но это заслуга не каждого человека в отдельности, а человечества в целом.

Такие произведения как ""Хижина дяди Тома"", ""12 лет рабства"",  ""Зелёная миля"" и другие тысячи менее знаменитых, не только помогают нам не вернутся в рабовладельческий строй, но и учат упорству, человеколюбию, которые помогают бороться с неравенством, несправедливостью.Правда ли что рабство полностью умерло? Нет. Недавно, езидским правозащитницам была вручена премия Сахарова. Они жили в деревне, где все знали - они рабыни. И никому до того не было никакого дела. В 21 веке сотни тысяч рабов. Каждый из них страдает, потому, что их окружает общество, считающих их ""недочеловеками"", недостойными сожаления и сочувствия. Нужен ли этот фильм. Конечно! Просто вдумайтесь. ""Хижина дяди Тома"" было первым в своём роде произведением и ему были обязаны освобождением миллионы людей. Спустя 100 лет, подобных произведений были сотни и неграм разрешили голосовать. Сегодня их тысячи и это внушает уверенность, что завтра массовое рабство не вернётся. А ещё может быть, даёт надежду, двум бедным девушкам встретить их Бреда Пита и спастись из плена.

А что если абстрагироваться от рабства? Для меня этот фильм о сильном человеке, который пережил все тяготы жизни и не сломался. О бездушном обществе завуалировавшем своё желание наживы и власти, несоответствию стереотипа. О предательстве человеком упавшем рядом. О истинном, бескорыстном человеколюбии. О преданной дружбе. О любящей семье. Правда актуально?

Поставлю 8/10. Фильм хорош, но не дотягивает до ""книга Илая"", ""побега из Шоушенка"" или ""Зелёная миля""."
"3,0",12 лет рабства 2013,"Рабство – это плохо! Плохое рабство! Если вы рабовладелец – вы плохой! Вы можете быть хорошим, но если вы рабовладелец – вы плохой! Рабство – это плохо! Плохо быть рабовладельцем! Рабы – это плохо! Иметь рабов – плохо! Рабовладельцы все плохие! Даже если и хорошие! Всем спасибо, вы прослушали краткий обзор этого фильма. И я даже не шучу. 

Просто есть такая вещь, как актуальность темы. Тема рабства – она сейчас не актуальна. Но еще есть такая вещь, как модная тема. Так вот, тема рабства сейчас модная. Вот такой странный парадокс. Где-то глубоко в генах людей, жаждущих Оскар, прописан короткий путь. Надо снять фильм про рабов! Ведь, посмотрите, сейчас все, кто делал фильмы про рабов, хоть как-то, но прикоснулись к различным премиям. Ведь это значит модно. А раз модно, давайте тоже сделаем фильм на эту тему. И пусть мы не скажем ничего нового по этой теме (а как может быть иначе, если она уже не актуальная), но зато можем что-нибудь получить. Какую-нибудь номинацию. А попробуй кто-нибудь из номинирующих фильмы на премию не допустить фильм про рабство к номинации? Это ведь так можно и схлопотать скандал – как же так, такую важную тему и не допускаете. Или вы за рабство? У вас в роду были люди, которые продавали людей? 

И вот в этом я вижу причину появления этого фильма. Ведь по сути, что можно сказать про рабство? Кроме того, что это плохо? Попытаться доказать, что это был такой период в истории, и надо его признать? Неа, не покатит, слишком тонкая шутка для нашего цирка. Поэтому давайте расскажем трагическую историю, как у нас негров линчуют… в смысле, как тяжело жилось чернокожим африканцам в прошлые века. Побольше каких-нибудь трагических историй. Про разлученные семьи, про странную любовь, про то, что любого из них могли убить без причины. И даже если ты был свободным человеком, то пойди докажи. 

Да, во времена, когда жил герой этого фильма, который затем написал книгу – эта тема была важной, актуальной и животрепещущей. Теперь – это такой фетиш, который воздвигли на пьедестал вины социума, и пытаются хотя бы что-то с этого получить. Ну, хотя бы признание. Вот только смысл этого фильма где? Он теряется и растворяется в пустоте всего замысла. 

Да, неплохие актеры, отличные операторские планы, красивые виды. Ну, и в общем-то все. После просмотра хочется пожать плечами и задать авторам быдло-вопрос: «И чё?». Вы думаете, мы не читали «Хижину дяди Тома»? Или настолько плохо соображаем, что нам нужно рассказывать историю еще одного негра? Что вы нам хотели сказать этим фильмом, кроме очевидных вещей? Может вы нам раскроете что-то более глубокое? Ведь есть огромное количество не столь однозначных вещей в этих отношениях. Как меняется человек под осознанием того, что он по сути вещь? Как он борется с этим чувством, как противостоит ему. Покажите, почему хорошие люди становятся плохими, почему они не освободят негров, по своему желанию. Где все это? Зачем нам показывать располосованную спину негра. Чтобы мы поняли, что это плохо? Ну давайте еще раз повторим этот момент. Ведь это так трагично! Больше трагизма для «Оскара». 

И вот в общем-то получился такой фильм-пустышка. Он не о чем. Я так и не понял в чем смысл его существования, кроме того, чтобы получить награду. Здесь даже герою не получается сочувствовать. Фильм идет больше двух часов. История героя длится 12 лет. Но по ощущениям, все это проходит максимум за пару месяцев. Не видно, как меняется герой, нет чувства, что прошло время, психика героя каких-то изменений не претерпевает. Нет никаких особых действий, которые раскрывали бы его характер и перемены. Такое ощущение, что все здесь стерильно и банально донельзя. Зато красивые пейзажи встречаются."
"6,0",12 лет рабства 2013,"Картина, которая является обладательницей трёх Оскаров, включая статуэтку за лучший фильм. Скажем прямо, это чего-то, да стоит. Однако, лично я давно перестал доверять Оскару, поскольку считаю, что там картины выбираются не за настоящие, скажем так, художественные заслуги, а за актуальность проблемы, которая в этих картинах затрагивается. После просмотра этого фильма, моё недоверие к этой награде добавилось.

Эта лента так и кричит о том, какая она толерантная и актуальная. Каждый кадр, каждое действие каждого героя – всё пропитано смыслом того, что рабство это плохо. В общем то, мы это уже и так прекрасно знаем. Тем более, что картин на эту тему снято огромное множество. Зачем нужна еще одна? Наверное, затем, что история, которая рассказывается в этом фильме, основана на реальных событиях и снята по мотивам автобиографии чернокожего гражданина, попавшего в рабство и познавшего все тяготы этого ужасного времени.

Безусловно, то отношение, которое показывают нам в этом фильме, заставляет еще раз задуматься над тем, как вообще это было возможно. Как люди доходили до таких издевательств и изуверств. Да и вообще ограничение свободы человека вопрос довольно странный. Во всяком случае странным он кажется сейчас. Да, эта лента местами очень жестока и признаться некоторые сцены смотреть по-настоящему тяжело. Но, почему-то, уже в самом начале фильма я точно знал, чем все кончится и поэтому лично мне фильм показался скучным. События в ленте развиваются довольно медленно и ощущение того, что главный герой пробыл в рабстве долгих двенадцать лет у меня не осталось, даже несмотря на два часа экранного времени.

Что касается актеров, то тут тоже не все так радужно. Играют все неплохо, но, тем не менее, ничего сверхъестественного в игре я не увидел. Оскар за лучшую женскую роль, присужденный Лупите Нионго, считаю вообще чем-то странным. Персонаж, которого сыграла актриса в этом фильме, вообще большую часть ленты молчал и не передавал практически никаких эмоций.

В общем, понравился Майкл Фассбендер, но его персонаж все же показался мне чересчур карикатурным. 

Безусловно, лента имеет право на существование и многим, наверное, даже понравится. Но, лично я считаю, что ничего такого существенного, что действительно могло бы быть достойно каких-то наград, в этом фильме нет. Это еще один фильм про рабство и права человека, которых снято уже безумное количество. И ничего нового или запоминающегося я в этой ленте не увидел."
"10,0",12 лет рабства 2013,"Фильм хорош, ибо интересно освещает одну из главных проблем человечества при существующей экономической системе - расизм. 

В данном фильме мне, прежде всего, хотелось бы отметить интересную сюжетную линию; умелое повествование оного; достойную игру большинства актёров (кроме детей - чувствовалась неестественность); наличие колоритных фраз, вставленных в кинофильм не просто так, ""дабы красиво было"", простые, однако очень уж атмосферные декорации; подходящее музыкальное сопровождение, держащее в напряжении в определённых моментах; отсутствие цензуры в показе человеческой наготы (последнее также важно в подобных кинофильмах). 

Советую посмотреть ""12 лет рабства"" всем, кто интересуется психологией человеческих взаимоотношений (а в этом фильме она показана ещё как интересно!), выявлением ценностей при существующей экономической системе, а также просто тем, кому не безразличен открыто выраженный рабский период истории Соединённых Штатов Америки."
