rating,title,text
"8,0",Дневник баскетболиста 1995,"Общее впечатление: Фильм о моральном и физическом разложении. Вот есть парень, умный, талантливый, но все меняется…

Лео Ди Каприо сыграл здесь Джима Кэрролла, из-за пристрастия к героину, еще в подростковом периоде Джим забросил свое занятие — баскетбол. Для него появились другие цели, интересы. Все свои терзания Джим записывал в дневник, в последующем издав книгу. Человек смог понять, что есть вещи в жизни, которые важнее наркотиков. Смог преодолеть невидимую стену и натиск зависимости. Загубив свою молодость, он сделал правильные выводы. За что ему респект!

Лео сыграл драматичную роль, но многогранную. Смотреть с разных сторон, да под необычными углами на молодого Ди Каприо интересно. С прекрасного парня он превратился в забитого, исхудавшего мальчишку, который просто потерялся. Лео смог выложиться на все 100, несмотря на юный возраст, уже тогда в далеком 96 году видно какой талант у него. Есть момент в фильме, который рвет душу на части, настолько тяжело смотреть и не потому что там страдания героя, а именно страдания его матери. Сердце сжимается от происходящего… Но актерская игра, филигранно обыгрывает действия, за что погружения в происходящее отображается именно в поведении актеров, так умело, что порою удивляешься, кажется будто актеры живут этой жизнью, а не просто история о парне.

При просмотре вы испытаете множество эмоций: сострадание, отчаяние, отвращение, радость, спокойствие, сочувствие. Кино приятно удивит, сможет взбудоражить своим нутром. Но не стоит судить человека — почему, да зачем. Главное что он смог выбраться с этого кошмара. Упал так низко, но и смог подняться, а не всем это удается."
