rating,title,text
"9,0",Коктейль 1988,"История про молодого американского парня, который, как и большинство, мечтает о богатстве, которое по идее должно принести беззаботную жизнь, без забот и хлопот. Но жизнь, как всегда, расставляет все на свои места...
 
Приятно посмотреть на молодого Тома Круза. И романтическая история такая милая и добрая с таким ожидаемым хэпи-эндом. И как всегда, любовь побеждает и оказывается сильнее денег, страхов и предательства.

В общем, приятная мелодрама, которую просто хорошо посмотреть благодаря игре актеров, без претензии на глубокий смысл - для легкого вечернего просмотра."
