rating,title,text
"9,0",Зелёный Шершень 2011,"Короче говоря, кто любит экшн-фильмы про героев? Я думаю, что многие. Обычно супергерои действуют по закону и не убивают злодеев, но не в [Зеленом Шершне], где супергерои борются с преступностью ее же методами, совершенно не считаясь с законом. Когда давно был сериал по Зеленому Шершню, где помощника Шерншя играл сам Брюс Ли. Поэтому ожидание от киноадаптации 2011 года было большое. Но удалось ли оно?

Вкратце говоря,  сын медиа-магната Брид [Сэт Роген] «прожигает» свою жизнь в вечных пьянках и бесчисленных случайных связях. Но после неожиданной смерти отца, он наконец осознает бесцельность своего существования и решает все изменить. В этом ему начал помогать Като [Джей Чоу], который работал у его отца автомехаником. Вместе они решили положить конец преступности в городе, которым заправлял главный мафиози под прозвищем Чудновски [Кристофер Вальц]. И тут все способы хороши ведь как гласит слоган «Героям закон не писан!».

Итого говоря, фильм получился шикарный и мне очень понравился. Однако давайте разберемся, чем именно он хорош. Сразу хотелось бы сказать, что минус тут, наверное всего один, а именно сюжет который высосан из пальца. Актерская игра прекрасная, каждый герои интересный, а злодей так вообще харизматичный. В плане экшена, то тут он сделан немного в необычном формате, но очень динамично и здорово. Музыка подобрана отлично, она четко подходит под все моменты. Ну и конечно же нельзя забыть про юмор, которым насыщен фильм. Он немного черный и иногда бывает, что с первого раза недогоняешь в чем была шутка. В целом порекомендую фильм для любого зрителя, так как в нем вы найдете что-то себе по душе."
