rating,title,text
"5,0",Привычка расставаться 2013,"Фильм удивил меня рассогласованием между приятной картинкой , текстом, актерами и .. неприятием самой истории и героини. Обычно мне нравится( или не нравится) сразу все.
Красивые мужчины, красивые интерьеры, частично незаезженные лица актеров..Саундтрек с претензией на что-то там, но меня не впечатлил. Главная героиня вызвала раздражение своим нежеланием работать над отношениями, бороться за них. Поверхностная , привыкшая, что ""мужики в штабеля так и складываются"" и с неба на нее валятся( завидую, ага))). Ни в одном случае не попыталась разобраться и поговорить, а что же не так, что можно изменить к лучшему. Легко расставалась по своей инициативе и в ответ на малейшие признаки охлаждения партнера. ""Ты меня любила какой-то ненормальной любовью.. тебе было неинтересно, чем я занимаюсь, тебе была неинтересна моя музыка. Тебе было только интересно, люблю ли я тебя так сильно, как ты меня. А я тебя просто любил"".
 Конец мне не кажется хэппи-эндом: главная героиня погналась за тем, кто стал недоступен. Уверена, что и он ей надоест в процессе длительного совместного пребывания. И ее доморощенная попытка самоанализа ничего в этом не изменит. С другой стороны, интересный вопрос: в чем же ее привлекательность для мужчин? Безусловно, у нее интересная внешность, но что еще? Попробую угадать из опыта своих последних наблюдений: она никому не ""выносит мозг."" Она соглашается со всем, или просто уходит. И, по моим последним размышлениям, есть 2 вещи, которые любят мужики: это хороший секс и ""невынос мозга"", легкость нахождения рядом. И даже непонятно, что важнее;))."
"2,0",Привычка расставаться 2013,"Фильм &quot;Привычка расставаться&quot; стоило бы показывать с возрастным ограничением &quot;25-&quot;, и также с гендерным - &quot;только для девушек&quot;. И то не для всех. Так как поверить в происходящее на экране смогут лишь очень впечатлительные юные особы. 
В любой студенческой компании есть такая девушка, которая любит рассказывать о невероятных любовных приключениях, происходящих с ней буквально на каждом углу, о нескольких мужчинах, которые томятся чувствами к ней. Сначала ей веришь, расспрашиваешь подробности, а спустя несколько лет начинают закрадываться сомнения: так ли много мужчин вокруг нее, вроде такой обычной? Так ли легко на нее все &quot;западают&quot;? Постепенно перестаешь верить в ее сказки, не воспринимаешь всерьез и слушаешь лишь из вежливости. Так и в этом фильме: сначала все правдоподобно, потом делаешь над собой усилие, чтобы поверить в очередное преувеличение, а к концу все превращается в откровенный фарс, когда начинаешь поглядывать на часы в ожидании финала.
Немного скрашивает ожидание развязки картинка: квартиры одна краше другой и все ближе к центру столицы, качественная операторская работа. Смотреть &quot;Привычку расставаться&quot; приятно, но не более того. 
Если некоторым сюжетным поворотам еще можно поверить, то характер главной героини Евы вызывает недоумение. Кого она из себя представляет, так и остается загадкой. Почему все вокруг ее выслушивают, носятся как с писаной торбой с ней и ее любовными переживаниями, неясно. Ведь за весь фильм Ева лишь &quot;берет от жизни&quot; все, что ей нужно, в ответ не давая никому и ничего. Данный факт можно списать лишь на магнетический взгляд героини в исполнении Алёны Константиновой."
