rating,title,text
"8,0",Робокоп 1987,"В связи с появлением нового фильма голландца Пола Верховена, который он представил на прошедшем Каннском фестивале, захотелось пересмотреть прежние, уже давно снискавшие зрительскую любовь, картины именитого режиссёра. Одной из этих лент закономерно  был «Робот – Полицейский», который ныне считается настоящей классикой мирового кино, и входит во всевозможные списки величайших фантастических фильмов на свете. Знаю, сегодня в это невозможно поверить, но в своё время создание этого шедевра научно фантастического боевика, буквально нашпигованного отборным экшеном, обошлось всего в каких то 13 миллионов $! Тем более невероятно, что для своего времени фильм содержал самые передовые визуальные и звуковые спецэффекты. 

Неслучайно, что на оскаровской церемонии, картина претендовала на награду в технических номинациях ( хоть и уступив в области звука и монтажа, картина была удостоена специального Оскара – «За особые достижения» ). И при столь скромных затратах, прокат принёс ощутимые дивиденды, которых хватило на то, что бы студия «МГМ» по горячим следам запустила в разработку сиквел. К которому Пол Верховен уже не имел ни какого отношения. Сделаю небольшую ремарку – многие ругают классическую трилогию, ссылаясь на то, что в последующих частях «Робокоп» сильно опопсел. Но несмотря на это, что вышедшая два года спустя вторая, что появившаяся после почти ещё трёх лет третья части – отменные фантастические боевики. Конечно, Алекс Мёрфи сражающийся с гигантским киборгом – бандитом, или же роботом – ниндзя, а тем более способный летать над городом при помощи специального аппарата – это уже не то, что изначально придумал Пол Верховен. Но, как чисто жанровый продукт – это 100 % качественное развлекательное кино. 

Но вернёмся к первому фильму. Как я уже отмечал в своей рецензии на совершенно ненужный и беспомощный ремейк, вышедшей на экраны пару лет назад – многие классные вещи присутствовавшие в оригинале, в новом фильме отсутствовали. Это касается того, за что столь ценен как раз таки данный фильм. Во – первых, это первоклассный сценарий написанный Майклом Майнером и Эдвардом Ноймайером, содержащий не только увлекательную историю о борьбе полиции и распоясавшейся преступности в Детройте ближайшего будущего, но и сильные драматические коллизии, жёсткие сцены агрессивного насилия, философско – религиозные аллюзии и харизматичных, запоминающихся персонажей. Причём такими являются не только номинально главный герой – убитый при задержании опасных рецидивистов молодой коп – семьянин Алекс Мёрфи (Питер Уэллер чрезвычайно хорош в этой роли, даже странно знать, что изначально на неё планировался Майкл Аэронсайд), его напарница – крутая «копша» Льюис (образ женщины – полицейского создала Нэнси Аллен), но также и второстепенные: коварный вице – президент корпорации «ОСП» Дик Джонс (экспрессивная игра Ронни Кокса), его молодой и предприимчивый соперник – Боб Мортон (самоуверенный Мигель Феррер), глава «ОСП» - почтенный мистер Хаген (пожилой ветеран Дэн О’ Хёрлихи), жестокий злодей Кларенс Боддигер (циничный Кёртвуд Смит) и его подельники – Эмиль (Пол МакКрейн), Нэш (Рэй Уайз) и Джо (Джесси Гойнс). А разве можно забыть сержанта Уоррена (Роберт Ди Ки)? За то время, что я рос – я привык к этим героям. Раньше я часто пересматривал этот фильм, да и всю трилогию. Но время идёт, и появляется много новых фильмов, пересматриваешь старые реже. После многих лет, наконец то решил всё таки пересмотреть картину. И как это часто бывает, когда пересматриваешь старый высокотехнологичный блокбастер спустя продолжительное время – замечаешь какие то огрехи и шероховатости в спецэффектах. Но не смотря на это, фильм Пола Верховина не стал от этого хуже. Да, где то в плане комбинированных сцен он стал смотреться хуже чем раньше. Прежде всего, это касается того неповоротливого робота, с которым вынужден сражаться Робокоп. Да, там отчаянно в глаза лезет покадровая съёмка передвижений этого бутафорского робота. Но не считая пары-тройки сцен, во всём остальном фильм не сдал ни на йоту! Всё так же шикарны автомобильные погони по улицам города, аварии, перестрелки и взрывы, убийства своей жестокостью и кровавостью способны дать прикурить современным «прилизанным» боевикам, снятым с оглядкой на возрастной рейтинг. 

Операторская работа тандема - Йост Вакано и Сол Негри ( делал те самые сложно - постановочные сцены с роботами ) заслуживает похвалы, ведь во многом «смотрибельность»  блокбастера зависит от его визуального воплощения. Продуманные сцены, классный монтаж, интересные ракурсы и прочие находки ( так, например часто показывают мир глазами героя – киборга, или то и дело без предупреждения включают новости, в которых демонстрируется серия телерепортажей и одиозные, не лишённые сатиры рекламные ролики ) – всё это, вкупе с  отличным саундтреком, делает до сих пор просмотр картины увлекательным зрелищем. Сам сюжет, в котором говорится о том, как робот – полицейский встаёт на тропу войны с безжалостными бандитами, попутно путая карты прикрывающим их сильным мира сего, которые строят свои хищнические планы на будущее города погрязшего в нищете и преступности – в последствии был переработан из киносценария под книжный формат, так же послужил вдохновением для серии популярной видео – игры, а по образу главного героя – в 90-ых выпускали клёвые экшен – фигурки (помню, что у меня была модель Робокопа сидящего верхом на крутом мотоцикле). Да, кстати – даже чисто внешне классический синий Робот – Полицейский выглядит гораздо круче нового чёрного приемника–самозванца."
