rating,title,text
"6,0",Чужой 3 1992,"Вот что действительно не нуждалось в продолжении. Хороший финал второго фильма был закрытым, но когда Дэвид Финчер взялся за продолжение, то изменил кое-какие детали. Снова Эллен Рипли в криогенном сне, снова её находят посторонние люди, снова она в панике пытается спасти народ. В этот раз космос заносит её в межгалактическую тюрьму, куда сажают самых отъявленных, а отъявленных сажают (закос под Тарантино). В тюрьме всем правит религия, ведь это и понятно, когда заключённым нечего больше давать, они обращаются за помощью к духовному процветанию, ведь только Слово Божье способно исцелить их и направить на путь истинный. А теперь представьте, что в закрытое место, где больше сотни мужчин, которые живут по завету, попадает женщина. Вот тут уже заповеди встречаются с инстинктами, и на этом фильм бы вышел хорошим. То есть не брать в расчёт сиквел «Чужого», не приписывать слабый фильм к общей теме, а снять как отдельный, независимый проект, было бы круто. Но у нас с вами, к сожалению, фильм о ксеноморфах. Как подобает, один такой гость оказывается живучим гадом и начинает охоту на всё, что дышит. 

К сожалению, приятный финал второго фильма уничтожают за каких-то 15 минут третьей части, бреют на лысо Сигурни Уивер и пускают решать проблемы и с персоналам тюрьмы, и с заключенными, и с ксеноморфом. В такой какофонии проходит большая часть картины, мы узнаём хороших людей и самых мерзких (и это среди заключённых, ха), но под конец сюжет приятно удивляет. Надо было как-то реабилитироваться за ненужные съёмки и как-то удержать зрителей, не привлекать внимание критиков – у сценаристов получилось отлично обыграть дело при помощи Рипли и ксеноморфа. А остальные люди в картине – так мясо для пришельца, развлекуха на экране, дабы отбить монеты и добавить больше хлеба и зрелищ. Вроде финал опять закрытый, может уже хватит? Но нет, впереди 4 фильм. Эх, надо же всё-таки добить сагу. Если убрать все признаки чужого, то фильм бы вышел крутым. К тому же тут засветился Чарльз Дэнс (Тайвин Ланнистер из «Игры престолов»), что приятно удивило. «Рипли! Из «Чужого 3» - шутка Уилсона теперь оправдала себя."
"7,0",Чужой 3 1992,"Уже третий фильм от героини Сигурни Уивер никак не могут отстать. То она оказалась на планете чужих, из-за какого-то странного сигнала (""Чужой""), то ее отправили обратно на эту же планету, чтобы уничтожить ксеноморфов (""Чужие""), или же она просто терпит крушение на планете-тюрьме, где чужой тоже будет иметь место (""Чужой 3""). Но так как она упала на планету, где отбывают срок одни мужчины, то она должна действовать по их законам, и ждать, когда Компания за ней приедет.

Не совсем понял, как чужой мог оказаться на планете, но потом к определенному выводу я пришел. Правда хотелось, чтобы это авторы сами объяснили в фильме. Но в целом битва за выживание с ним была интересной. Никаких матерей, никаких коконов или яиц, только один чужой, который пытается выжить на другой планете.

Плюс ко всему некоторые заключенные стали через чур набожными, и считаю, что это пришел Армагеддон, и все они отправятся на небеса. Но даже эти слова не мешают им бороться за выживание. А конец вас вообще может удивить.

Сигурни Уивер, у которой с каждой новой частью стрижка короче и короче, порадовала своим появлением на тот момент в трилогии, и дальше раскрыла своего персонажа. А компанию ей составили два Чарльза - С. Даттон и Дэнс. Первый как раз был главой набожных зеков, а второй врачом в этой тюрьме. С каждым из них у Рипли будет своя история, и эти герои действительно обратят на себя внимание.

В этом фильме графика использовалась сильней и чаще, нежели в предыдущих фильмах, но она еще была не на таком хорошем уровне. Но это не очень страшно. А вот операторскую работу стоит похвалить, потому что, как передвигается чужой его же глазами, очень интересно было видеть. И так же картина мне понравилась, наравне с прошлой частью, так что смотреть стоит."
