rating,title,text
"7,0",Тонкая красная линия 1998,"Сюжет фильма поведает нам историю о измотанных войной американских солдат, которые сражались с японцами за остров Гуадалканал во Время второй мировой войны. Повествование ведется от лица главных героев, зритель вдумчиво слушает рассуждение солдат о войне, моральных ценностях, кем они являются и для чего ведут эту кровопролитную бойню.

Фильм режиссера Терренса Малика «Тонкая красная линия» вышел на экранах в 1998 году, и был одним из конкурентов другой не менее известной военной драмы «Спасти рядового Райана». Выдвинутый на 7 номинаций ежегодной премии Оскар, фильм Терренса не взял не одной статуэтки, и был погребен творениям Спилберга. Действительно ли картина не дотянула до звания «лучшей» или скорее так сложились обстоятельства, что в конкурентах оказалась чуть ли не одна из лучших военных драм современности. К счастью мы больше склонны ко второму варианту.

«Тонкая красная линия» – это фильм который не претендует на реализм происходящего, в нем нет брутальных сцен, море трупов и рек крови. В плане спецэффектов и напряженности он значительно уступает творению Спилберга. Но картина Терренса совершенно не про это, она не пытается рассказать очередной подвиг американских солдат, которые ценой собственной жизни спасли всех и вся, а скорее наоборот демонстрирует измотанных людей, которые совершенно не хотят воевать, они устали и хотят побыстрее избавится от этого тяжелого бремя войны. Многочисленные монологи главных героев дают понять зрителю, что именно чувствует солдат находясь в столь неблагоприятных для жизни местах. Из монолога мы понимаем, что солдаты – это не машины для убийств, а прежде всего обыкновенные люди, у которых есть свой дом, любящие семьи и прежде всего определенное назначение в жизни. Так, рядовой Бэлл (Бен Чаплин) мечтает вновь увидеть свою любящую жену, а другой рядовой Уитт (Джеймс Кэвизел) уверен, что в мире существует место где нет насилия и нет войны, а есть гармония. Полковник Гордон (Ник Нолти), хочет доказать всем включая свою семью, что он чего-то достиг в жизни, и повидал настоящую войну, игнорируя потери среди солдат, слепо ведет пехоту насмерть для достижения своей заветной цели.

Таким образом зритель должен проникнутся душевными терзаниями главных героев и понять, что же ими движет, для чего они сражаются во благо чего? Так же, фильм дополняет прекрасная музыка в исполнении Ханса Циммера, которая заставляет зрителя вместе с главным героями проникнутся в темные коридоры своей души, а еще красивейшие пейзажи острова, вот вам густые джунгли, в которых на каждом углу нас ждет опасность, и тихое умиротворенное море, которое манит к себе успокаивая душу. В фильме присутствует внушительный актерский состав, вот вам и Шон Пенн в ролли сержанта Эдварта Уэлша, и Элиас Котеас в роли капитана Староса, а также Джон Кьюсак в роли капитана Гаффа и многие другие.

Пожалуй, проблема фильма в том, что он слишком затянут, и досмотреть его до конца не усидчивому зрителю станет трудно. Все этим многочисленные монологи главных героев не всегда уместны, к примеру, во время атаки японцев я не думаю, что солдат будет думать о своем бытие. Иногда актеры переигрывают, например, персонаж Уитт (Джеймс Кевизел) местами раздражал своим непонятным выражением лица, казалось в драматических моментах, где хочется сочувствия персонаж просто улыбается, или пытается выдавить из себя скупую слезу. Да и в целом, так что бы весь фильм переживал за определенных героев, нет такого.

Как вывод, если вы ждете сильной военной драмы со всей жестокостью, скорее этот фильм не для вас, а если вы хотите прочувствовать, что такое быть измотанным солдатом, который бродит по бесконечно долгим джунглям в поисках себя, то стоит посмотреть."
