rating,title,text
"7,0",Пункт назначения 4 2009,"Короче говоря, многие наверняка любят автогонки, но не многие вживую бывали на них. Одно дело, когда ты сидишь дома, в безопасности и смотришь на них с экрана телевизора, другое дело, когда ты сидишь там и вживую наблюдаешь как на бешеных скоростях, гонщики соревнуются друг с другом. И иногда бывают случаи когда, на автогонках происходят аварии, ради которой публика отчасти и собирается. Итак, добро пожаловать в [Пункт Назначения 4] на которой смерть ждет вас в первых рядах.

Вкратце говоря, нас вновь ждет история, в которой несколько людей чудом спасаются от участи, которую им подготовила старуха с косой. Место катастрофы – автогонки на которых Ника О`Бэннона [Бобби Кампо] посетило видение о его гибели и еще несколько людей. После этого он и еще несколько счастливчиков спасаются, думая, что смогли обмануть смерть, но смерть не любит когда все идет не по ее плану. И да «Упокой их, Господи... По частям».

Итого говоря, фильм мне понравился, но честно данная часть оказалась слабее своих предшественников. К сюжету претензий нет, так как он до сих пор интересен из-за своей концепции. По поводу актерской игры, то тут она слабовата. Герои, какие-то глупые, невнятные. Череда действий приводящих к смерти уже не так цепляет. Либо из-за того, что начинаешь уставать от того, что уже видел в предыдущих фильмах. Либо от того, что они стали не такими интригующими. Но в целом фильм смотрится хорошо, так что посоветовать его к просмотру хотя бы раз, я никак не могу упустить возможности. Наслаждайтесь."
