rating,title,text
"8,0",Атака куриных зомби 2006,"Мои киноманские вкусы весьма обширны и поэтому я отдаю предпочтение всем видам кино и жанрам, в том числе трэшу и независимому малобюджетному жанровому кино. И в первую очередь с таким видом кинематографа у меня ассоциируется Ллойд Кауфман и студия «Troma Entertainment» (одним из основателей которой и является Ллойд Кауфман).
 
Для начала разберём особенности фильмов Кауфмана. Она заключается в том, что Ллойд хочет не просто развлечь своего зрителя, а по-настоящему его шокировать, при этом стараясь сделать так, чтобы у зрителя было желание продолжать смотреть его фильмы, а не немедленно же выключить после первой же шокирующей сцены. Поэтому в его фильмах насилие, сцены сексуального характера и пошлый юмор возведены в такой максимум, что превысить его уже невозможно. Приведу несколько примеров: полностью обнаженные женщины? Кончено! Невероятно кровавая смерть, желательно с расчлененкой и показом внутренних органов? Куда же без нее! Настолько сортирный юмор, что рвота перемешивается с фекалиями? Обязательно! И самое главное – это безумие должно веселить!!! Зритель должен быть не только шокирован, но и получать определенное удовольствие и веселие от происходящего на экране. Именно это и есть суть искусства в понимании мастера независимого малобюджетного жанрового кино Ллойда Кауфмана. 

Но почему лично мне понравился «Атака куриных зомби»? Почему мне не понравился, к примеру, фильм Алексея Германа «Трудно быть богом»? Ведь там тоже фекалии лезут из всех щелей? Более того, там этого добра даже больше, чем во всех фильмах Кауфмана? Да по одной простой причине. Фильмы Кауфмана не лишены смысла!!! Несмотря на творящееся безумие, в его фильмах есть сюжет, а смысл который он закладывает способен понять абсолютно любой человек, при этом ему необязательно являться каким-то «особенным ценителем». Чего не скажешь о «Трудно быть богом».
  
Так какой же смысл заложил Кауфман в фильм, где главных героев пытаются убить куры-зомби, что уже звучит как абсолютный бред? В первую очередь, он высмеивает различного рода клише, которые свойственные не только фильмам про зомби, но и всему жанру ужасов в принципе. Все их я конечно же перечислять не буду, но приведу один из ярких и запоминающихся примеров. В одной из сцен, главные герои встречают женщину, которая ищет своего ребенка. Главные герои предлагают разделится, а самой женщине осмотреть кладовку. Причем, главный герой подчеркивает, что в кладовке есть монстры и она погибнет. Женщина посчитала, что это отличный план и идет туда. Естественно, через секунду она погибает. И такого юмора в фильме невероятно много. Поэтому, тот факт, что высмеивание здесь преподносится в гиперболизированной форме, дает мне понять, что фильм является своеобразной пародией на фильмы ужасов, только в оболочке трэш-фильма. 

Также, помимо пародии, в фильме есть определенный социальный подтекст. Кауфман в злобной манере, со всей жестокостью высмеивает общество потребления, фаст-фуд (причем, в ресторане быстрого питания, где разворачивается действие фильма, явно заметны черты реально существующего фаст-фуда KFC), показушную натуру общественных движений (в фильме оно требует, чтобы ресторан снесли, так как оно находится на индейском кладбище, но при этом в самом движении нет коренных американцев) и так далее. При этом, «Атака куриных зомби» далеко не первый фильм Кауфмана, наполненный смысловым содержанием. Тем самым у зрителя появляется повод смотреть его творчество не только ради насилия и пошлого юмора.  
Ну и самый приятный сюрприз. Данный фильм еще и является мюзиклом. Да-да вы все правильно прочитали. Но так как музыкальные сцены режиссер снял, как и любую другую сцену своего фильма в точно такой же манере, то скучать они вас не заставят (хотя сами песни полный кошмар). 

В итоге, я конечно же хочу порекомендовать данный фильм. Особо впечатлительным зрителям фильм конечно же не понравится, но если вы любите безумный трэш, то не проходите мимо данного шедевра от мира независимого малобюджетного жанрового кино."
