rating,title,text
"8,0",Семь 1995,"Детектив Дэвида Финчера считается классикой кинематографа, он удивляет своей подачей расследования, увлекает мотивом убийцы, отлично приписывает религиозную тематику и дарит хороший дуэт в лице Брэда Питта и Моргана Фримана. Почерк убийцы следует по кругам Ада Данте, выставляя каждый грех в виде преступления, что позволяет более изощрённее подходить к убийствам. Это так, основа.

На деле мы встречаем пожилого детектива Моргана Фримана (он всю мою жизнь был таким), которому нужно закрыть последнее дело, чтобы уйти в отставку. Ах, эта классика детективов, когда именно на последнем разе случается самое волнующее дело. Небольшие тёрки с начальником и на плечи опытного сотрудника падает, как снежный ком, новенький сотрудник. Надо обучить, показать специфику работы, ввести в курс дела. Напоминает классическое увольнение с работы или уход в отпуск: тебя не отпустят, пока не будет замены.

Пока ещё до мест преступления далековато, поэтому Финчер в своей неподражаемой манере знакомит нас с главными героями. Конфликт поколений, разные взгляды на жизнь и возраст создают определённый ореол между Морганом и Брэдом. Играют роль также взгляды и новые методы. Молодая кровь, свежий взгляд и опыт, старые, но проверенные возможности по раскрытию преступлений. Моргану не по нраву такой ученик, но он старается выдать ему всё начистую. Тут реальная угроза, это тебе не учебники с картинками, поэтому теория теорией, но когда дело доходит до практики, то, как раз оно самое опасное, страшное и загадочное.

После представления героя зрителя водят по местам преступления. Убийства, где неизвестный маньяк оставляет «пасхалки», обозначая смертные грехи. Символизм напоминает картину «Зодиак» того же Финчера. В такой интригующей подаче режиссёр доносит до зрителей главные мысли: страшное убийство, преступник оставляет подсказки, дальше идёт дедукция следователей. Элементы преступления позволяют погрузиться в эту тайну, самому поломать голову над убийством и оценить изящество. Сцены не для всех, тут даже сравнение с «Пилой» Джеймса Вана, а на фоне этого реакция детективов.

Отлично представлено влияние садизма на разное поколение. Фриман, повидавший многое, строит аналогии преступлений, пытается связать паззлы в одну картину, но всё ещё скрывает шоковое состояние. А неопытный Питт поубавил спесь, притих и понимает, что дело серьёзное. Поразительно, как первый этап влияет на героев, изменяя их до неузнаваемости.

Главную сюжетную линию показали, а далее в сюжет вплетаются второстепенные герои, роль которых показывает, что главные персонажи могут быть и в другом амплуа, что, несмотря на весь ужас работы, это ещё и добрые, весёлые люди. Такое приятное ответвление после ужаса служит бальзамом для души и успокаивает, но у Финчера это всё не просто так, поэтому главный сюжетный поворот ещё впереди.

Преступления водят полицию за нос, кажется, что они будут всегда вторыми, приходить на готовое место преступления, но, что хорошо, это не тупые персонажи, это умные, расчётливые люди, которые могут перевернуть игру в свою пользу. Динамично и интригующе фильм бросает нас от одних переживаний к другим, дарит местами добротный экшен и подводит к первому неожиданному повороту.

Впечатления не могут ужиться с логикой. Вопросы, вопросы, которые требуют ответов. Элементы путаницы, мнимой победы и настороженности подкрадываются при просмотре. Концовка уже близко, а ты так и не можешь понять смысла в действиях, как вдруг… это было невероятно. На протяжении всего фильма следовать одной сюжетной линии, параллельно раскрывая героев, чтобы в финале разоружить зрителя. Хорошо.

Убийца возомнил себя Богом? За что он карает грешников? Мотивы очень религиозные, что навивает на мысли о книгах Дэна Брауна. Интригующий фильм, необычные карательные меры, хороший актёрский дуэт Фриман-Питт и бонусом милая Гвинет Пэлтроу. А также удивил появлением Р. Ли Эрми, знакомый нам по «Цельнометаллической оболочке»."
"8,0",Семь 1995,"Этот фильм, из тех фильмов которые нравятся практически всем. И даже не стоит пытаться понять, почему так получилось и что в нем такого особенно. Все ясно и без детального анализа. Просто можно заявить, что в нем выпала целая совокупность факторов. Выпала и слилась в одном фильме, создав что-то действительно внушающее уважение. На этом фоне даже какие-то недостатки теряются. Ага, они тут тоже есть, и их обычно стараются не замечать. Впрочем, предлагаю по пунктам разобраться. 

Начать, наверное, стоит с самой атмосферы в которой разворачивается действие. Первое, что бросается в глаза в этом фильме - она действительно задевает за живое. Абстрактный город в фильме, который вобрал в себя основные черты всех мегаполисов Америки. Чуть-чуть от Нью-Йорка, Чикаго и прочих крупных городов. В нем вечно идет дождь, он весь какой-то серый, мрачный и гнетущий. При этой своей серости он отдает каким-то пафосом и монументальностью. Старые здания соседствуют с какими-то небоскребами. Если вдруг и встречаются невысокие домишки, то все равно на заднем плане проявляется что-то высокое. И это тоже давит на зрителя и героев. Черты нуара тут выглядывают из-за каждого угла. Сразу настраиваешься на что-то жутковатое. На какие-то игры разума, поединок умов и психологии. 

А актеры? Они тут просто великолепны и отыгрывают свою роль просто на самый высший балл. Уставший, мудрый детектив, который пытается остаток своего срока на работе протянуть с честью и достоинством, не оставляя за собой никаких хвостов. Поэтому он совершенно не хочет оставлять за собой незаконченное дело. И молодой, горячий новичок. Ну, как новичок - уже бывалый полицейский, но все еще старающийся всем вокруг доказать свои умения, не желающий мириться с презрительным отношением к себе. Об этом не говорят в фильме, это просто понимаешь по их поведению и внешним проявлениям чувств. Сразу можно ставить большой жирный плюс. 

Еще тут неплохой сюжет, с неожиданными поворотами, с концовкой, которая действительно бьет под дых любого неподготовленного зрителя. И сам процесс разгадки дела, по крупицам оставленных подсказок - он заинтересовывает. Этот фильм я смотрел несколько раз. И вот тут вступает в силу одна моя особенность. Через некоторое время мне становится скучновато смотреть один и тот же фильм, и поэтому мозг начинает искать детали. А после этого фильм становится немного... иным. Фильм, которые не способен ответить на простые вопросы, уже немного теряет для меня в своей привлекательности. Да, именно поэтому оценка такая не очень высокая. Ну и плюс, если долго смотреть на детали, то замечаешь, что для манипуляции чувствами зрителя тут используются вполне себе нехитрые манипуляции. Что тоже очков этой истории не добавляет. Типа - как этот бедный город еще не утонул от такого количества дождя? Или - как этот хитрый маньяк смог так точно рассчитать время, когда мелкого жулика найдут полицейские? Да, при первом просмотре этого не замечаешь. Но вот потом…

Так что да, этот фильм - действительно внушительный и надолго оставляет впечатление от просмотра. Да я до сих пор помнил все эти ощущения от просмотра, хотя смотрел этот фильм чуть ли не несколько лет назад. Мне кажется, что это в фильмах главное - чтобы они запоминались, вызывали какие-то чувства, поражали. И этот фильм - он из таких. Да, в нем есть логически провалы, какие-то натяжки и «глюки». Но признайтесь, что вы будете вспоминать в конце фильма – вопрос, почему город еще не утонул, или то, как реагирует главный герой на содержимое коробки?"
"9,0",Семь 1995,"Мрачный, отвратительный и безусловно разрушающий стереотипы многих триллеров, фильм «Семь»

Одна из самых спорных, но в то же время отлично сделанных работ, Дэвида Финчера, до сих пор подвергается многочисленной критике, однако все еще остается одним и лучших триллеров 90-х, по мнению большинства. Единственным, вернее самым наглядным минусом является не особо удачная игра Бреда Питта, но если не заморачиваться на этом и принять его персонаж раздражительным и немного неопытным детективом-позером, то Питт справился.

Ну раз справился Питт, то и про Моргана Фримена и речи быть не может, он сыграл, великолепно и его актерская игра не оставляет сомнений. У них с Питом получился интересный тандем.

Два напарника-Две противоположности

То-что Сомерссет и Миллз абсолютно разные, идет картине только в плюс.

С детективами-героями разобрались, а кто же антагонист? Он маняк в мрачном и пропитанным «грязью» городе, много лет он готовил план и отлично подготовился, ведь он считает себя рукой Господа и по меньшей мере семь человек могут пострадать, он идет за ними. Вышел на охоту и это его игра. Маняк в тайне наблюдает за вами детективы, но вы и понятия не имеете как все серьезно.

Ночью смотреть фильм детям до 18-и не советуется, да и вообще не советуется детям.

Вся эта атмосфера, эти разговоры о трупах, религии, пытках и содомии, в сопровождении с мрачной и монотонной музыкой заставляют зрителя покрываться мурашками. Понравится ли фильм зрителю, или нет, решать ему, но определенно, он посмотрит его до конца.

Таков уж человек и плод Евы сладок, а люди любопытные они досмотрят картину и чувства будут смешаны.

Задний план и декорации тоже соответствуют фильму, все мрачно и нуарно, смотря на Бэкгрануд, зритель может подумать, «Хмм, а не тут ли живет маняк? А может и тут? Черт побери, да весь город пропитан скверной» Вот чем важен Бэкграунд."
"10,0",Семь 1995,"<strong>Один</strong> просмотр всего второй после «Чужого 3» (1992) режиссёрской работы Дэвида Финчера «Семь» (1995) раздирает сложившееся мировоззрение на куски, как переизбыток еды разрывает желудок ненасытного обжоры. Ужасает неприглядной бренностью обычного сегодня существования, как приводит в содрогание с рождения красивую девушку жить дальнейшие долгие годы с изуродованным лицом и под гнётом отвращения любопытных. Полосит по душе при мысли о типичности, которую сценарист Эндрю Кевин Уокер срисовал с современного тогда Нью-Йорка, как «зажравшийся» чиновник водит ножом по своему телу, чтобы заплатить за ошибки собственным жиром. И не оставляет равнодушным к полярным позициям героев, всего лишь гиперболизировано выражающих разные мнения миллионов. 

<strong>Два детектива</strong> – сдержанный ветеран сыскного дела Уильям Сомерсет (Морган Фриман) и эксцентричный новичок Дэвид Миллз (Брэд Питт) – расследуют серию загадочных убийств. Жертвы не связаны между собой и мотивы преступника туманны, пока… Пока не обнаруживаются намёки, подсказки последнего для своих преследователей. Расследование сразу приобретает оттенок игры с семью ступенями к финалу. У детективов есть семь дней, семь жертв и семь грехов человеческих: чревоугодие, алчность, ленность, прелюбодеяние, гордыня, гнев и зависть.

<strong>Три</strong> стандартные составляющие оголяет именно второй просмотр картины, который уже свободен от шокирующей эйфории концовки, на которой так настаивал в своё время Брэд Питт, грозясь даже отказаться от роли в противном случае. Возвращение к ленте через время вспарывает ту самую <em>ошарашивающую картинку</em>, аккуратно вышитую иглой <em>впечатления</em>, и обнажает канву. Канву избранного режиссёром жанра <em>неонуара</em>, состоящую из продольных нитей пессимизма и поперечных им цинизма, которые аккуратно проходят как через сценарий, так и через атмосферу. Крахмалом, придающим твёрдость полотну, служит детективный сюжет с впечатляющими кадрами жертв религиозного… маньяка?.. скорее фанатика. А в качестве краски, придающей привычный вид холсту вышивальщиц, выступает актёрский состав в лице уже тогда громких актёров Моргана Фримана, Брэда Питта, Кевина Спейси и Гвинет Пэлтроу.

<strong>Четыре</strong> своеобразных кита, актёры, держат на себе не фильм, но сюжет. Они играют нужные образы сообразно той однобокости и примитивизма, какими могут похвастаться их герои. Мудрый и уравновешенный детектив без пяти минут на пенсии Сомерсет от Моргана Фримана. Противостоящий ему по характеру взбалмошный, самоуверенный и несерьёзный новичок Миллз от Бреда Питта. Сама нежность, наивность и воплощение любви до самоотречения от Гвинет Пэлтроу. И преступающий закон человеческий для исполнения миссии «божественной» тот самый религиозный фанатик от Кевина Спейси. Основополагающие амплуа в исполнении актёров просматриваются так же просто, как понимаются прозрачные образы добра и зла в детских сказках. Однако не продуктом бесталанности или пренебрежения является подобное воплощение действующих лиц в «семёрке» Финчера. Они всего лишь выступают фоном, как и одинаковые тёмные закоулки улиц, покров ночи, продирающая до нутра музыка Говарда Шора, занудство полицейского участка, обезображенные трупы-макеты, к основной идее фильма. Идее, ради которой Финчер, кажется, и снял этот фильм, а сценарист написал сценарий. Подобно Виктору Гюго, создавшему целое произведение «Человек, который смеётся» (1869) из-за одной страницы речи Гуинплена в Палате лордов о несогласии с принципами английской аристократии, угнетением народа и умалением достоинства людей. 

<strong>Пять процентов</strong>, практически пять минут от всего фильма Дэвида Финчера и, наверное, тот же один лист бумаги в сценарии занимает сравнительно длинный диалог в финале двух сторон – закона и доведённой до радикализма религии – о сумасшествии «посланника Бога», призванного очистить мир от грешников, и невинности всех его жертв. Что может привнести хорошего в мир проститутка, давно разложившаяся морально сама и потакающая пошлым фантазиям с виду примерных семьянинов? Или толстяк, что на протяжении долгих лет строил огромную жировую стену между собой и обществом, собой и окружающим миром? Или адвокат, защищающий и выпускающий на свободу убийц, маньяков и воров, только бы гонорар был хорош? С другой же стороны, порой бывают вполне оправданные причины, которые в итоге, бывает, доводят до далеко не оправданных убеждений и привычек. Да и вправе ли кто-то даже из лучших побуждений отнимать жизнь? Особенно на религиозной почве? Разве это уже не нарушение одной из заповедей «не убей»?

<strong>Шесть</strong>, в итоге шесть трупов неизбежных кидает фанатик, как кость собакам, детективам и всему миру через СМИ. Если животные учатся понимать через желудок, то для людей, как это правильно понял преступник (за которым стоят сценарист с режиссёром) популярным объяснением непременно служит трагедия. И хорошо, если она будет кровавой, жестокой, циничной и неизбежной. Разве не поэтому в любом институте и системе начинаются какие-либо проверки и изменения только после единичного, но вопиющего случая несправедливости и нарушения? Вот и герой Кевина Спейси через своих жертв пытается достучаться до общества, показать длинным и костлявым пальцем смерти на зловоние устоявшихся ценностей, их гнилость и гнусность. И одну жертву, самый лакомый кусочек, проверяющий эффективность дрессировки собаки, он, своеобразный миссионер, не позволяет, но предлагает спасти детективам, которым нужно всего-то отказаться от падения в бездну Данте Алигьере.

«<strong>Семь</strong>», наверное, самая противоречивая работа Дэвида Финчера. Нередко у зрителей возникают претензии к логике фильма на том основании, что если озабоченный религией человек готовил свои преступления не менее года, то как он смог включить в свою «высшую» миссию Миллза, приехавшего всего пару дней назад. На этот вопрос легко отвечает тот самый второй просмотр, более вдумчивый и размеренный. Дважды, если не трижды зрителям повторяется, что небывалая удача новичка в поимке преступника, заставляет, даже вынуждает убийцу изменить свои планы. Однако противоречивость заключается не в логике, которая как раз в фильме присутствует, а в смысле. Потому что лента предлагает только две крайности этого спора: защищать или уничтожать? И каждая по-своему одинаково абсурдна и рациональна. Режиссёр же – тогда с опытом старшеклассника режиссуры, но уже с мудростью сэнсэя –  малозаметно, немного подло, но бескомпромиссно подталкивает зрителя к рассуждениям и, может, даже фатальному выбору, где третьего не дано."
