rating,title,text
"10,0",Одноклассники 2 2013,"Приятно удивил фильм «Одноклассники», своим юмором и общей постановкой фильма. С нетерпением ждал продолжения фильма, и вот наконец то он вышел. До просмотра, прочитал много рецензий и комментарий к фильму, больше отрицательных. Но, как не странно, фильм понравился.

Первое, что зацепило в фильме, это суть дружбы. Группа одноклассников, которые с самой школы вместе. Согласитесь, не многие могут похвастаться в наше время, что смогут собраться со своими старыми друзьями и закатить вечеринку, в стиле 80-х?! А в фильме можно увидеть, как друзья относятся друг к другу с улыбкой и постоянными шутками. Время идет, года проходят, а пронести дружбу в душе намного сложнее, нежели на словах. Понравилось так же, что время не отставляет отпечаток на их сердце они по прежнему выглядят молодыми и энергичными, хотя бы в душе.

Второе наверное, это семья. Реакция Сэндлера, на четвертого ребенка. Он не как не хотел это принимать и что то менять в своей жизни, но в конце фильма понимает, что семья это не только то, что ты ждешь и желаешь видеть, это еще и то, что то можешь принять и любить всем сердцем. Моменты фильма, когда каждый ребенок начинает проявлять свои таланты, кто то петь, кто играть на синтезаторе. Понравился сам результат того, что каждый человек, необыкновенный и единственный для своей семьи.

В общих чертах, юмор местами плоский и не совсем уместный, возможно было сделать более аккуратнее. Смысл фильма понятен и интересен. Мне понравилось, было весело и есть над чем задуматься. Советую всем, кто не видел!"
