rating,title,text
"3,0",Каратэ-пацан 2010,"Фильм «Малыш-Каратист» стал для многих, да и для меня, в том числе культовым фильмом. История о том, как подросток попадает в новые обстоятельства, натыкается на грубиянов, изучает у таинственного старичка искусство карате и побеждает своих обидчиков на турнире. Ну, или если вы хотите пойти по пути Барни Стинсона - это история целеустремленного паренька, которого выскочка-новичок лишил всего. В этом-то, пожалуй, и один из плюсов этого фильма - его можно рассматривать и так и этак. Что, кстати, подтверждается и недавно вышедшим сериалом - «Кобра-Кай». Так вот, вот этот фильм, о котором я сейчас - это тоже своего рода дань уважения. Как там говорилось - «копирование-высшая форма лести». 

Правда вот именно здесь эта лесть вышла такой себе. Она простая, банальная и на удивление скучная. Как будто создатели решили просто скопировать форму, совершенно не задумываясь о содержимом. Там, где к героям первоисточника зрители испытывали какие-то чувства, в этом фильме ничего подобного испытать не получится. Сразу говорю, большая часть проблемы - в выборе актера. Ну не умеет сын Уилла Смита играть. То есть вообще. За ним не интересно наблюдать, ему не сочувствуешь. Хм, его обижают злобные китайские дети - да пофиг вообще. Он находит себе учителя - совершенно не интересно. Он участвует в турнире – без разницы. Но в этом есть и вина режиссера. Он просто скопировал все сюжетные ходы первоисточника, но при этом не задумался - а откуда в них берутся чувства, чем их смогли вызвать? Ну не потому же, что мальчишка видел, как девушка гипнотизирует змею. И не потому, что учитель заставляет его вешать и снимать куртку в течение нескольких дней подряд. 

Кстати, это отдельный большой пласт проблем этого фильма. В первоисточнике, преподаватель вполне логично объяснял смысл его тренировок (наносишь воск, красишь забор) тем, что они оказываются базовыми движениями, от которых идет и все остальное. Здесь же персонаж чуть ли не внезапно получает возможность крутить сальто и обретает чувства супергероя, буквально после нескольких тысяч наклонов и движений руками. Не знаю, как это воспринимается теми, кто не видел первой части, но по мне - слишком уж надумано. Да, в предыдущем варианте это тоже было нелогичным, и слишком уж быстрым, но здесь это буквально молниеносно. Да и в сложность исполнения всех этих кунг-фу (интересно, кстати, почему этот фильм называется - каратист, если тут кунг-фу?) трюков она будет повыше, чем простых ударов карате. 

Ну а в остальном - это все практическая калька. Только, я бы назвал её бездушной. Эти персонажи не выглядят живыми. Я, конечно, понимаю действия эффекта ностальгии на мое восприятие, но даже без его учета - старый фильм гораздо интереснее и атмосфернее. Да, тут даже Китай показать нормально не смогли. В дело вступает все тот же стереотипный взгляд на страны. Если Китай, то обязательно китайская стена, где тренируются главные герои, обязательно монастырь в горах, где китайские монахи изучают кунг-фу, ну и тому подобные достопримечательности. Но они блеклые. Да, показали Китайскую стену, но так, что это воспринимается как - «ну да, куда же без этих кадров», а не «офигеть, какая красотища». Вот как так можно было? В том же «Токийском Дрифте» сюжет  «чужак в чужом краю» раскрыт гораздо интереснее и захватывающе. 

В общем – на мой взгляд, совершенно бесполезная попытка сыграть на чувствах ностальгии зрителей. На фоне различных ремейков и переделок – может быть и не особо плохая, бывало и хуже. Но мир бы вполне обошелся без этого фильма. Особенно обидно за Джеки Чана."
"7,0",Каратэ-пацан 2010,"Двоякое мнение возникло после просмотра. С одной стороны история слишком лёгкая, предсказуемые эпизоды и продвижение Джейдена Смита в сольной карьере. Но с другой – приятно видеть, что простую историю украшает Джеки Чан, что фильм мотивирует.

Нас знакомят с матерью и сыном, которые вынуждены переехать в Китай. Мать-одиночка, которая старается хоть как-то заработать, вынуждена проводить большее время на работе. Мальчик Дре особым талантом не блещет, но должен смериться с культурой востока и познать на себе тяготы и невзгоды подростка в новом обществе. Смесь культур – Детройт и Пекин – представлены весьма оригинально. Герой старается найти своё место в новом обществе, но ему это не сильно удаётся.

Молодёжная травля подростков, сложные взаимоотношения со сверстниками. «Грубый век. Грубые нравы. Романтизма нету». Фильм даёт полное осознание одиночества героя в стране с самой большой численностью населения в мире. Какая ирония, а?! Но ударить в грязь лицом не позволительно, поэтому за себя постоять стоит. Пару конфликтных моментов раскрывают характер героя, и ты затрудняешься дать оценку персонажу Смита – он не привлекает, он нарывается на неприятности, но в тоже время он не пускает нюни и не бегает жаловаться. Тем более, раз это Китай, то все его сверстники владеют каратэ – вот, ключевое различие.

Сюжет умело вписывает боевые искусства в повседневную жизнь. Мало того, что драться умеет каждый подросток, так ещё в Пекине проходят ежегодные соревнования лучших из лучших бойцов. И Джейден не был бы сыном Уилла, если бы его роль обошла стороной такое шоу. Не стоит думать, что пацан попал на всё готовое. Благодаря одному скромному человеку, случайно оказавшемуся неподалёку от места избиения Дре, мы получаем неплохую химию между учеником и учителем.

Дамы и господа, позвольте представить – Джеки Чан! Эта роль произвела фурор по нескольким причинам: во-первых, Джеки в силу возраста, отошёл от главных ролей, стал наставником, мастером; во-вторых, он тренирует сына Уилла Смита, возможно, без магии папаши такой каст и не состоялся бы, но когда в твоём дебютном фильме играет Джеки Чан – это выглядит потрясающе.

Процесс обучения и закалка характера Дре не удивляют. Бурный нрав, вспыльчивость. Тренировки напомнили мне Йоду и Люка Скайуокера – великий магистр и нервный ученик. Сказать, что Джейден впечатляет игрой? Да не особо! Местами видна такая халтура, что Джеки берёт все симпатии на себя. Вообще мистер Чан может спокойно стоять и наблюдать в стороне, а ты уже будешь радоваться, как ребёнок, одному его присутствию. Желание дать отпор хулиганам перерастает в участие в соревнованиях! Ну, кто бы мог подумать?!

Сюжет предсказуем, Джейсон слабый, он под крылом папы в «В погоне за счастьем» был более интересным, а как стал подростком, то заболел «звёздной» болезнью. Джеки Чан – украшение проекта, он поднимает планку этому фильму. Повествование идёт слишком быстро, ты не успеваешь привыкнуть к одному статусу персонажей, как их уже поднимают на новый уровень. Раскрытие героя? Так, пару минут уделили. Скомкано.

Картина подойдёт всем поклонникам Джеки Чана. Эта его роль стала переломной, потому что ты видишь героя детства не человеком, которого невозможно победить в комнате полной мебели, а мудрецом и учителем, который даёт наставления и подготавливает молодое поколение."
"7,0",Каратэ-пацан 2010,"Захлестнувшая в 2010-х годах волна римейков-перезапусков Голливуда, всё-таки протянула свои загребущие руки до франшизы «The Karate Kid». Оригинальная картина 1984 года (https://www.ivi.ru/watch/129803/ ) повествует о мудром сенсее, который странными методами обучает подростка каратэ для победы в чемпионате, помогает в завоевании сердца любимой девушки и, наконец, наделяет смелостью дать отпор зазнавшимся хулиганам, которые не постигли истинного смысла единоборств. 

Сценарист Кристофер Мёрфи изменил фабулу, видимо, с целью обеспечить интерес для юных зрителей. Таким образом, оригинальная версия подросткового «Рокки» превратилась в насыщенную CGI-графикой и слегка затянутую картину о странном чернокожем мальчике, который пытается стать мастером кунг-фу.

Отличия с оригинальным фильмом весьма существенные. Во-первых, 15-летнего подростка из оригинала заменили на 12-летнего Джейдена Смита. Очевидно, что более юный герой привлечёт на фильм и более юную аудиторию. И, конечно, позволит избежать некоторой наивности, которая органично смотрелась в оригинальном «Каратэ Пацане» и выглядела бы нелепо в новой версии. Так что этот ход сценаристов вполне оправдан, и я его поддерживаю. 

Во-вторых, изменение места действия с Южной Калифорнии на Китай с целью ещё более раскрыть характер персонажей. Однако, при всём при этом, характер раскрывается разве что у Мистера Хана (в исполнении Джеки Чана). Особенно с альтернативной концовкой (если вы всё же собираетесь смотреть этот фильм, то разыщите бонусную концовку — не пожалеете).

Да, у нового «Каратэ Пацана» есть и недостатки. Некоторые боевые сцены, пара сюжетных дыр. Но если учесть, что этот фильм выпускался для детей, а не для подростков и взрослых (в отличие от оригинальной картины), то всё не так плохо. Если у вас ребёнок возраста главного героя, то ему точно понравятся приключения афроамериканского парня в Китае."
