rating,title,text
"10,0",Маленькая мисс Счастье 2006,"Пухлой малютке-очаровашке Оливии очень хочется победить в детском конкурсе красоты. Но не всем это кажется разумной идеей.

Отец, неудачливый бизнес-тренер, считает свою дочку неуклюжим лузером. Брат Двэйн принял обет молчания ради того, чтобы стать пилотом. Дядя Фрэнк только вышел из больницы - резал вены из-за неразделённой любви к коллеге-аспиранту. На стороне девочки только дед, бывший наркоман, да мать, чья цель - счастливая семья. Крайне далёкая от реальности цель.

Однако, когда малышке Оливии выпадает шанс поучаствовать в конкурсе Маленькая Мисс Счастье, члены семьи собирают сумки и отправляются на стареньком фольксвагене в солнечную Калифорнию - место, где исполняются мечты.

Будем откровенны, в обычном мире мы бы назвали этих героев неудачниками. Да и сюжет не на их стороне: с каждой минутой на героев сыпятся новые беды из Рога Неудач. Но, как ни странно, малышка Оливия откроет нам глаза: счастье и успех - совсем не то, что мы себе представляем.

Кто сказал, что счастье - быть успешным бизнес-коучем? Кто сказал, что жизнь кончена, если ты не сможешь стать лётчиком?  Кто сказал, что счастье - в идеальной семье без ссор и притирок? Герои понимают, что всё это время они боролись не с миром, а с собой. Точнее, со своим несоответствием идеалам этого мира.

Финал этого фильма мы во всей красе видим на конкурсе красоты. Добравшись до места назначения, герои видят претенденток на приз. Яркие, перекрашенные девочки в обтягивающих костюмах кривляются и вытанцовывают на сцене ради того, чтобы их толстые мамы порадовались призам и потешили собственное самолюбие.

И это - настоящее счастье?

С семьёй малышки Оливии мы понимаем: счастье гораздо тоньше. Это не пластиковый приз дурацкого областного конкурса, это душевное, уникальное для каждого состояние. Никто не говорит, что достичь его легче. Но достаточно осознать, что ты имеешь на него право, такой, как есть. Даже, если ты не станешь лётчиком. Даже, если твою любовь отвергли. Даже, если твоя семья далека от идеала, а ты так и не стал успешным бизнес-коучем. И даже, если ты - маленькая и толстая девочка, чей танцевальный номер ставил дед-наркоман. Но порой, чтобы это понять, порой приходится проехать тысячи километров на разваливающемся фольксвагене...

Или посмотреть этот фильм.

Режиссёры - счастливая супружеская пара Джонатан Дэйтон и Валери Фэрис. ""Маленькая мисс Счастье"" стал первым из двух их полнометражных проектов, тепло встреченных публикой фестиваля Сандэнс - одного из крупнейших фестивалей инди-муви. Их первый фильм был настолько успешен, что студия Fox Searchlight купила права на прокат прямо на фестивале за 10 с половиной миллионов долларов (читай, много денег). Второй фильм, Руби Спаркс, тоже невероятно ламповый, хоть и не такой успешный.

И немного пройдёмся по касту.

Стиву Каррелу, комику, в этой трагикомедии досталась трагичная роль. Он и есть тот самый дядя-суицидник, переживающий несчастную любовь. Эта роль выбивается из его обычных амплуа, и тем она милее - ему веришь и сочувствуешь. После этого фильма его карьера взлетела - он снялся в главной роли в сериале Офис и в бесконечном числе комедий. 
Пол Дано стал открытием фильма. До этого он перебивался вторыми ролями в кино для домашнего просмотра, но потом вышел на передний план. Теперь его одинаково привечают и инди-режиссёры, и мастистые профессионалы . Его последние фильмы - отбитая инди-комедия ""Человек-перочинный нож"" и фильм классика Паоло Соррентино ""Молодость"".

Малышка Оливия, Эбигейл, не стала великой актрисой, но превратилась в прекрасную девушку. Из успешных проектов пока только ""Королевы крика"", но пути таланта неисповедимы - вдруг ещё блеснёт?
Фильм рекомендован к просмотру всем, кто хочет найти своё счастье и освободиться от комплексов."
"8,0",Маленькая мисс Счастье 2006,"Какой же хороший это фильм. Такой добрый, настоящий. Я заканчивала его смотреть со слезами счастья на глазах.

У Олив есть мечта — попасть на конкурс красоты «Маленькая мисс Счастье». И судьба даёт ей такой шанс. НО! Столько преград появляется на пути у маленькой девочки и её семьи.

Этот фильм я видела во многих списках к просмотру. И поверьте, он туда попал не зря. Смотрите, не раздумывая. Этот фильм ужасно хорош.

Чего мы больше всего боимся в этой жизни? Можно по-разному ответить на этот вопрос. Но мне кажется, всё сводится к одному. Мы боимся быть счастливыми. Просто быть собой. Со своими недостатками и неудачами. Всё смотрим по сторонам, думая, что так правильно.

НЕТ!

Правильно только так, как хочется тебе самому.

Именно об этом фильм. О вере в себя. О неудачах, что постоянно встречаются у нас на пути. О недопонимании со стороны окружающих. И о вселенской любви внутри семьи. Никто и никогда тебя так не поддержит, как эти люди.

И что самое главное, все совершают ошибки. Но в семье не отворачиваются друг от друга. Они прыгают в эту лужу грязи вмести с тобой.

Счастье — это просто. Счастье — это люди, что тебя любят. Счастье — это все страдания, что делают тебя собой. Счастье — это целая жизнь. Счастье — это маленькая рука на плече.

Я люблю такие фильмы. Всё просто и легко. Но так задевающе за живое.

Я смотрела на их семью и думала, как же всё сложно. Совсем запутались. Брак, кажется, распадается. Но я совершила большую ошибку, всё неправильно поняв. Все мы оступаемся, да и не раз. Но не у каждого найдутся силы улыбнуться своей неудаче.

Каждый раз, когда я пишу рецензию, хочу сказать больше. Но не хочу лишать удовольствия тех, кто ещё не смотрел. Да и просто в этом деле важно увидеть, услышать, понять. А не прочитать у другого. Мне бы и хотелось описывать сотни моментов. Но я как-то осознала, что всё самое смачное всегда оставляю себе. Чтобы никому не рассказывать.

Как самый вкусный десерт, который я не буду фотографировать. Просто скажу, что я очень люблю яблочный штрудель. А кому-то потом всплывёт в голове, и счастью не будет предела.

Так и с этим фильмом. Я просто Вам скажу, что мне очень понравился фильм «Маленькая мисс Счастье»."
"10,0",Маленькая мисс Счастье 2006,"Каждая семья – это маленькая война. За территорию, уважение, любовь, внимание, право голоса и возможность выбора. Иногда эта война так утомляет, что хочется выбрать другую семью. Не каждый способен выдержать тонны «цемента» несчастий, которые причиняют нам боль. А ведь этот «цемент» надо перерабатывать, делать из него скрепляющий раствор... как это сделала семья Олив Гувер, маленькой девочки, которая хотела стать «Маленькой Мисс Счастье».

Есть семья: Ричард – папа, он создал программу «9 шагов к успеху», в которой основным тезисом является то, что мир делится на победителей и неудачников. Шерил – мама, она так набегалась с детьми, проблемами брата и мужа, что нет даже времени приготовить что-нибудь на ужин. Дедушка нюхает героин, кроет матом всех и каждого, и уверен, что секса никогда не бывает много, особенно если тебе 15 лет. 15-летний Дуэйн молчит уже 9 месяцев и читает Ницше, а его дядя Фрэнк недавно переехал в их общий дом после неудачной попытки суицида. В тот день, когда вся семья собралась отведать курицы из фаст-фуда, на автоответчике обнаружилось сообщение о том, что маленькая Олив прошла отборочный тур и может участвовать в конкурсе красоты «Маленькая мисс Счастье». Тут-то все и сошлось. 

Душевное кино, то, которое льется ручьем прямо в сердце – тонкая вещь, словно пелерина из пуха ангорского кота, дунешь и – разлетится. В таком кино у режиссера нет времени на закадровую болтовню о событиях давно минувших дней, нет времени на диалоги о смысле жизни на Марсе, нет ни одной лишней секунды на зловещие паузы и появление «спасителя» извне. В таком кино всё внезапно, хотя оно может быть очень медленным по ритму. В таком кино необходимо показать характер через две-три фразы, а иной раз их важно и вовсе не произнести! Тот смелый шаг, за который Эбигейл Бреслин выдвинули на «Оскар», я вам не открою, смотрите сами, но быть непосредственной в балагане, спасением от коего могут хорошо послужить лишь наушники, великое дело. Алан Аркин, не сказавший за свою короткую роль («Оскар» за лучшую второстепенную роль) ни одной фразы без матерного слова, достоин оваций – этот пыльный образ невыносимого старика мало кому приходится в пору, а на многих выглядит нелепо. Дуэйн (Пол Дано) – самый трезвомыслящий персонаж, общающийся посредством блокнота и ручки, которой он гневно стучит по столу, соглашаясь снизойти до глупых предков. Именно он подсказывает Олив, в какой момент маму необходимо обнять... Фрэнк (Стив Карелл) – ученый, который мог бы стать «номером один», но стал неудавшимся самоубийцей, к финалу улыбнется и будет танцевать, а вы захотите присоединиться. 

Семья - все, что у них есть, да, они сами: колючие, несносные, доставшие друг друга до смерти, но в моменты ливня из черных полос они прижимаются тесней; знают, что будут изранены от такого единения, но у них нет выбора, потому что побеждают те, кто любит."
