rating,title,text
"6,0",Смешарики. Начало 2011,"В жизни многих мультсериалов наступает момент, когда они превращаются в полнометражный фильм. Причин тому масса – заполучить новых поклонников, собрать деньги с уже имеющихся, эффектно ввести новых персонажей, чтобы потом продать побольше игрушек и прочей продукции. Стоит ли говорить, что цель создать качественный мультфильм, стоит далеко не на первом месте. Логично, с точки зрения создателей, и очень печально с точки зрения зрителей. Особенно тех, которые начали любить «Смешариков» ещё тогда, когда они были двухмерными мультиками по 5 минут. 

Нельзя сказать, что первый полнометражный мультфильм про круглых зверей, являющийся приквелом к сериалу, совсем уж плох. В нём есть отличная пародия на супергероя и местами действительно смешное высмеивание супергеройской тематики. Есть интересные и запоминающиеся второстепенные – особенно «киношный» противник супергероя, пародирующий доктора Калигари. К тому же мультфильм не раз заставил улыбнуться или посмеяться, что тоже очень хорошо.

А вот чего в мультфильме нет, так это всего того, за что полюбился двухмерный мультсериал. А именно проработанных главных героев – создатели решили запихнуть в сюжет сразу всех Смешариков, а потому даже полнометражному фильму не хватило времени, чтобы раскрыть их разносторонние характеры. Вследствие чего проработанные персонажи сериала слились в невыразительную массу, даже приблизительно не похожую на первоисточник. 
Нет логичного сюжета – завязка полнометражного мультфильма выглядит невероятно глупо и выставляет далеко неглупых персонажей сериала как наивных дурачков, никогда не видевших телевизора и не знающих о существовании мира вокруг них. Да и далее по сюжету возникает масса не менее глупых и нелогичных моментов, наталкивающих на грустные мысли о том, что мультфильм для всей семьи превратился в мультфильм исключительно для детей, желательно ещё и не обладающих критическим мышлением. Или же на тех, кто сериала вообще не видел. 
Нет в мультфильме и милой душевной атмосферы – перенос событий из маленького поселения Смешариков в огромный город был не самой удачной идеей. Однако в этом легко можно углядеть ироничный символизм – Смешарики оказались выкинуты из своего уютного мирка-сериала и попали в безжалостные лапы студии, которой неважно что и как снимать, лишь бы зрители приносили им за это деньги. По сюжету герои мультфильма конечно же спасутся сами и спасут своих друзей. Но вот в реальности не всё так радужно, и студия уже оседлала прибыльную лошадку. Уже вышел сиквел, значительно уступающий в качестве первому фильму, скоро нас ждёт ещё один, а за ним, скорее всего последует ещё несколько…

Несмотря на все свои недостатки мультфильмы не вызывает бурного негодования, желания кидать в экран тухлые помидоры и кричать о том, что студия опорочила замечательный сериал. Это просто мультфильм – где-то смешной, где-то глупый. Но не скучный и даже вселяющий желание увидеть продолжение и наивные надежды, что это только проба пера, и следующий полнометражный мультфильм окажется лучше. Увы, надеждам этим не суждено сбыться."
