rating,title,text
"8,0",Изгой 2000,"Кинокомпания «двадцатый век фокс» представляет, (сказал кто-то с зажатым носом), шутка поехали дальше.

Роберт Земекис, в этой истории, не покажет Фореста Гампа и тем более кроликов, которых хотят подставить ужасным образном, нет, Земекис покажет известную историю о Робинзоне, покажет на свой лад и его сеньор Робинзоном будет талантливый Том Хэнкс. История о Чаке Ноланде, который попадает на необитаемый остров не нова, но если снимает хороший режиссер и тем более собрана талантливая команда, то посмотреть все же нужно.

Более интересно, что герой Тома Хэнкса неисправимый практик и педант, вот начнется интересное и для него, а также для нас, когда он попадет на необитаемый островок. Но до этого, мы можем анализировать персонаж Тома Хэнкса, до этих событий, до острова. Пафосные речи про «86» часов, или что-то в этом духе не важно, важна подача самой идеи, то как Том Хэнкс верит в себя и в свой талант, как будто пытается доказать, что отлично играет, но этого и не надо и так знаем. Почти что фильм одного актера, но удивительно затягивающий, а обычно сложно смотреть подобного рода фильмы более одного раза, на вкус и цвет, но «Изгой» явно не в этом числе.

Речи про велосипеды и посылки закончены.

Работа и еще раз работа, вот что заботит Чака сейчас, вдобавок ко всему еще и зуб болит, ай-ай, ну что поделать, таков уж график рабочего службы доставки. И вот он в самолете и нас развлекают речами про «виноградный сок», а на деле же вино, но, это не тот самолет и нам будет дана возможность лицезреть Чака в окружении друзей и любимой девушки, а это не маловажная деталь, узнать Чака Ноланда вне рабочего времени, а ведь кажется, что такие люди вечно работают. Застолье кончилось великолепно, речами про помолвку и отличное будущее, Чак доволен. Жизнь главного героя вне работы и жизнь на работе определенно важна, так-как этот фактор дает проникнутся к персонажу больше и прочувствовать его.

А дальше интереснее, Роберт Земекис будет показывать не свойственный ему жанр, жанр катастрофы и выживает он, герой-Чак. Вся сцена крушения самолет очень важная составляющая фильма, и она была хорошо продумана, эффекты не подкачали, как и факт переживания о герое. Благодаря Тому Хэнксу, мы уже прониклись к Чаку симпатией, это есть хорошо, браво Роберт Земекис!

Чем дальше в лес, тем опаснее и интереснее, так и с фильмом, все вкусное впереди. Переживания, выживание, надежда и игра одного актера начинается, история современного Робинзона начинается, под музыку восхитительного Алана Сильвестри. Сценарий Уильяма Бройлеса младшего начинает разворачиваться во всей красе. 

Картина «Изгой», это история о выживании и надежде, о том, как важно порой изменить привычкам и все ради простого человеческого инстинкта, выжить."
"8,0",Изгой 2000,"Классика Роберта Земекиса всегда будет актуальна, так как катастрофа и отшельничество в фильмах по-своему прекрасны. А Том Хэнкс блистает талантом. Актёр, который снимается только в качественных фильмах, что позволяет и наблюдать интересную историю, и Тома. 

Сюжет знакомит нас с высокопоставленным инспектором службы доставки, который очень пунктуальный, обожает свою работу. Временами строгий, но справедливый. Карьера сложилась, но она забирает драгоценное время у семьи, у любимой женщины. Такой подход очень уместен, учитывая дальнейшие события, занятой человек, которому вечно не хватает времени. 

Внезапная авиакатастрофа меняет все запланированные дела. Оставшись одним вышившим, герой добирается до острова. Так, почему именно он один остался из всех пассажиров ? Мы ведь помним рейс «Оушаник 815» из «Остаться в живых», магия магией (утрирую), но выживших там гораздо больше. Зато теперь всё внимание прикреплено на Хэнкса. Что впечатляет с первых минут на острове ? Это осознание своего существования, осознания потери всех ценностей. Глубина чувств настолько хорошо поставлена, что повергает в эйфорию. Ты следишь за каждым действием персонажа, то, что было в прошлой жизни уже неважно. 

Человек один на один с природой. Можно проводить параллель между «Изгоем» и «Робинзоном Крузо», но первый вариант поставлен в куда более жестокие условия существования. Более скромный участок суши, часть из которой составляют огромные скалы, а небольшой клочок земли заполняют редкие пальмы. Пища ? Что же, для современного человека будет сложно адаптироваться. Представьте себя, цивилизованное общество в мире техники, оказаться в подобной ситуации. Страшно ? Это и есть большой плюс. Просмотр заставляет представить себя на месте героя. Сражение между неумением и инстинктом самосохранения впечатляют. Том идёт на всё, ради выживания. Именно стремление жить служит стержнем. Переборов силы природы и стихию, герой радует. Обустроиться ещё половина дела. Постепенно наступает тоска за оставленным миром. Единственные блага цивилизации, доступные человеку, оказались спрятанные в багаже самолёта, который принесло течением к берегу: женское платье, видеокассеты, коньки и мяч Уилсон. 

Мяч считается главным атрибутом картины. Полное одиночество доводят до того, что персонаж одушевляет этот предмет. Вместе с ним мы научимся довольствоваться минимальным комфортом, с помощью заостренной палки ловить крабов и профессионально открывать «каменную» оболочку кокосов, добывать огонь с помощью трения. «Изгой» является, пожалуй, самым достоверным фильмом о пребывании человека на необитаемом острове и охватывает все аспекты пребывания на нем человека. Актёр идеально передает все переживания и мотивацию своего персонажа, делая особый акцент на разговорах с Уилсоном, который безмолвно наблюдает за всеми делами «друга», однако тем самым заставляя его двигаться вперед в поисках спасения. Нужна поддержка, нужен стимул, а Уилсон всегда рядом. Я считаю данный предмет актёром второго плана, пусть это и выглядит глупо. Но благодаря ему Хэнкс не опускает руки.

Романтические переживания героя Тома оказывают воздействие на выживание. Несмотря на приспособленность жить, несмотря на трогательную дружбу с мячиком, именно любовь к жене придавала необходимые жизненные силы. Каждый день одиночка засыпал, глядя на фотографию возлюбленной. Каждый день он мнил о встрече с ней и представлял радужное совместное будущее. Финал именно любовной темы в картине способен растопить даже самые жёсткие сердца беспристрастных критиков. Потому что это реально, не нужно ссылаться на «такое только в кино бывает». Нет, если на острове жизнь в какой-то степени остановилась, то не в остальном мире. Драма, которая в какой-то мере перекрывает все злополучные приключения героя на острове, показывая, что миром правят не обязанности, ни технологии, а чувства. И в первую очередь нужно беречь их. 

В итоге, «Изгой» является одним из лучших фильмов в карьере как Тома Хэнкса, так и Роберта Земекиса. Несмотря на неторопливый темп повествования, картина смотрится увлекательно от начала и до конца просмотра. Создатели умудрились представить нам поражающе документальное действие без использования новомодных ручных камер и насытили происходящее столь сильной драмой, которая может соперничать со многими классическими любовными романами."
"10,0",Изгой 2000,"<em>У каждого есть что-то, что подавляет его, и, для меня, этой вещью всегда было одиночество. Кино во власти заставить Вас не чувствовать себя одиноким, даже если Вы одиноки. Том Хэнкс.</em>

В 2000 году всё же Том Хэнкс, не смотря на своё недоверие к одиночеству, решается окунуться в него с головой в фильме американского кинорежиссёра, сценариста и продюсера Роберта Земекиса «Изгой». И тем самым эти два гиганта мирового кинематографа на долгие годы вперёд скрашивают одиночество всех покинутых на два часа своей приятной компанией и интересной ""кинофицированной"" беседой о том, как и насколько сильно <strong>затеряны социально-успешные люди в толпе людей</strong>.

По трудоголику Чаку Ноланду (Том Хэнкс) до сих пор плачет «Почта России». Пунктуальный и ответственный инспектор почтовой службы доставки «ФедЭкс»  тратит всё своё время и силы на то, чтобы максимально сократить время развоза посылок. <em>«Время – наш друг и враг.  Нельзя поворачиваться к нему спиной»</em>, – постоянно повторяет Чак. И немудрено, что человек, для которого ещё три часа до конца рабочего дня кажутся ничтожно маленьким промежутком, с трудом в своём графике находит время для личной жизни: возлюбленной, друзей и увлечений. Но наступает момент, когда оно само, время, к которому Чак Ноланд постоянно обращён лицом, с ироничной усмешкой поворачивается к нему… спиной. И, как гласит слоган фильма, «At the edge of the world, his journey begins» или <strong>«На краю света его путешествие начинается»</strong>.

В аннотациях и трейлерах нет прямой отсылки к прославленному «Робинзону Крузо» (1719) Даниэля Дэфо. Однако <strong>мотивы робинзонады</strong> в ленте не галлюцинации капитанов-очевидностей или философов по определению. Сюжет фильма в отличие от книги полностью выдуман сценаристом Уильямом Бройлесом младшим, который, кстати, в будущем ещё создаст с Земекисом в режиссёрском кресле и Томом Хэнксом в одной из главных ролей фильм-приключения «Полярный экспресс» (2004). Но в остальном с этим сравнением можно согласиться не только потому, что в фильме ярко прослеживается тема выживания цивилизованного человека в диких условиях, но и публицистический подтекст, которому начало положил именно Дэфо своим «Робинзоном». Как и книга, фильм по объёму делится почти на равноценные две части, а по смыслу на одинаковые. И первой о суетности бытия, рвении к престижу, ценности придуманных идеалов противостоит вторая об истинной важности того, что мир даёт человеку, чем человек в нём занимается и что из этого выходит. И также в унисон образованному английскому предпринимателю Робинзону Крузо жизнь цивилизованного руководителя Чака Ноланда разделяется на до и после.

Как и любой другой фильм о смысле жизни, но не любой другой фильм Земекиса, эта картина режиссёра не отличается особенной динамичностью и духом авантюризма, какие присутствуют в той же книге Дэфо. Ведь «Изгой» – драма, а не приключения. Однако смотрится лента на одном дыхании даже через 16 лет и более чем 16 просмотров. При этом сложно сказать, что именно профессионализм, мастерство и уже заслуженное громкое имя в кинематографе Тома Хэнкса, как это часто бывает в лентах с именитыми актёрами, спасают весь фильм от краха. Также невозможно утверждать, что исключительно эта работа открыла для Хэнкса двери в клуб элиты Голливуда. Скорее <strong>сценарий и актёр стали друг для друга взаимовыгодными</strong>: Том Хэнкс своей игрой позволяет зрителю прочувствовать всю глубину идеи фильма – жизнь для времени или время для жизни, – а история, в свою очередь, показывает все актёрские грани Хэнкса. Который, кстати, может посоревноваться с Кристианом Бэйлом во внешних метаморфозах: всего за год перерыва в съёмках актёр ради главной роли потерял около 20 кг веса и отрастил густую шевелюру. В этот перерыв команда Земекиса успела снять другую картину: «Что скрывает ложь» (2000).

Сейчас Том Хэнкс коллекционирует печатные машинки. Однако с таким послужным списком ему ряд в ряд коллекционировать свои личные награды, чьим достоинством и количеством может похвастаться далеко не каждый хороший актёр. Задолго до «Изгоя» <strong>Том Хэнкс вошёл в историю, как второй в мировом кинематографе (первым был Спенсер Трэйси), кто выигрывал премию «Оскар» два года подряд</strong>: за роль в картинах «Филадельфия» (1993) Джонатана Демми и «Форрест Гамп» (1994) !Роберта Земекиса! Которым также сопутствовали награды «Золотого глобуса» и Берлинского кинофестиваля. «Изгой» 2000-го года привнёс в коллекцию Хэнкса дополнительные премии «Золотого глобуса» (2001), Берлинского кинофестиваля (2001) и Гильдии актёров (2001) за лучшую мужскую роль, а также премии канала «MTV» за ту же лучшую мужскую роль, лучшую экшн-сцену, лучшую экранную команду и, наверное, самую важную за лучший поцелуй (Том Хэнкс и Хелен Хант).

При этом на общий успех картины у зрителей задолго до премьеры и много после указывает не только имя Тома Хэнкса. Прошлые работы талантливого ученика Стивена Спилберга режиссёра Роберта Земекиса, такие как «Роман с камнем» (1984), трилогия «Назад в будущее» (1985, 1989, 1990), «Кто подставил кролика Роджера» (1988), «Смерть ей к лицу» (1992), «Форрест Гамп» (1994) и многие другие, также заочно свидетельствовали раньше и подтверждают сегодня то, что и <strong>«Изгой» – картина, продуманная от начала и до конца</strong>. На это недвусмысленно указывает «говорящее» имя главного героя, которое при написании C. Noland читается как «See no land» и переводиться, как «не вижу земли». Еле уловимая ирония в песне героя перед костром от группы The Doors «Light my fire» (Зажги мой огонь). Или контраст в его отношении к деликатесному мясу крабов, стоматологу и одиночеству.

В этом аккуратном ироничном ряду должным воспринимается <strong>визитная внимательность Роберта Земекиса и к фону</strong>. Так, без пошлых штампов «Россия – водка, шапка-ушанка, медведь» русский зритель видит Родину в русских именах, паре русифицированных надписях, снеге на Красной площади с Кремлём на заднем плане и матрёшке, а также в малоразличимом Дмитрие Дюжеве в массовке в самом начале. Педантично продуманным оказывается и музыкальное сопровождение от Алана Сильвестри, тоже давнего партнёра режиссёра по фильмам «Форрест Гамп» (1994), «Смерть ей к лицу» (1992), трилогии «Назад в будущее» (1985, 1989, 1990), «Что скрывает ложь» (2000) и в будущем по картинам «Беовульф» (2007), «Рождественская история» (2009), «Экипаж» (2012) и «Прогулка» (2015). Всего 15 минут оригинальной музыки Земекису хватает, чтобы наполнить и фильм, и титры особенным звучанием. Большую же часть фильма – те 103 минуты, что герой проводит в полном одиночестве – по его задумке сопровождает тишина, нарушаемая только редкими репликами самого героя и естественными шумами природы: прибоем, ветром и грозой.

Открытый финал видится также тщательно продуманным в своей законченности. И он намекает не на скорое или позднее продолжение истории Чака, а на жизненный подтекст <em>«на все четыре стороны»</em> с другим взглядом на убеждение: <em>«человек не может позволить себе такого греха, как попусту тратить время»<em>. Жанр фильма, его философия и вывод с разных сторон и путей сходятся в одном – драма. <strong>Драма миллионов</strong> в том, что они, как и Чак Ноланд, тратят своё время не на то, что действительно важно, и возводят в принципы не то, что позволит лучше понять жизнь или прожить её ярко, а на то и то, что займёт только время, или только займёт время. И лучше всего это подчёркивает не вошедший в фильм ответ Роберта Земекиса на самый распространённый вопрос зрителей, что же было в той сокровенной посылке: <em>«Там находился водонепроницаемый мобильный телефон, работающий на солнечных батареях»</em>."
