rating,title,text
"6,0",Медсестра 2013,"Поначалу кажется, что это обычная пустышка, которая смешивает эротические эпизоды с работниками больницы. Первые несколько минут фильма ты только привыкаешь к героям, у главной героини открываются мотивы, якобы убивать неверных мужиков. Это и кажется главной целью картины: обольщение, смерть. Но повествование идёт от самой медсестры, она раскрывает карты посредством диалога.

Новая ассистентка, больше, чем дружеские взгляды на неё и ревность. С точки зрения страсти – фильм попал в точку. Тут нет просто тупого порно, а только флирт, при этом герои развиваются. Конечно, различные операторские планы и костюмы медработников вызывают эмоции, но фильм даёт понять: что это не главное. Тогда что? Расправа с мужиками отходит, по сути, ей уделялось только несколько минут хронометража, а дальше следует нездоровое влечение на однополой основе.

Как медицинский фильм – его не стоит даже ставить в категории. Здесь про лечение больных нет ничего, а только интриги и неплохой сценарий на половине хронометража. Манипуляция, подстава и выпутывание правды – вот, что цепляет при просмотре. Уже бюстом и короткими халатами не завлечь зрителя – это слишком мелочно, но вот достижения своей цели шантажом, подставами и смертями второстепенных героев – это неплохой такой штрих.

Ревность способна сподвигнуть на самые непредсказуемые поступки. Фильм умело выпутывается из обыденности эротического образа, показывая главному второстепенному персонажу ужасающую правду о медсестре. Но когда это доходит до девушки, как, впрочем, и до зрителя, раскрывается продуманный план, который показывает, что все действия были спланированы, что нет путей решения задачи. Правда не может всплыть наружу, так как погребена под многочисленными подставными уликами. Копы вмешиваются – а всё указывает на невиновного человека.

Неожиданно, но на всю пустоту, этим детективным поворотом смогли удивить, и пробудить больший интерес, чем огромный бюст медсестёр.
Картина не брезгует кровавыми кадрами. Гармонично смотрится кровь на белых халатах, образуя определённый почерк картины. Наверно, Тарантино мимо съёмок проезжал. Непредвиденный финал создаёт ощущение, что у картины открылось второе дыхание. Либо просто на середине хронометража резко сменили курс повествования. Кончинами мужиков далеко не пробиться, вот и вывозили на тайном прошлом медсестры, даруя отличный твист.

В итоге, кино не то, чем кажется на первый взгляд. Интрига пробуждается постепенно. Думал, что будет совсем плохо, а сценаристы смогли удивить. То, что можно начать смотреть фоном при выполнении какого-либо дела, в итоге не оторвёт вас от экрана."
"5,0",Медсестра 2013,"Вряд ли кто-то знает кто такой Дуглас Арниокоски. Режиссёр поучаствовавший в нескольких прибыльных сериалах и не снявший за свою не слишком большую карьеру ничего хорошего полнометражного, решил ещё раз попытать удачу. Собрал компанию из сериальных актёров разной степени талантливости и известности на главную роль выдвинул актрису с заковыристым именем Пас де ла Уэрта. Судя по всему это был его основной козырь, с помощью которого он надеялся окупить 10 миллионный бюджет.

Дама эта видная, с запоминающейся нестандартной внешностью очень развратной шлюшендры. Мелькала у крутых режиссёрах в арт-хаусных проектах — например «Вход в Пустоту» Гаспара Ноэ и «Предел Контроля» Джима Джармуша. Но честно говоря, за последние 7 лет ничего примечательно с ней не было. Может быть таким фильмом и мог бы стать «Медсестра», но не стал.

Кино определённо изначально претендовало на какой-то арт-треш. И естественно всё должно было держаться на эпатажности Уэрты и на её актёрских способностях. Остальные актёры явно служили только фоном. В остальном фильму по всем позициям явно чего-то не хватало. Обнажённых сцен было непростительно мало и как-то неравномерно. Сюжет у фильма совсем простенький и совершенно неинтересный. Большую часть фильма происходит, как бы накал основанный на психологизме отношений и формирования сущности главной героини относительно другой представительности слабого пола. В финале происходит кровавый слешер, но общая атмосфера настолько надуманная и затянутая, что единственная мысль которая возникает в начале кровавой бани — «ну наконец» и эта мысль не успевает закончиться, как заканчивается смертоубийство и наступает финальная сцена, которую можно увидеть в массе подобных кино и которую досматриваешь, уже потянувшись выключить эту нуднятину.

И самое обидное, что главная героиня оказывается пустышкой. На неё интересно смотреть, но только когда она в эпизодических или небольших второстепенных ролях. В главной роли все её эмоции и ужимки начинают повторяться уже минут через десять после начала. Всё что можно вызвать интерес в этом недослешере — пара сцен с голыми сиськами Пас и финальное месилово. Я ожидал чего-то более интересного.

А плакат у фильма хороший."
