rating,title,text
"6,0",Тачки 2 2011,"Новая часть не история МакКуина, а история его друга Мэтра. Если в первой части нам показывали, как без друзей сложно жить, то здесь расскажут, как друзья могут не верить тебе, когда ты говоришь правду. Молния берет своего друга на гонки, но погрузчик Мэтр ведет себя слишком ""по-деревенски"", что ставит гонщика в неловкое положение перед другими участниками. Но Мэтр попадает в шпионские игры, и становится негласным участником английской разведки.

Да, вроде интересно, прикольно, но само по себе ничего мультик серьезного не несет. Первая часть какой-то посыл давала, вторая же как-будто сделана на скорую руку, или как просто снимают новую серию очередного мультика, чтобы было.

Да, Молния для себя тоже урок вынесет, как и в прошлой части, что нужно принимать людей такими какие они есть, и Мэтру оставаться таким же, не бояться трудностей и всегда идти только вперед. Мультфильмы должны же любить не только дети, но и взрослые, и как по мне, эта часть оказалась хуже оригинальной ленты, но детям посмотреть можно."
