rating,title,text
"8,0",Аладдин 1992,"Замечательный добрый детский мультик, играющий на эмоциях и ностальгии 90-х. До сих пор остается актуальным, даже не смотря на устаревший жанр, анимацию и прочее.
Как и приняты в диснеевскому мультфильму, в этом мультике много поют и шутят. Все настроено на то, что передать ребенку хорошее настроении, а также запомниться на музыкальном поприще.
Сказочный сюжет и фантастические герои, отлично дополняются музыкальном сопровождением. Песня в сюжете также влияет на раскрытие сюжетных линий. И даже для тех, кто скептически относится к жанру мюзикла данный мультфильм может быть по душе.
Невероятная подача Робина Уильямса и самый запоминающийся образ в мире мультфильмов, придал этой картине особый шарм. Его синий Джинни, пожалуй, самый обаятельный и привлекательный герой мультфильмов, которым удавалось полюбиться зрителям.
Мультфильм «Аладдин» одна из самых известных и запоминающихся картин студии Дисней. Одной из особенностей которого графика, юмор и запоминающее музыкальное сопровождение. Пускай за много времени вышло не мало картин, но не стоит данный фильм списывать со счетов."
