rating,title,text
"8,0",Шестое чувство 1999,"Так ли все прекрасно у Кроу? Малкольм Кроу детский психиатр, который сравнивает себя с известными детскими психиатрами, но до той поры, пока его не подстреливает его собственный бывший пациент. Жизнь благоволит Кроу, у него есть шанс доказать, что это была случайность, он хороший психиатр, хоть и доверие жены будет непросто вернуть, а она так в него верила. И Кроу ведет спокойную жизнь, до следующей осени и до того момента, пока не знакомится с новым пациентом, очень странным и загадочным пациентом, это мальчик Коул, который не лишен своих демонов и порой это в буквальном смысле. Картина М. Найт Шьямална, это хороший психологический триллер, отодвигая спецэффекты и пугающие вставки, коих в фильме мало, вы видите историю про взаимоотношения доктора и маленького мальчика, двух разных людей, а один из них видит мертвых людей.

Вот такая история, история которая может затянуть зрителя, полная тайн и загадок. В целом и любитель триллеров, ровно-как и любитель страшилок, найдут что-то свое в фильме, простой зритель тоже будет заинтересован, этим и затягивает фильм «Шестое чувство», своей загадочностью и таинственностью.

Хочет ли Кроу помочь мальчику, или же просто хочет вернуть доброе имя не ясно, но он уже вовлечен в опасную игру. Первоначально не все получается, так-как мальчик особенный, а к особенному мальчику, нужен соответствующий подход. Мы наблюдаем, как Кроу всяческими способами пытается завоевать доверие Коула, то строя из себя телепата, то крутого дядю. Постепенно психиатру это удается, но он и сам неволей погружается в мир-мир кошмара. Мальчик-Коул словно Алесса из одноименной игры «Сайлент Хилл», может и паренек не так настрадался, но найти аналогии между ним и Алессой Гилеспи можно, рисунки, факт того что нет друзей в школе, отреченность от мира и необычное взрослое мышление для мальчика девяти лет. Казалось бы, проблем с Малкольму хватает, а тут еще и проблемы в личной жизни, незнакомые парни беседуют с его женой, может любовники, а может, и нет. Все более у психиатра безумный взгляд, словно ему самому нужен кто-то по его профессии.

В общем и целом, вы сами все увидите, давайте поговорим про актеров.

Брюс Уиллис тут не в типаже «Крепкого орешка», это интересно и оригинально видеть актера в новом любопытном образе, а казалось бы, совсем недавно террористов убивал и мир спасал, а тут спокойный сдержанный доктора. Тут в этом фильме Уиллис может и не сделал чуда, но сыграл на хорошем уровне. Уиллису пять баллов.

Хэйли Джоел Осмент, должен был когда-то сыграть в «Омене», у него бы получилось превосходно, ну во всяком случае потенциал сыграть антихриста виден в фильме «Шестое чувство». Джоел Осмент сделал персонаж именно таким, вроде и мальчик простой, но с едва уловимыми нотками зла, а порой эти нотки и пульсируют. И Осменту пять баллов.

Остальные актеры второго плана просто приятно дополнили картину, не больше не меньше.

Музыка

Ничем не примечательная, но создающая нужную атмосферу фильму музыка от Джеймса Ховарда, отлична дополнила фильм.

В общем, и целом перед вами хороший и крепкий триллер с хорошими актерами, можно поставить высокую оценку."
