rating,title,text
"8,0",Судный день 2011,"Выбор фильма для просмотра произошел как-то сам собой, да и выбора особого не было. Но о том, что я посмотрел этот фильм – ничуть не жалею! Не смотря на пафосное название, фильм получился довольно хорошим. И название ему очень подходит. Я бы отнес его к разряду: фантастика, триллер, драма. Сюжетная линия интересна, с самого начала так незаметно увлекает, «цепляет» внимание и держит в напряжении до конца фильма. Причем режиссер Дуглас Арниокоски делает это так естественно и не навязчиво, что заслуживает отдельной похвалы. На игре актеров (Шон Эшмор, Эшли Белл, Кори Хардрикт, Доминик Монахэн, Шаннин Соссамон, Майкл Эклунд, Брайана Барнс, Кэссиди Верро, София Эванюк, Роберт Болдуин) особо останавливаться не буду. Скажу только, что я им «поверил»…

О чем же сам фильм… Постапокалипсис… Человечество разделилось на «группы» и «банды». В группы объединились простые люди. Они в постоянном движении. Их гонит чувство голода и желание выжить, спастись от своих же «сородичей». В банды «сбились» существа (людьми назвать их мой язык не поворачивается) для которых группы стали «пищей» - «деликатесом», да и собственными товарищами они тоже не брезгуют…

И вот на фоне этих событий разворачивается драма одной из таких «групп», состоящей из пяти человек. Бегства, «охота», сражения… Кто выиграл сегодня?... А кто одержит победу завтра?... Кто сильнее духом?... А нужна ли победа и какой ценой?... Под конец фильма понимаешь, что эти вопросы тебя уже особо и не волнуют! Гораздо интереснее узнать, а кто же вынесет все испытания и останется «Человеком»?

Развязка фильма не предсказуема, оставляет «осадок» на душе (и это замечательно!), заставляет подумать… О чем?... А кто же на самом деле достоин называться «Человеком»? 

Захотел бы я посмотреть этот фильм ещё раз – тяжело ответить… Но я ни секунды не жалею о том, что его посмотрел!"
