rating,title,text
"8,0",Человек дождя 1988,"Фильм – легенда, которая в своё время поразила многих, набрала наград и растопила сердца всех зрителей, которые познакомились с ней. А вот я только совсем недавно добрался до этой картины. В своё время фильм произвел фурор, поэтому смотреть его только сейчас, если вы ещё, конечно, не видели, может нехорошо сказаться на восприятии. С момента выхода картины сняли множество подобных продуктов, поэтому того эффекта, который вызывал «Человек дождя» в своё время, уже не получить. Но, тем не менее, очень трогательная и мотивирующая мелодрама. Сюжета я даже касаться не хочу, ни на секунду, так как можно случайно выдать важный спойлер. Дам вам только общую тему. «Человек дождя» позволяет увидеть, как в лучшую сторону меняются люди, выявить добрые намерения даже в самых тёмных, алчных уголках души. Сочувствие и доброта сопровождают зрителя на протяжении всего просмотра. 

Фильм действительно заставить задуматься о своих поступках и покажет всем, что не стоит судить человека по внешнему виду – мы должны познакомиться с богатым внутренним миром. Раскрывается само название картины «Человек дождя», делая его и реальным, и воображаемым одновременно. Дастин Хоффман очень понравился в своей необычной роли. Приятно и мило. А вот музыкальное сопровождение весьма уместно аккомпанирует эпизодам. Честно, я и не зацикливался на композиторе. Но Ханс Циммер сделал милую вещь. 

Фильм, в котором его работа является именно тем, что и должно быть – прекрасные музыкальные эффекты под сюжет фильма, не вызывающие бурю эмоций, которых здесь итак полно, а будто музыка спокойно плывёт по течению вместе с сюжетом, а не так, что сейчас саундтрек тащит на себе весь фильм. … «Да, «На заре справедливости», это я про тебя»… Не нужно эпика от композитора, всё в меру.

Добрый, волнительный фильм, который придёт по вкусу многим. Приятного просмотра."
