rating,title,text
"8,0",Бартон Финк 1991,"Братья Коэны, известные прежде всего за свои криминальные фильмы, решили в какой-то момент резко сменить направление творчества. Речь не о комедии «Игра Джентльменов» (https://www.ivi.ru/watch/105839 ). За 10 лет до неё Коэны срежиссировали «Бартона Финка» - историю о писателе в творческом кризисе. Казалось бы, что выглядит скучно, но в этот относительно простой сюжет намешали комедию, депрессию и даже серийного убийцу. А на фоне всего этого безумия истекают сроки, отпущенные на написание произведения.

Дело в том, что «Бартон Финк» полон деталей и интересных элементов. Режиссеры сознательно отступают от сюжетной линии писателя-сценариста, чтобы расширить мир главного героя. Повествование скачет, но сделано это намеренно. «Скачки» приводят то к комедии, то к триллеру, то к криминалу, то снова к комедии. Без подобного многообразия, как мне показалось, сценарий был бы скучноват.

По большому счету сюжет «Бартона» иронически копирует создание самого фильма. Интересно, как реальная жизнь может проникать в кино. 

«Бартон» уже вошел в историю кино, как фильм с отличнейшими диалогами. Остроумие проявляется во всем, и это несмотря на нуарные настроения.  

«Бартона Финка» можно похвалить за операторскую работу (многие монтажные склейки здесь действительно ироничны) и за работу над звуком. Естественно, отличная актерская игра, даже для эпизодических персонажей.

Как и с одним из последующих фильмов («Большой Лебовски» https://www.ivi.ru/watch/90316/ ) у «Бартона» случилась проблема трактовки. Рядовой зритель посчитал, что это представитель «фильмов ни о чем», другие расценили «Бартона» как байку «какие плохие люди в Голливуде», а третьи увидели даже аллегорию на Преисподнюю, когда производственный ад перерастает в ад настоящий.  Даже если не обращать внимание на глубокие замыслы Коэнов, которых здесь не так мало, то «Бартон Финк» всё равно является хитрым атмосферным фильмом."
