rating,title,text
"9,0",Молода и прекрасна 2013,"Снова и снова возвращаюсь к фильму ""Молода и прекрасна"". Вообще люблю Озона, он рассматривает жизнь под очень интересным, нетипичным углом. И фильмы у него нетипичные.

Парижанка Изабель юна и действительно прекрасна. Она отлично успевает в школе, у нее хорошие друзья, любящие и понимающие родители, материальный достаток, чудесный домик на море и т.д. и т.п. Казалось бы, все, что может пожелать девушка ее возраста. Но у семнадцатилетней Изабель есть маленький скелет в шкафу. В интернете она знакомится со взрослыми (да что там - пожилыми) мужчинами, а потом спит с ними за 300 евро. И так продолжается до тех пор, пока в процессе бурного секса не умирает очередной ее любовник. Не совместив свои скромные сексуальные возможности с юношеским пылом нимфетки.

Фильм откровенный и реалистичный, но эстетически очень красивый. Этого у Озона не отнять. И о многом заставляет задуматься. Ведь никакого четкого ответа - почему Изабель решила пойти на это, почему согласилась в первый раз, режиссер нам не дает. Да, ее родители развелись, но у нее неплохие отношения с матерью, отчимом, родным отцом, братом. Да, не совсем удачный первый сексуальный опыт. Хотя, опять же все относительно,  положа руку на сердце - у многих ли девушек он лучше? Деньги ей тоже были не нужны. Адреналин, азарт - вот и весь интерес. Страшно, на самом деле. Внутренний конфликт Изабель, внешне такой благополучной, ломает ей жизнь. Ведь неизвестно, кого она встретит в номере отеля в следующий раз.
Смотреть однозначно."
