rating,title,text
"8,0",Тачки 2006,"Через 11 лет, после первого анимационного фильма студии Pixar ""История игрушек"", выходит новый мультфильм про говорящие машины, где нет людей. Они все живут обыденной жизнью, и у всех свои заботы. Но нам предлагают смотреть на историю молодого гонщика Молнию МакКуина, которые слишком напористый и зазнавшийся. У него только один друг, и это Мак, которые его перевозит из города в город на гонки. Как вы поняли главный герой, которого озвучивает Оуэн Уилсон, скорее анти-герой, но это только по началу.

МакКуину нужно попасть на гонку в Калифорнию, но по пути Мак теряет его и гонщик не может найти своего компаньона, а поиски приводят его в практически заброшенный город Радиатор-Спрингс. Тут много хороших машин и все они здешние обитатели, кто-то держит мастерскую, у кого-то заправочная станция, кто-то продает шины и так далее. Их спокойную жизнь и нарушит Молния МакКуин, которого будут не очень жаловать там, особенно глава городка Док Хадсон. Он знаком с такими, как Молния, и не хочет снова вспоминать свое прошлое, связанное с ними.

Можно назвать эту историю, как ""Гадкий утенок"". Ведь действительно главный герой преобразиться из эгоиста в более чувственную машину, которая готова помочь каждому. Он поймет, что главное не победа, а участие. Да и друзей у него появится в разы больше, чем было раньше. И лично я много подчерпнул для себя из этого мультфильма, и многие дети, думаю, тоже. Ведь эта картина не только о преобразовании главного героя, но еще и о дружбе, без которой жить нельзя."
"9,0",Тачки 2006,"«Тачки» - невероятно милый мультик, наивно по-детски преподносящий вам взрослые мысли. Здесь говорят о любви и дружбе, о добре и зле, о несправедливости, потерянных надеждах и попытках справится с ними, о тихой обители, о бесконечно мечущихся в поисках покоя душах, и о способах достижения умиротворения. Это сюжет о загордившемся собой характере, об осознании того, что ты можешь иметь все, славу и деньги, но оставаться абсолютно пустым, постоянно думая только о самом себе. 

Особенность картины в том, что все персонажи здесь - это различных марок автомобили. Машин тут можно увидеть невероятное множество и провести ряд аналогий: здесь и спорт-кары, целеустремлённые, гордые и важные, и машины-бизнесмены, заносчивые, владеющие уймой денег, и старые машины-развалюхи, ржавые, держащиеся вместе машины-старики.

Замысловатый сюжет, который резко втолкнет вас в происходящие события и заставит напрячься и переживать за героев с самого своего начала, он будет динамично развиваться дальше, давая вам продохнуть изредка демонстрируя красочные мультипликационные пейзажи гор, автострад, лесов и полей под мелодичное звуковое сопровождение."
