rating,title,text
"8,0",Пираты Карибского моря: Сундук мертвеца 2006,"Дождь, прерванная свадьба, кандалы. Неприступная тюрьма, вороны выклёвывающие узникам глаза, плывущий гроб — мрак повис над каждым кадром. Неужели это то самое продолжение «Пиратов Карибского моря»? Нет, нет, что-то здесь не так… Бах! Пуля с треском пробивает трухлявую обшивку, и рука, сжимающая пистолет на манер перископа, проверяет, чист ли горизонт. Да, этого мы и ждали — появление Джека Воробья, как и в первый раз, пробуждает любопытство и намекает зрителю на то, что его ждет необычайно увлекательное морское приключение. 

Мудрый дядька Гор Вербински, оставшийся в режиссерском кресле, воспользовался хорошо известной и на деле проверенной формулой, попытавшись приумножить все достоинства первой части. Полюбился зрителям капитан Воробей? Что ж, на сей раз он попадет в еще более замысловатые передряги. Хотели любви и романтики? Не проблема — история Уилла и Элизабет только набирает обороты. Потеряли Барбоссу? Не беда — Дэйви Джонс переплюнет в харизме любого головореза. Больше битв? Выполнено! Тут вам и схватка на огромном колесе, и битвы с морской нечистью и, конечно же, противостояние кракену. Вот уж где действительно дух захватывает. Со времен осады Минас Тирита мы не видели ничего похожего по размаху и эпичности: огромные щупальца с массивными перепонками обвивают корабль и с треском ломают обшивку, отправляя экипаж на встречу с морским дьяволом. Уродливый зев чудища остается за кадром, но и без него есть от чего испугаться, ибо корабль кажется легкой скорлупкой в руках прожорливого великана… А как же юмор, спросите вы? Переживать не стоит, комичных ситуаций предостаточно. Чего только стоит суматошная пробежка в костяных клетках по джунглям или безуспешные попытки дикарей съесть старину Джека! Слишком много веселья? Не тут то было. Финальная битва с кракеном, героическое возвращение Джека и трагичный финал помогают забыть, что перед нами ирреальный мир и заставляют искренне переживать за героев.

«Сундук мертвеца» сумел избежать заразных болезней большинства сиквелов: расхождений с оригиналом, копирования уже известных ходов, искажения характеров героев. При этом история заметно расширилась, старая команда сохранилась, а новые персонажи оказались не менее харизматичны, что в совокупности с коммерческим успехом позволило «Сундуку мертвеца» удачно пришвартоваться рядом с «Проклятием Черной жемчужины». Однако величия Кэмероновского «Судного дня» сиквел все же не обрел, ибо мелкие шероховатости бросались в глаза на фоне сияющего лоском оригинала. Образ Джека чуточку померк в сравнении с первым фильмом, где он, появившись на тонущей посудине под величественный саундтрек Клауса Бадельта, влюбил зрителя развязной речью и танцующей походкой. В сиквеле перед нами все тот же пройдоха-капитан, но былой пиратской удали и какой-никакой отваги и чести в нем заметно поубавилось. Свои интересы он, как и прежде, ставит выше интересов других, только теперь к этому прибавляется некий налет трусости и подлости в одном флаконе. Да, намек на это прослеживался еще в сцене на Исла-де-Муэрте, но это прощалось, ибо Уилл «козырем быть не захотел». Здесь же Воробей запросто отправляет своего спасителя в логово Джонса и, по сути, плюет на Элизабет. Пиратский кодекс? Кхм, ну ладно. Вернемся лучше к Уиллу и Элизабет. Первая часть закончилась невероятно романтично — долгожданное воссоединение влюбленных, поцелуй с предшествующей фразой «нет, он — пират!», согласие отца Элизабет на брак с оружейником, позволяли с оптимизмом смотреть в будущее. Но что же из этого вышло? Разлука, страдания, Элизабет с обрезанными волосами и в придачу Норрингтон, валяющийся в грязи со свиньями. Сюжетно все это оправдывается и подкрепляется весомыми аргументами, но при этом сказочная атмосфера первого фильма разрушается. Прибавьте сюда немного провисающую середину акурат после беготни на острове каннибалов, обрывистый конец (ай-яй, так даже Джексон не поступал) и получите ответы на то, почему фильм не был столь щедро обласкан критиками. 

Но если в сюжетном плане сравнения с добродушно-наивным оригиналом фильм не выдерживает, то с технической точки зрения к «Сундуку мертвеца» не подкопаться. Помимо вышеупомянутого мифического кракена здесь есть осьминогобородый Дейви Джонс — вожак пиратов со сварливым характером, есть бравая команда рыбьеголовых матросов, которые пугают и смешат одновременно. Наконец, есть «Летучий голландец», эпично выныривающий под звуки органа из морской пучины. Ух! Ну и стоит ли говорить, что все батальные сцены независимо от локаций выполнены на ура, будь то стрельба-пальба из мушкетов, звон скрещивающихся сабель или же грохот пушек, заряженных ядрами, а также «картечью и битым стеклом». 

Фанатам кожаной треуголки Джека Воробья фильм несомненно понравится, ибо формула — было хорошо — умножь на два и станет еще лучше, реализована со скрупулезной точностью. Злодеи пострашнее, юмора побольше, эпичности и размаха тоже. Но стало ли лучше? Увы, нет. Как бы не восхищал брутальный Джонс, как бы не завораживали взмывающие вверх щупальца кракена, как бы не захватывало дух появление «Летучего голландца», добиться того эффекта новизны, которое подарило нам безмолвное представление Джека Воробья в первом фильме, они не смогли. Ведь именно с того момента стало понятно, что «Остров головорезов», похоронивший за собой студию Carolco, был всего лишь досадной случайностью."
"9,0",Пираты Карибского моря: Сундук мертвеца 2006,"Джек вернулся! Никогда не доверяйте пирату! 

Самая любимая часть Карибского моря. А почему? Да потому что она смогла передать такую потрясающую атмосферу, после которой ты чувствуешь себя счастливым. Безупречно всё! После знакомства с главными героями, зрителей окунают в пучину тайн Карибского моря. «Проклятие чёрной жемчужины» оказалось только на поверхности и охватывала лишь одну нить повествования, в свою очередь «Сундук мертвеца» умело переплетает и второстепенные линии, и основные, и короткометражные. 

Сюжет начинает повествование с мрачных событий в порту. Оказывается, дружба с Джеком до добра не доводит. Но влюблённые голубки, Уилл и Элизабет, стараются не поддаваться страху и сохраняют прекрасное чувство. В этот раз ключевые события ещё более загадочные, но более интригующие и жутко интересные. Нужно найти компас Воробья, который не указывает на север. Если не найти Джека, то будет фиаско. 

Композиторское кресло в этот раз занял легендарный Ханс Циммер, а значит, будет мясо. Потрясающая атмосфера исходит с экрана, заставляя зрителя трепетать. Под эпичную и любимую всеми музыку в море происходят бои, «Чёрная жемчужина» в этот раз отплывает в сторону, уступая месту непревзойдённому «Летучему голландцу» - корабль-миф. Команда – проклятые морские создания, которые служат на судне 100 лет под командованием великолепного Дэйви Джонса. Всё, у меня нет слов! Это шедевр! 

«Смерти страшишься? Боишься кануть во мрак? Как на ладони твои дела. А за грехи твои расплата». 

Напоминаю, сюжет полностью оригинальный, поэтому древние мифы, связанные с бессмертной командой заслуживают похвалу. Помимо ввода такого важного объекта сюжет приписывает прошлое Уилла Тёрнера. Откуда взялся Тёрнер? Как он связан с «Летучим голландцем»? Кто его отец? Под эпичные ноты Циммера нам дают ответы на все это вопросы, но ты не чувствуешь удовлетворённости от ответов, а, наоборот, каждый ответ порождает новые вопросы. Всё это так гармонично связано, что основный акцент – сундук мертвеца – так красиво замыкает цепочку событий, что просто сносит крышу. 

Джек – хитрый малый, приплетая Уилла, пират решает свои старые вопросы. «Джек прислал в уплату долга». Когда ты осознаёшь, что отношения между Воробьём и Джонсом носят деловой характер, сразу появляется интрига. Картина вышла более мрачной и более яркой. Такая палитра передаёт весь спектр эмоций. От тёмных тонов, под которыми тихую морскую гладь разрывает внезапно выплывающий из глубины огромный корабль с командой призраков до невероятной красоты голубого и зелёного контраста (море и суша), разрывая который чёрный корабль делает свой путь к намеченной цели. Итак, секрет Дэйви Джонса хранит в себе сундук мертвеца. Отсюда и начинают плясать все охотники: Джек, Уилл, Ост-Индская кампания, мистер Джонс. Отлично оригинальное повествование умещает в себе юмор. Вроде бы мир рушится, вроде бы сражения на смерть, но за счёт шуток наступает такой коллапс, что за этим шоу приятно наблюдать. 

Но у Джонса есть козырь в рукаве. Понятие «тайник Дэйви Джонса» сначала вводит в недоумение, но когда ты понимаешь всю суть этого места, тебя будто окатывают ледяной водой. Транспортировкой до тайника служит Кракен! О, да. Этот осьминог является одним из самых важных атрибутов не только пиратов, но всего кинематографа в целом. 

Низкий поклон Циммеру. Браво! Такое эпичное явление так блестяще положит на музыку, что экстаз Вам обеспечен. 
Тем временем, охота за сундуком продолжается. Дело близиться к концу, после всего приключения финал заставляет схватиться за сердце. Тем не менее, сиквел уже не за горами. (Вторая часть снималась одновременно с третьей, поэтому актёры уже знали судьбы героев). 

«Сундук мертвеца» - это доказательство того, что кино способно оказывать влияние на зрителей, пробирай до костей и выдавая такую мощную волну адреналина, что после просмотра ты ещё находишься в эйфории. Джонни Депп умница! Кира Найтли шикарная и страстная! Орландо Блум эпичен, но местами неуверенный! Билл Найи (Дэйви Джонс) – лучший персонаж всей саги «Пираты карибского моря» и останется таким всегда. Никакие Чёрные бороды или Салазары не сравняться с ним."
"9,0",Пираты Карибского моря: Сундук мертвеца 2006,"Вот на экраны вышла вторая часть Пиратов карибского моря». После премьеры первой части прошло не много ни мало три года. За эти три года люди соскучились, а некоторые и забыли про Джека Воробья и его друзей, которые переживают невероятные приключения. Для каждого человека первый фильм запомнился на всю жизнь, и от режиссеров зависел успех второй части. Сказали, что получиться- получилось.

Этот фильм более запомнился, потому что он получил премию Оскар в номинации «лучшая работа декоратора, лучший звуковой монтаж». уж что-что, а звук здесь оформлен на десяточку. В сценах где главные герои плывут по какому-нибудь таинственному место заражают именно благодаря звуку, который был вставлен ту или иную сцену. Достоинства фильма заключаются не только в звуке. Очень хорошо здесь поставлены визуальные эффекты: например, когда Уилл дрался с матросами Дэйви Джонса, он сделал свой меч огненным. Порази бы он всех! Если бы не воля сценариста и он бы не оказался на борту Летучего Голландца. Этот фильм получил премию «Сатурн» за номинацию «лучший фильм Фэнтези», это справедливо, но если сравнивать с «Властелином колец» или с «Матрицей» (этот фильм тоже является фэнтези), то он занимает второе место после третьего «Властелина колец». Костюмы актерам подобрали достойные того времени, в котором происходит действие. В общем, этот фильм не зря удостоился тех наград, которые заслужил.

Персонажи. Что можно сказать про персонажей? Если честно, то каждый из них достоин отдельной статьи и ношения лавр самых харизматичных. Основное внимание остановим на Джеке Воробье. Джек Воробей в исполнении Джонни Деппа достоин звания «самый харизматичный актер». Он очень хорошо воспроизвел Джека Воробья: его манеру шутить, его походку и вечное желание что-нибудь сделать не по закону. Он смешон, его юмор заставляет смеяться многих, но за этим смехом скрыт серьезный и вольный характер. Этот персонаж показал, что пираты не такие уж и безжалостные, что им не чужда душа и любовь у них может быть настоящей, а не та плотская страсть, которой они иногда предаются. В конце фильма Элизабет сказала «он был добряк». Хоть он и обманывал и изощрялся чтобы как-то выйти из той или иной ситуации, хоть был не всегда честен, но он был добряк. Актерская игра как всегда на высоте, ведь хорошая игра, это не только отыграть роль и уйти, но и прочувствовать состояние героя, войти в его положение и воспроизвести все это с детальной точностью. Такое дано не каждому.

Вердиктируя: Пираты карибского моря: сундук мертвеца- это еще один фильм из линейки «Пираты Карибского моря», более жесткий и более динамичный. Актеры сыграли отлично, все хорошо постарались и на выходе мы получили  качественное кино, которое приятно пересматривать время от времени. Фильм оценю в девять баллов"
"8,0",Пираты Карибского моря: Сундук мертвеца 2006,"Через 3 года, после успешного оригинала, выходит продолжение истории про капитана Джека Воробья и его Черную Жемчужину. Капитана разыскивает некий Дэйви Джонс, который является капитаном Летучего Голландца, у него на службе легендарный Кракен, огромный осьминог, и Джек должен Джонсу службу в его команде 100 лет. Тем временем свадьба Уилла и Элизабет срывается лордом Беккетом, который пришел арестовать их за пособничество пиратам, в частности Джеку Воробью. А фильм назван ""Сундук мертвеца"", потому что Дэйви Джонс, гроза всех морей, может пойти вам на уступки, если вы завладеете его сердцем, которое спрятано в сундуке. И как раз за этот сундук будет целая баталия между всеми героями.

Так же появится персонаж из прошлого фильма, бывший командор Норрингтон, который пытался добиться расположения Элизабет. Тут же он скитается по морю, занимается пиратством и просто напивается. Его персонажа не стоит списывать со счетов.

И так, для чего героям нужно сердце Дэйви Джонса.

Джек Воробей. Дэйви Джонс пометил капитана Жемчужины, потому что тот ему задолжал службу на своем судне. И теперь главный герой помечен ""черной меткой"". И только суша сможет спасти капитана, потому что Джонс может ступать на сушу раз в 10 лет. А на море его поймает либо сам капитан Голландца, либо его подручный Кракен заберет Джека в пучину морскую. И если Джек добудет сундук, а вместе с ним и сердце, то сможет обменять его на свою свободу и погашение долга.

Уилл Тернер. Он узнает, что его отец Билл Прихлоп находится на службе у Дэйви Джонса, и только проткнув ножом его сердце, можно освободить экипаж от проклятья и занять место капитана.

Норрингтон. А этот персонаж просто хочет восстановить свою репутацию и принести сердце Джонса на блюдечке лорду Беккету. И если все получится, то с Норрингтона снимают все обвинения и он снова будет в почете, а не прятаться от всех на кораблях пиратов.

Беккет. А Беккету изначально нужен был компас Джека Воробья, который приведет человека туда, куда он захочет. Но а хочет он ""сундук мертвеца"", чтобы иметь контроль над морями с помощью Дэйви Джонса и его Кракена.

И, наконец, стоит сказать о самом Дэйви Джонсе. Билл Найи исполнил его роль, и компьютерной графики нанесли на него неимоверно много. Его лицо обезображено щупальцами и сам он похож на некий симбиоз человека и осьминога. В принципе такой деформации и подверглась вся его команда. Он очень интересный персонаж и его историю нам еще расскажут.

Картина получилась более увлекательней и наполненной большим экшеном, чем оригинал. Чего стоит схватка между героями за сердце Джонса, в которой участвовало довольно большое количество людей. Красочная картина для всей семьи, и посмотреть ее стоит всем. И по мне она выступила лучше первой части."
"8,0",Пираты Карибского моря: Сундук мертвеца 2006,"Отдать швартовы, принять левый фланг, парни! Спустя три года вышло долгожданное продолжение полюбившейся всем саги. Приключения Джека Воробья, да-да Капитана Джека Воробья, продолжаются. После того как Капитан вернул свой корабль, «Летучий Голландец» во главе с Дэйви Джонсом напоминает, что у первого остался должок, цена за невыполнение которого – рабство на сто лет. Проблема заключается в том, что выполнять задание придётся самому Джеку. Человеку, который не особо любит выполнять и свои, и чужие поручения. 

Капитан Джек Воробей вернул свой корабль. Счастье, радость и восторг воцарились вокруг него, однако покидали ли они его? Скорее нет, чем да. Никакой корабль, и даже «Жемчужина», не помогут Джеку избавиться от отличительной черты - оптимистического настроя, вне зависимости от ситуации, царящей вокруг. Получив тот желанный рисунок ключа, который искал Джек, Капитан сумел успокоить свою команду, так сильно заскучавших по-настоящему пиратскому грабежу и разбою. 

Но трудно выполнять затеянные миссии, когда на горизонте за тобой гоняются неприятели. Дэйви Джонс со своей командой «Летучего Голландца» жаждет забрать Воробья. Пробывший в море вечность, Джонс превратился в монстра. Некогда знаменитый и прославленный Капитан, являющийся объектом всеобщего фанатизма, стал монстром и отталкивающим существом. Его команда - часть корабля, посягнувшая на аналогичную судьбу. «Летучий Голландец» бороздит по морю не по своему желанию, потому что хочет добычи. Предназначение, уготованное потусторонними силами наглядно показало, что бывает с теми, кто за зря кидается словами. И спустя столько лет возникает вопрос: «Каково это всё Джонсу?». Мучения, преследующие всю жизнь, если жизнь можно так назвать, или дарованное счастье, так или иначе идущее по пятам? Щупальца, отросшие на лице, и вводная растительность явно дают понять, что нет, навряд ли всё это дар. 

За три года, что кинематограф пустовал без «Пиратов», фильм не растерял своей вишенки на торте. «Пираты карибского моря» по-прежнему весёлые, в них присутствует юмор, от которого правда смешно. Расправившись со своим врагом в прошлой части, Джек Воробей не останавливается и показывает зрителям, что неприятелей можно находить каждый день, что он и делает по ходу фильма. Пиратские баталии, благодаря которым оригинал в 2003 году поразил всех, радуют и в сиквеле. Битвы стали масштабнее, а приключения удивительней. Капитан, который не заботится о проблемах других, в очередной раз попадает в неприятности на заброшенном острове. Актёрская игра, сделавшая весь прошлый фильм, делает этот момент из ничего, превращая его в фантастику. Господин Депп заслуживает похвалы за то, как он сыграл в очередной раз. 

Дэйви Джонс - знаменитый пират знаменитого корабля. Чуете этот запах заточения? Запах того, когда смерть на просторах морей становится наиболее ужасной. Жесть заключается в том, что смерть - далеко не самое страшное, что может случиться с человеком. Бояться нужно дальнейших действий. Стадия, когда нужно переходить в загробный мир, которого в общем-то то и нет. Дэйви Джонс, на кого и была взношена такая честь (если это можно так назвать) не справился со своей задачей, из-за чего и был наказан путём уродства лица и команды. Билл Найи, сыгравший Джонса, и подвергшийся абсолютному воздействию компьютерной графики, мрачно и злобно показал своего героя. Отчаявшись в своей жизни, «Летучий Голландец» бороздит моря всего света. Единственный смысл, существовавший в жизни Джонса исчез. Осталось только уныние и верная команда, которой так или иначе некуда деться.


Капитан Джек Воробей - везучий и по-настоящему саркастичный капитан. Отыскав родную «Жемчужину», Джек отправляется в новое путешествие. Однако, если в прошлый раз Джеку противостоял свирепый Капитан Барбосса, то сейчас ставки растут. Любая повинность - смерть. Остановка задания или её прерывание - рабство. На что пойдёт Джек, чтобы выполнить задание? Вопрос, на который не ответит никто. Джонни Депп, вновь сыгравший роль Воробья, доказал, что не зря является Капитаном своей роли. Не забыв об актёрской изюминке в игре данного персонажа, Депп в очередной раз предоставил нам героя, которым можно любоваться.
Вердикт. Сиквел стал в разы лучше оригинала и предоставил нам идеального антагониста. Дэйви Джонс, внушающий страх внешностью, запоминается благодаря своей харизме. Его ненависть объяснима прошлым, которое оставили на будущий сиквел. Джонса можно понять – он потерял всё, что имел, и смысла жить больше нет. Вот только умереть никак нельзя – единственная проблема Джонса, за что его действительно жаль. 

— Всем ни с места! Я обронил мозги.

Приятного просмотра!"
