rating,title,text
"10,0",Потустороннее 2010,"Что по-вашему происходит, когда мы умираем? 
Одни из нас скажут: «Мы умираем, и умираем, свет выключается и все». 
Другие: попадем в рай или ад. 
Третьи: нас ждет реинкарнация и т.д.

Фильм «Потустороннее» режиссера Клинта Иствуда дает нам пищу для размышлений на эту тему. Перед нами предстают три параллельные и вскоре пересекающиеся истории о людях, познавших смерть.

Французская журналистка (Сесиль Де Франс), пережившая цунами, и десятилетний мальчик, потерявший в катастрофе своего брата-близнеца, встречают умеющего разговаривать с мертвыми человека (Мэтт Дэймон), способного дать им ответы и утешение, - человека, смертельно уставшего слышать голоса мертвецов в своей голове…

Джордж (Дэймон) считает себя «уродом», а свой дар проклятием. Мари (Дэ Франс) безуспешно пытается донести до людей информацию о том, что загробный мир существует. Ну а Маркус (Фрэнки МакЛарен) просто боится остаться один на этом свете, после смерти своего брата. В поисках истины герои столкнутся с шарлатанами, с недоверием, неприятием других людей. Но в итоге каждый из них найдет свою правду.

«Нам предстоит еще долгий путь, прежде чем мы будем готовы говорить о смерти и о том, что следует за ней. То, что касается рациональных суждений»."
