rating,title,text
"10,0",Как украсть миллион 1966,"Невероятно позитивная, озорная комедия с Одри Хепберн и Питером О’Тулом. Классика жанра - эталон фильма, где есть море юмора, пропасть смысла и нет ни грамма пошлости.

Французский аристократ Шарль Бонне прославился свой знаменитой коллекцией антиквариата. Шедевры из его запасников продаются на аукционах, выставляются в самых известных галереях мира. Вот только никому невдомек, что свои экспонаты мэтр ваяет сам, приписывая авторство творений Ван Гогу, Пикассо и другим столпам живописи.

Но и на старуху бывает проруха. Увлекшись, мэтр Боннэ попадает в весьма неприятную ситуацию.Поделка его дедушки, любовно выдаваемая аристократом за Венеру знаменитого скульптора Челлини, его же стараниями попадает в крупнейший музей Франции. И все бы ничего, но там скульптура должна подвергнуться обязательной процедуре - экспертизе крупнейшего в этой области специалиста. А это означает крах творческой империи знатного проходимца.
Но на помощь Бонне приходит дочь Николь. Судьба сводит ее с обаятельным преступником Саймоном. Вместе они решаются ограбить музей и выкрасть Венеру.

Что из этого выйдет  должен увидеть каждый. Потому как второй такой чудесной и светлой комедии, с такими интересными героями еще поискать. 
Конечно, комедию делают ее герои. Одри Хепберн здесь мила и забавна до невозможности, Питер О’Тул - самый обаятельный жулик, которого мне приходилось видеть. Папаша Бонне тоже на редкость харизматичен. И все вместе - интереснейший коктейль из юмора, романтики и приключений. Один из лучших фильмов с Одри, который хочется пересматривать снова и снова."
"9,0",Как украсть миллион 1966,"Есть очень простая схема по краже миллиона: Вашего отца должны звать Шарль Боннэ, он должен быть талантливым художником-любителем, и самое главное, он должен писать подделки под знаменитых импрессионистов, а именно таких как Ван Гог или Пикассо. Но это только начало, для окончательного успеха, Шарль Боннэ должен продать статуэтку Венеры Челлини, которая вовсе не Челлини (а если погрузится в давнее прошлое, то даже не Венера). Позже, нужно украсть статуэтку и получить за нее солидный куш в общей сумме не больше, не меньше, миллион долларов, да-да, вы не ослушались, это все чудеса страховки. Разумеется, Николь не по душе такие мероприятия, она, будучи дочерью Боннэ привыкла к аферам отца, но каждый раз ей страшно, ведь каждая успешная сделка сулившая папочке большие деньги, может обернуться катастрофой, если обман раскроется. Такие вот дела.

Сам сюжет кинокартины «Как украсть миллион» интригует на просмотр, несмотря на некую тривиальность сюжета, лента обладает завораживающей магией, та магия заставляет своих зрителей раз за разом погружаться в мир интриг, коварств, ограблений и любви, любви, которая в свойственной фильму атмосфере, родилась в довольно необычных обстоятельствах.

В истории Уильяма Уайлера, когда на экране показывают самое ограбление, то этот отрывок прибавляет напряжение киноленты, знаменитый эпизод кражи Венеры продуман до мелочей, элегантно, со вкусом, а также неплохой долей юмора. Каждое действующее лицо в музее знает свое дело, будь то охранник пьянчуга, уборщица или же нервный начальник смены охраны, тем самым у режиссера получается показать довольно продуманную и запоминающеюся сцену, а попутно с ним кража статуэтки вносит больше химии между персонажами Одри Хепберн и Питера О’ Тула. В 60-е понадобилось всего два действующих лица в комедийно романтическом фильме, чтобы украсть ценную вещь, в то время как нынче Оушену нужно одиннадцать. Вдобавок, «Как украсть миллион» стал настоящим кладезем цитат и легких в запоминании выражений, чтобы уделить им время, нужен отдельный абзац, но можно вспомнить хотя бы два диалога.

- Так почему вы хотите украсть именно это произведение?

- Неужели вы думаете, что я способна украсть что-то чужое?!

И

- А что я сделал? Предоставил миру счастливый случай смотреть и изучать Венеру Челлини!

- Которая, вовсе, не Челлини!

И конечно же все действия в этих невероятных приключениях сопровождаются музыкой Джона Уильямса, которая так серьезна во время сцены поцелуя Саймона и Николь, в то время как во время показа охранников или Девиса Леланда она так комична и немного навязчива, в то время как первый вариант более сдержанный.

Многие отмахиваются от самой идеи того, что мир кинематографа обладает магией, скорее придерживаясь версии, что магия кинематографа не магия вовсе, однако подумайте, на протяжении стольких лет Одри Хепберн так мило смотрится на экране, а Питер О» Тул так элегантен, Илая Уоллак экспрессивен, Хью Гриффит серьезен и комичен одновременно, а персонаж Жака Марена все так же незабываем. Так в чем магия, спрошу я вас? В бессмертии, в том бессмертии, который так щедро подарила лента «Как украсть миллион». Можно ли считать картину Уильяма Уайлера masterpiece-ом? Уверенно можно. Это история о том, как люди крадут (свое, но не чужое), влюбляются, обманывают, строят хитроумные планы, однако при всем вышесказанном все еще остаются людьми, с чувствами и переживаниями."
