rating,title,text
"8,0",Люди Икс: Первый класс 2011,"Изменился костяк: исчезла чёткая грань разделения персонажей на главных и разноплановых, исчезли шаблонные структуры сюжета, появилась масштабность Брайана Сингера (но не первых двух «Людей Икс», а «Возвращения Супермена») и глубина Кристофера Нолана (попытка, ибо повторить успех «Тёмного Рыцаря» пока что не удалось). Думаю, что Мэттью Вон справился со своей задачей на все сто процентов. Ничего лишнего не было. Кстати, странно, но мне казалось, что фильм с названием «Первый Класс» и с сюжетом, повествующем о юных годах уже известных нам персонажей, будет снят в стиле «Железного Человека» и «Я четвёртый», то есть будет огромное количество шуток, молодежных проблематик, подколов и прочего. Однако вышло наоборот: по мне, так фильм о молодых Людях Икс получился суровее и серьезнее, нежели предыдущие части саги. Иногда создавалось впечатление, что я смотрю не «Людей Икс: Первый Класс», а какую-то драму, с элементами экшена [если можно так выразиться]. В общем, свежий фильм Мэттью Вона для меня является самой удачной из всех его работ. 

Конечно, было немного странно наблюдать за такой интерпретацией Карибского Кризиса, также непривычно было столько раз за фильм слышать слово «русские». Однако «непривычно» не означает «бредово». Наоборот: русские получились не стереотипные [вроде бы], своеобразные. И, как уже кто-то писал, «спасибо, что без водки и медведей». Сюжет очень захватил. На то две первостепенные причины: первая — продуманность деталей сюжета (пример с монетой, кто смотрел, поймёт), интересные образы персонажей (каждый уникальный, необычный и в тоже время знакомый, то есть можно сравнивать с предыдущими фильмами) и умеренное количество комедийных и драматических сцен; вторая — ожидание концовки, ибо в принципе, посмотрев первые фильмы, все мы знаем, чем всё должно закончится, но ведь было интересно увидеть это воочию."
"7,0",Люди Икс: Первый класс 2011,"Как понятно из названия рецензии ""Первый класс"" это приквел к ""Людям Икс"". И тут уже стоит вопрос в том, что по хронологическим событиям было раньше, сюжет ""Первого класса"" или сольника Росомахи 2009 года. Об этом будет ниже. 

Что же нам расскажут в этом фильме. Как познакомились закадычные друзья Чарльз Ксавьер и Эрик Леншер, почему они оказались по разные стороны барикад, как у Чарльза появились первые ученики, и как вообще мир узнал о мутантах. Действия разворачиваются в 60х годах, и рассказывает о том, как Себастьян Шоу со своими приспешниками хочет начать Третью Мировую Войну, чтобы люди друг друга истребили, а мутанты забрались на ступень выше. Так же покажут, что происходило с Магнито, и тут он будет довольно жестче, нежели в оригинальной трилогии. Ну это понятно, молодость. 

Что же касается персонажей. Джеймс МакЭвой и Майкл Фассбендер отлично попали под роли Профессора Икс и Магнито. Один старается быть мудрым, а другой ведом своей жаждой мести, но их встрече суждено было быть, чтобы они многому научились друг у друга. Роуз Бирн покажет нам Мойру МакТаггерт, которую мы видели лишь в третьей части оригинальной трилогии совсем мельком. Она агент ЦРУ и она довольно интересный персонаж. Так же хочется отметить таких актеров как Дженнифер Лоуренс (Мистик) и Николас Холт (Зверь), которых было приятно увидеть на большом экране. Звезда ""Голодных игр"" больше раскрывает своего персонажа, нежели в трех частях ""Людей Икс"", а психованный водитель из последней части ""Безумного Макса"" в этот раз ученый, который окажется синекожым волосатым мутантом. И под гримом совсем не узнал Джейсона Флеминга, спасибо гримерам. 

ВТФ 

- В ""Людях Икс"" профессор Ксавьер говорит, что знал Эрика (Магнито) с 17 лет. В этом же фильме Чарльзу 24 года. 

- В той же части Профессор говорит, что первыми его учениками были Циклоп, Джин Грей и Шторм. Но как получается все оказалось не так. 

- Все та же часть, где Профессор упоминает, что Церебро помог ему создать Магнито, хотя здесь создателем этого прибора значится Зверь. 

- В оригинальной трилогии голос у Мистик, когда она в своем облике немного необычный. Здесь же у нее обычный голос, без каких-либо эффектов. 

- Так же нам покажут полковника Страйкера, который фигурировал во второй части ""Людей Икс"" и в ""Начало. Росомаха"". Только в сольнике о когтистом мутанте, он намного моложе, чем его показали в ""Первом классе"", хотя события ""Росомахи"" происходят после данной картины. 

- Что же еще не так с фильмом о мутантах 2009 года и нашим фильмом? В том, что в обоих картинах присутствует Эмма Фрост. Правда ее фамилия в ""Росомахе"" не проговаривается, но способность становится алмазной все объясняет. И здесь Эмма уже довольно взрослая женщина, но в ""Начало. Росомаха"" она была довольно молодой, и способностей к телепатии не владела. 

- И напоследок в том же самом сольнике о Логане мы видим Профессора в исполнении Патрика Стюарта. Он пришел за детьми, но он был на ногах и без волос, как во флешбеке с Джин Грей в ""Последней битве"". Тут же он уже не сможет ходить, хотя он все еще с волосами. 

Если не принимать во внимание все эти расхождения, то фильм вам может понравится. Или если это было бы хотя бы перезапуском франшизы, но увы. Фильм интересный, и нас ждет еще две части новой приквел-трилогии."
