rating,title,text
"10,0",Чтец 2008,"<em>Добрый день,дорогие друзья.Спешу поделиться впечатлениями по данной экранизации книги Ш.Бернхарда &quot;Чтец&quot;.
Книга и ее прочтение отняли у меня всего лишь пару часов свободного времени,но подарили мне сногсшибательные воспоминания на всю жизнь. 
Эта история поразила мой разум,словно чахотка и раскрыла моё сердце на такую грустную и печальную историю любви,изображенную в данной картине кинематографа.
Высокая игра актеров и грамотный сценарий,придерживающийся книги очень заинтересовывает зрителя...
Я советую посмотреть этот фильм всем ценителям высокой морали и глубоко чувства.</em>"
