rating,title,text
"8,0",Джуно 2007,"Общее впечатление: Возвращаюсь в 2008 год, тогда лента получила премию «Оскар» за лучший оригинальный сценарий, а также была номинирована в 3-х других категориях, включая «Лучший фильм» и «Лучшую женскую роль» (Эллен Пейдж). Но так случилось, что я не слышала о картине ничего, обошла меня стороной, а зря.

В к/ф Джуно, которая сыграла Эллен Пейдж, стоит перед нелегким выбором, так вышло что она забеременела в 16 лет, это во все не упущение родителей, не недосмотр. Так случилось. Что теперь делать? Родить ребенка? Воспитывать? Или же искать другой выход. Еще совсем перед ребенком возникает множество вопросов, где она должна сделать правильный выбор и реализовать свое будущее.

Мне картина очень понравилась, достаточно большое количество эмоций можно испытать при просмотре: сочувствие, гнев, любовь, обида. Все благодаря отлично прописанному сценарию, эпизоды которые переходят от друг друга злободневны и будут актуальны всегда. Диалоги интересны, они наполнены смыслом, ни 1 слово не брошено на ветер. Касаемо героев, Джуно очень умная девушка, она понимает, что не справится с такой большой ответственностью, как родитель. Она ищет ребенку дом, не просто отдать, что явно было для нее тяжело, а подарить шанс родителям, у которых не может быть детей, сделать их счастливыми и соответственно дитя тоже. Если рассматривать картину, со стороны Джуно, вы не думали, что девочке может быть страшно? Перед ней множество разочарований: бойфренд, который струсил; незапланированная беременность в 16; любовь, которая как оказалось не может жить вечно; и что Дарио Ардженто не самый лучший в ужасах. Ее идеальный мир рушится с каждым разом, не лучшее взросление для девочки. Но как быть иначе. Принимая такое решение, она ищет поддержку в родителях — в мачехе (Эллисон Дженни), которая считает ее дочкой, она старается ее подбодрить, вытирая слезы. В отце (Джей Кей Симмонс), он понимающий и любящий, не стал устраивать скандал. Важно понимать ребенка, а не забивать его в угол, своими упреками! В бойфренде (Майкл Сера) — что говорить парень струсил, но смог остаться в трудную минуту с Джуно.

В жанре указана комедия, но по факту смешного здесь не так и много, как оказалось упор в драму. Мне было ужасно грустно, хоть и легкий настрой смог скрасить повествование, но не убрал слезы с моего лица. Такая пахнущая трагикомедия о муках выбора и нелегком взрослении. Где маленькая девочка Джуно становится женщиной. Не стоит ее судить, на ее плечи взвалилась непосильная ноша. И решительная Джуно смогла осчастливить одну женщину, оставшись в свои 16 подростком, хотя бы еще чуть-чуть. Но она не будет прежней, как это бы банально не звучало. Конечный кадр, где всё те же мальчишки бегут, указывает на то, что жизнь продолжается не смотря ни на что."
"10,0",Джуно 2007,"Я смотрел этот фильм 2 или 3 раза в компании друзей. Каждый раз убеждаюсь, что это уникальная картина и другой такой нет. Фильм затрагивает вроде бы важную социальную тему — подростковую беременность. Казалось бы нас ждут напутствия, и вообще фильм должен быть ориентирован на подростков. Но нет. Это универсальная лента для всех. Она лёгкая, необычная, интересная и смешная. 

Персонаж Эллен Пейдж невероятно харизматичен. Вообще многие герои в этом фильме интересны как личности. В фильме Джуно очень тёплая атмосфера, лёгкий и при этом закрученный сюжет. Советую для просмотра с девушкой или с друзьями. Если вам нравятся лёгкие фильмы с интересной начинкой, Джуно оставит хорошее впечатление."
