rating,title,text
"8,0",Восстание планеты обезьян 2011,"Жанр научной фантастики был популярен всегда и до сих пор остается одним из главных жанров в литературе во всем мире. 1963 год стал пиком для этого жанра, а все благодаря французскому писателю - Пьеру Булю, который дал жизнь научно-фантастическому роману: «Планета обезьян». После выхода романа тема порабощения человечества приматами начала всерьез беспокоить людей, из-за чего этот роман стал настолько популярным, что уже через пять лет вышел фильм, снятый по этой книге. Кинолента получилась довольно успешной и благодаря этому заслуженно заняла 350 место в списке 500 лучших фильмов по версии журнала Empire, став настоящей классикой мировой кино фантастики.

В 2001 году кинорежиссер-сказочник Тим Бертон, создал неудачный ремейк планеты обезьян, сняв в главной роли свою будущую жену - Хелен Бонем Картер. Казалось бы, тема раскрыта, но вот 10 лет спустя, огромные человеко-подобные животные, снова ворвались на большие экраны, пытаясь поставить все человечество на колени.

Восстание планеты обезьян - приквел классической истории, в котором рассказывается с чего все началось и почему забавные обезьянки вдруг поработили землю. Этот фильм о конфликте приматов и людей.

Картина снята очень проницательно и душевно. При просмотре фильм все же заставляет задуматься о многом, но прежде всего о наших аморальных поступках и отношению к окружающим."
"7,0",Восстание планеты обезьян 2011,"Именно такой слоган прикреплен к фильму, но у нас его локализировать не стали, а зря. Он очень гармонично описал весь фильм. История про поумневших обезьян оказалась вновь интересной, как и в далеком 2001 году, когда Тим Бертон выпустил ""Планету обезьян"".

Сюжет расскажет о том, как некая компания разрабатывало лекарство от альцгеймера и испытывала их на приматах. Но эксперимент прикрыли. Одно шимпанзе уцелело и герой Джеймса Франко оберегал его и назвал Цезарь. Эта обезьяна показывала отличные результаты и высокий уровень интеллекта. И все было бы хорошо, если бы Цезарь не стал задавать вопросы. Кто он? Он чувствует себя домашним питомцем, а не членом семьи, хотя Уилл, герой Франко, старается это исправлять.

Отец Уилла как раз болен, и этот препарат стал его спасением, но побочных эффектов было не избежать, и новых экспериментов тоже. Но мирная жизнь Цезаря закончилась из-за не очень приятного случая, и его поместили в специальное заведение, где содержали обезьян. Хоть и умный, но напуганный Цезарь не знал, что ему делать, и первая встреча с другими приматами оказалась не очень радужной. Но после этого мы начинаем замечать в нем изменения, как он из запуганной обезьяны становится вожаком.

Всегда нравился Франко, особенно, когда он в серьезных ролях. И Энди Серкиса стоит похвалить за его работу в роли Цезаря. Было приятно наблюдать кадры со съемок, как он мимикой изображает своего героя. Что же сказать о графике. По началу компьютерные шимпанзе резали глаза, но со временем привыкаешь к ним, и потом стараешься на это внимание не обращать. В целом фильм интересный, сюжет драматичный, и работа проделана хорошая, но самое главное, что он актуален. В том плане сколько люди делают экспериментов. Ведь события фильма напрямую зависят от человека. Хотелось, чтобы на этом фильме все и закончилось, но нет, впереди еще две части. И данное начало этой франшизы просмотра достойно."
"10,0",Восстание планеты обезьян 2011,"Вообще-то я не любитель смотреть фильмы, где люди издеваются над животными. Но многочисленные положительные отзывы об этой франшизе воодушевили меня на просмотр всей трилогии.

Графика превосходная, идея оригинальная, вот только название, якобы отсылающее к «Планете обезьян» 2001 года, здесь не в тему, потому что сюжет разворачивается немного в другую сторону. 

С природой шутки плохи. Не стоит вмешиваться в созданное природой творение и менять ею же намеченную траекторию развития, иначе эта самая природа может сыграть против нас. Действительно, если бы животные могли ответить человеку за все те издевательства над собой, то случился бы мировой апокалипсис. Животные превосходят человека физически, и им не хватает только мозгов, чтобы превзойти нас во всём. Появись у них способность мыслить — и нам кирдык.

Весь парадокс в том, что ради своего спасения мы ставим опасные эксперименты над нашими братьями меньшими, которые, к своему сожалению, больше всего на нас похожи. Вроде бы мы преследуем благую цель — пытаемся найти лекарства для человечества от всего: от рака, от маразма, от старения, в конце концов, от смерти, при этом подвергая риску жизнь ни в чём неповинных шимпанзе, истребляя их сотнями, а то и тысячами.

Джеймс Франко в роли главного экспериментатора откровенно скучает, ибо эта роль практически ничем не отличается от сыгранного им друга-врага «Человека-Паука». Какого-либо развития этого актёра в профессиональном плане я не заметила, но в этом фильме ему особо эмоционировать и не приходится.

Своей превосходной мимикой, очень похожей на человеческую, главный шимпанзе Цезарь обязан Энди Серкису, уже подарившему нам мимику Голлума из «Властелина колец». Если у Серкиса отлично получается изображать графических существ, почему бы не сделать это его фишкой? Ничего предосудительного в этом не вижу.

Я так понимаю этот фильм — только предыстория, поясняющая, как мы докатились до того, что подарили обезьянам целую планету, а сами стали их рабами. Ну теперь хоть понятно, что мы сами своими же руками вырыли себе яму."
