rating,title,text
"9,0",Подмена 2008,"Общее впечатление: Атмосферно «Подмена» погружает именно в конец 1920-х годов в Лос-Анджелесе. Улочки, одетые под ретро люди, особенно ГГ в повседной одежде, которой узнается старина того времени. Детально фильм проработан до мелочей, сразу чувствуется, что к картине подходили с делом. Но что так трогает в ленте, что заставляет сердце биться от ужаса и страха?.. Это сама тема.

Кристин Коллинз (Анджелина Джоли) обращается в полицию с заявлением об исчезновении своего сына Уолтера, главная героиня вскоре получает своего сына, но сообщает полицейским, что, несмотря на внешнее сходство, это не ее сын. Но как же так? Мальчик и полиция уверяют ее что это он, ее Уолтер, разве такое может быть, чтобы мать забыла свое дитя? И действительно ли это он? Или чья-то злая шутка? Если так, то кому это выгодно?

Самое страшное, что в этом фильме история не придумана, а реальна, и мало того что замешана коррупция, ложь и несправедливость сопровождающая повсюду фильм, а так же убийства и невнимания властей к закону. Волосы дыбом встают от того, что происходит в картине (дабы не наспойлерить, я не раскрываю вам всех карт, но что интересно, сюжетные повороты сдобрены хорошим саспенсом, затягивая в интригующий сюжет).

Несомненно, это худ. кино, поэтому ленте свойственна напущенная театральность, такая знаете манипуляция чувствами зрителей, но без драматичных моментов, увы, никак. Поэтому картина и направлена на массового зрителя, заставляя вжаться в кресло и… плакать. Очень грустно становится от увиденного, тяжело, но без этой истории, как не печально, не произошло бы много других знаковых вещей.

Многослойное кино, отлично проработанное в сценарном плане, великолепно обыгранное технической частью, оно останется у вас в памяти, вы не сможете забыть, да и спутать с другими картинами не получится. После просмотра собираешь все мысли воедино и понимаешь, как удивительно создана напряженная атмосфера. Иствуд смог пронести через весь хронометраж тревогу и интерес, не давая выдохнуть, а тяжко все равно на душе…"
"5,0",Подмена 2008,"Фильм вытянул только режиссер. Перед нами нет людей, есть типажи: хрупкая, но стойкая героиня, которая проходит бОльшую часть фильма со слезами в больших оленьих глазах, самоотверженные помощники, заштампованные коррумпированные полицейские и такой же плоский злодей со стандартным набором улыбок, взглядов и поступков. Нет характеров, нет развития, есть плоские фигурки со знаками + или -
Анджелина прекрасная актриса. Но, отощавшая, она потеряла былую красоту. На дальних планах и при правильном освещении еще ничего, но вот вблизи просто высохшая мумия с куриными лапками вместо кистей рук. Смотреть только по подписке, покупка-деньги на ветер. 5 звезд только из уважения к Клинту Иствуду и былым заслугам Анджелины."
"8,0",Подмена 2008,"Очень трогательная история, основанная на реальных событиях. Сюжет прост, но преподносится, как положено драме, постепенно и со вкусом. Еще одно доказательство того, что Клинт Иствуд может снимать картины различных жанров на высоком уровне. Что же, посмотрим на фильм.

У главной героини пропадает ребёнок. Мать, которая растит сына в одиночку, сразу начинает предпринимать меры по поиску. Всё туманно предстаёт зрителю. В процессе просмотра я делал множество догадок. События так красиво вносят в сюжет новые элементы, каждый раз добавляя немного фактов из прошлого, открывая некоторые события из настоящего, что невольно начинаешь вместе с героиней расследовать дело. Сильный интерес пробуждается, когда полиция подключается к делу, и вот тут происходит главный сюжетный поворот. Исходя из названия фильма, можно догадаться, что случилось. Дабы не вдаваться в большие спойлеры, вкратце поясню. И зрители, и мать логично всё ставят на свои места, но больше единомышленников нет. Абсурд или, скорее всего, оплошность блюстителей порядка заставили меня выплеснуть поток негодования на происшествие. 

В итоге, главная цель по поиску выполнена, а детективное бюро и шеф полиции предстают в лучшем свете. Именно подмена заставляет обратить внимание на главную героиню. Всякие доводы, результаты обследования и беседы с врачами доводят женщину до истерик. Сами посудите, материнское чувство ни за что не обманешь, но на долгой лжи человек меняется. И здесь только зрители способны ясно видеть картину. Огромная тоска наступает, когда наблюдаешь, как героиня всё скатывается и скатывается в пучину беззакония. Но лишь малая надежда и осознание своей правоты заставляют пробираться через пучину бед и страданий. Сильная женщина, любящая мать и справедливый человек. 

Завершая повествование, хочу добавить, что хоть у нас и непредвиденный финал, всё же он имеет временной характер. Кино закончилось, но не закончилась история, и даже новостные титры в конце заставляют гадать. Вот так красиво закончить фильм, на ноте надежды – превосходная работа. В одном эпизоде был чётко виден киноляп, пусть он и незначительный, и взаимодействует только со второстепенным персонажем, но всё же обращает на себя внимание.

Поначалу мне было трудно привыкнуть к имиджу Анджелины Джоли в этом фильме. Как героиня Джоли сыграла превосходно. Эмоции, чувства – всё говорит об актёрском таланте и грамотной работе оператора. Но стиль одежды и аксессуаров какое-то смятение вызвали. Всё же я привык к более современным её ролям. P.S. Пожалуй, женский взгляд лучше сможет описать данный образ. 

Картина впечатляющая и наполнена прекрасными чувствами. Да, возможно, на один раз, но в памяти она закрепилась полностью."
