rating,title,text
"10,0",Звездные войны: Эпизод 6 – Возвращение Джедая 1983,"Сегодня я заключил всю оригинальную трилогию «Звёздных войн» и пробел с гордостью восполнен, таким образом я надеялся восстановить знание классического канона и думаю что успешно справился с этой Миссией. Заключительный эпизод трилогии оказался длиннее первых двух, но это понятно, поскольку развязка всей истории обязана получиться подробней и насыщенней в событийном плане чем предыдущие две картины. В этом фильме мы узнаем сбудутся ли планы Императора и Вейдера, победит Зло или Добро, станет ли Люк основателем Академии Джедаев и что ещё важнее выясниться ли вся правда о происхождении главного героя. А также удачно ли завершится любовная коллизия, завязанная между Леей и Ханом Соло. Далее поделюсь впечатлениями от просмотра и выскажу несколько мыслей по этому поводу.

И всё-таки многое становится понятнее, когда есть на что нанизывать новые данные, когда есть изначальный стержень. В восьмидесятых, когда о приквеле только задумывались, но до воплощения была как до Китая известным местом, наверняка истовые фанаты выдвигали кучу теорий о том как всё начиналось, какова была ситуация и насколько сильно было влияние Джедаев, наверняка пелись песни по типу: «И Йода такой молодой…» или что-нибудь в таком духе, ведь советские дети наверняка впитывали в себя патриотизм именно со строчками из этой легендарной композиции «И вновь продолжается бой». Сейчас же поскольку классический канон попрали и он перешёл в разряд легенд стали вводить новых героев и переписывать. В восьмом эпизоде должна была быть Принцесса Лея, но кончина Керри Фишер поставила крест на предприятии и есть вероятность что поступят так же как и с Полом Уокером, о ней должны были не просто упомянуть, она там появилась, но был отснят не весь материал. Жаль конечно, но из ситуации нужно как-то выкрутится, и думаю её решат.

Сюжет, начатый четвёртым эпизодом, продолжается и близиться развязка, в первой половине фильма проходила чётко спланированная операция по спасению Хана из лап Джаббы Хатта, на его службе находится Бобба Фетт, сын того самого наёмника, что плодил для Ситхов армию Клонов. Удивительно что Джабба видимо последний в своём роде, но глядя на его гарем, как-то не верится что он не позаботился о своём потомстве. Стоит отметить что во всех фильмах по «Звёздным воинам» хороши не только истории, декорации, но и визуальная проработка персонажей. У каждой расы свои какие-то особенности внешние, речевые и внутренние, не доступные глазу, но ведь для того и нужны книги с письменными сочинениями, чтобы по возможности раскрыть богатство внутреннего мира инопланетян и подходить к ним сугубо с биологической точки зрения несовсем правильно. В зале аудиенций заметил одну из рас, где были преимущественно девушки и они сильно были похожи на ту оперную певицу в «Пятом Элементе», думаю что она была списана с этих существ. Вот и нашли одну из отсылок, создающую культурное влияние на кинематограф будущего. Вообще сложилось впечатление что в оригинальной трилогии упор идёт не столько на зрелищные битвы, благо их немного, лично я насчитал всего две или три за всю трилогию, сколько на историю, на то как разрешится конфликт, завязанный в будущем приквеле, куда двинется история, как повернётся сюжет и как не запутаться во временном парадоксе событий.

Отмечу композиторскую работу Джона Уильямса и операторскую работу, потому что картинка и звук – это два основных источника восприятия фильма, мы должны не только видеть что происходит на экране, но и слышать, иначе перцепция будет неполной. Картинка приятно радует глаз, особенно в HD качестве, когда каждый блик на форме Вейдера видится как будто под лупой. Камера берёт правильные ракурсы, особенно во время погонь. Удачно сведены и вплетены в общее звучание звуки взрывов, двигателей и выстрелов, в общем саунд-миксе звучат неплохо. Выдвигался на Оскар и  восемьдесят четвёртом получил его за особые достижения,  номинация за лучший звук тоже была, но он я так понял прошёл вне общей конкурсной программы.
Не буду много распространятся об актёрских работах подробно, поскольку делал это в предыдущих рецензиях, скажу лишь что наконец-то я смог оценить грим актёра, играющего Дарта Вейдера, и зрелище это не для слабых духом, великолепны все работы, ещё раз отмечу что Харрисон Форд хорош в своей роли, вообще все сыграли прекрасно, особенно те кто делал инопланетян эвоков, они милы и пушисты, живут племенем и верят в божества, хорошо проработана мифология. Финальная битва как всегда заставила трепетать и я вновь перенёсся на много лет назад, снова меня посетило сильное чувство ностальгии.

В качестве итога: Фильм отличный, я оценил по достоинству, мне понравилось. Оценю фильм максимальным баллом и порекомендую, прежде чем смотреть новые фильмы в этой вселенной, ознакомится с этими работами, дабы нанизывать знания на какой-то стержень, чтобы не сидеть с тупым выражением лица, не понимая кто за кого сражается, а немного изучить матчасть и углубится. В ближайшее время отвлекусь от Звёздных Войн чтобы потом с новыми силами ознакомится с новым каноном и расширить старый, посмотрев анимационные работы и некоторые сериалы, может даже прочту несколько книг, чтобы ничего не упустить, но это как карта ляжет. Рекомендую к просмотру всем любителям фантастических приключений с элементами боевика и труфанам, уважающим классику. Всем Добра и приятного Просмотра!"
"7,0",Звездные войны: Эпизод 6 – Возвращение Джедая 1983,"Настал момент, когда должно все решиться. Империя строит новую Звезду Смерти, но Альянсу это не мешает бороться до конца. Финальная схватка, теперь уже джедая, Люка Скайуокера с его отцом, Дартом Вейдером, неизбежна.

Фильм можно разделить на две части: первая (освобождение Хана Соло из плена Джабба Хатта) и вторая (битва с имперскими войсками). Обе части были хороши и интересны.

Очень хочется отметить местных жителей на планете Эндор, которых зовут эвоки. Они похожи на таких плюшевых мишек, которые могут дать отпор. С ними так много сцен, что запомнить хотя бы некоторые из них просто нельзя.

Техническая сторона фильма так же радует, эффекты и съемка на высшем уровне, что уж говорить о музыке в фильме. Стоит посмотреть всем, ведь история на этом кончается, если не брать в пример, что спустя 30 с лишним лет вышло продолжение."
