rating,title,text
"7,0",Зеленый Фонарь 2011,"Режиссура. Ну как-то особенного я ничего не увидел. Иногда бывает: смотришь фильм, и тебя захватывает то, как режиссёр изображает картины до этого неизвестные, фантастические, или даже наоборот: самые обычные, обыденные ситуации показываются так, как ты даже не думал их увидеть. Так было со мной после просмотра «Тёмного Рыцаря», «Возвращения Супермена», «V значит Вендетта». Однако про этот фильм я так сказать не могу. Хорошая режиссёрская работа, на высоком уровне, но, как показалось мне, ничего в духе введений Кристофера Нолана или Брайана Сингера Мартину Кэмпбеллу сделать не удалось. Просто добротно сделанный фильм в духе MARVEL (а не DC).

Сценарий. Никогда сильно не увлекался комиксами. Единственное, на что меня хватало — комиксы о Человеке-Пауке, и то не надолго хватило. Так что сравнивать сюжет этого фильма с какими-то оригинальными версиями событий я не могу. Буду, как говорится, плясать от печки, то есть судить по впечатлениям. Напрягали конечно некоторые мелочи, о которых было упомянуто в других рецензиях, как то: поразительные чудеса конспирации Хела, а именно его неузнаваемость за весьма маленькой зелёненькой масочкой; довольно-таки спокойные реакции персонажей на появление инопланетных форм жизни (как-то больно не увлеченно главная героиня слушала рассказ о фонарях); странный друг Хела (не знаю почему, просто он мне показался странным). Во всём этом удручает только то, что имея представление об этих моментах, кино-делатели продолжают упорно «наступать на те же грабли». Хотя, кто знает, может так оно всё и задумано? Хм…

Актёры. Актёрский состав оказался как раз в стиле фильмов DC COMICS. Есть известные лица, и есть неизвестные — это мне всегда нравилось. Райан Рейнольдс в картине красавец, причем во всех смыслах. Да что там, он везде красавец, с этим не поспоришь, поэтому про него писать не буду, он и так в шоколаде. Отлично справился. Я вот лучше скажу побольше о на первых порах неизвестной мне красотке Блейк Лайвли. Честно, во время фильма меня терзали сомнения: лицо казалось мне жутко знакомым, но вспомнить не мог, хоть убейте. Пришёл домой, залез на КиноПоиск. РУ и нашёл на её странице до боли знакомое название — «Джинсы-Талисманы». И ведь действительно, был такой фильм. Вот тогда я и вспомнил, откуда я знаю лицо этой актрисы — из этого старого фильма. Что ж, изменилась. Похорошела, повзрослела, ну вот просто всё в лучшую сторону пошло. Это радует, это очень радует. В «Фонаре» она смотрелась как нельзя замечательно. Да и играла вроде бы неплохо, на уровне со всеми, за это спасибо. Ну и напоследок ещё один… нет, два человека — Питер Сарсгаард и Марк Стронг. Что касается первого, то немного непривычно было увидеть его в такой роли. Я больше привык следить за ним в несколько других фильмах (например «Страна Садов» или «Иллюзия Полёта»). Поэтому и зацепил — потому что неожиданно. А вот Марк Стронг подал мне задачку в стиле «что в чёрном ящике». Реально не мог понять кто это (одно время, только не смейтесь, подозрения падали на Стенли Туччи). Но теперь знаю, что в роли Синестро был невероятный Марк Стронг. Так что для меня актёрский состав фильма ещё и сюрпризы преподнёс помимо удовольствия. Это дорогого стоит, так сказать, дали насладиться послевкусием.

Музыка. Стало заметно, что композиторы в современных фильмах часто стали использовать рок обработки score`овских композиций. Так же поступил и Джеймс Ньютон Ховард. Но, в отличие от многих картин, сюда такая вариация подошла. Музыка сочеталась с тем, что происходит на экране, и создавала дополнительное впечатление, такое необычное и таинственное. Мне очень понравилось.

В заключение хочу остановится на коротеньком сравнении MARVEL и DC COMICS, ибо мимо этого я пройти не мог. Сразу обозначу свою позицию: лично я фанат фильмов DC. Объясняю я это несколькими факторами: во-первых, фильмы DC мне кажутся более серьезными и мощными по восприятию; во-вторых, каждый фильм от DC — это отдельное творение, непохожее на предыдущие картины, тогда как в фильмах MARVEL есть сходства. Но это лишь моё мнение. Ну а в целом, вернёмся исключительно к «Зелёному Фонарю». Фильм классный, кому-то не понравился, ну это бывает. Не может быть всегда хорошо, хотя и эта картина тоже хороша, что бы ни говорили."
"5,0",Зеленый Фонарь 2011,"Забавно, как «дух времени» и общие тенденции кинематографа влияют на восприятия публикой того или иного кинокомикса. Взять, например, «Зелёный фонарь» - наверное, самый неоднозначный кинокомикс из всех когда-либо существовавших.

Чтобы поподробнее проникнуть в суть экранизации, необходимо принять во внимание два факта: первоисточник и время, когда вышел фильм. Что касается самого супергероя, то Зелёный Фонарь был и является одним из самых любопытных героев DC Comics. У него мощный моральный стержень, посильнее, чем у Бэтмена или Супермена. Необычные способности и научно-фантастическая тематика его приключений также играют в плюс экранизации. Так что идея воплотить в виде фильма похождения космического мстителя весьма благородна. Но вот что касается самой подачи к моменту выхода фильма и в наши дни… чтож, здесь есть проблемы.

Если бы «Зелёный Фонарь» вышел в начала 2000-х, то этому фильму бы цены не было. «Человек-паук» (https://www.ivi.ru/watch/63763/ ), «Фантастическая четверка» (https://www.ivi.ru/watch/87504 ) и прочие фильмы о супергероях тех лет были весёлыми, если не сказать, что детскими, увлекательными и простыми. Жанр эволюционировал, кинокомиксы становились масштабнее, умнее и взрослее… а «Зелёный фонарь» остался на уровне детского приключения. 

В то время как многие современные кинокомиксы уделяют много внимания персонажам и их душевным терзаниям, «Зелёный Фонарь» вышел обыкновенной сказкой, способной вызвать восторг разве что у ребёнка. Сценарий полон сюжетных дыр, первоисточник в виде комикса не был переосмыслен или воплощен – такое чувство, что никто из съемочной группы даже мультфильмы не смотрели. 

Теперь о достоинствах. Во-первых, это кино, во время просмотра которого думать не стоит. Следует лишь наслаждаться неплохим экшном, хорошими спецэффектами и добротным юмором. Во-вторых, это Райн Рейнольдс, постигавший мир комиксов и копивший деньжат на «Дэдпула» (https://www.ivi.ru/watch/131261 ). Именно поэтому оценка средняя."
