rating,title,text
"10,0",Список Шиндлера 1993,"Один из самых лучших фильмов который я смотрел. Сложно писать что то про такие фильмы, очень сложно. Для таких картин очень непросто найти какие то слова, как то описать, рассказать про них. Все опирается на твои эмоции, ощущения, а если они искренни описать их  невозможно.

По началу он меня отпугивал, так как фильм идет аж три часа, да еще черно-белый. Да может первые минут тридцать он скучноват, неспешен. Но потом уже не можешь оторваться, просто одни эмоции, а финал это что то с чем то, тут волей неволей заплачешь. 

Настолько страшно и реалистично показать геноцид еврейского народа очень непростая задача, но не для Стивена Спилберга. У него это получилось, как и все в этой картине. Он снял по настоящему монументальное кино, которое не забудут никогда. Также очень удачный ход с черно-белой съемкой, это создает какой то необъяснимый эмоциональный эффект и глубину. Цветным бы он ощущался по другому.

Конечно хочется сказать и про актерские работы, они тут шикарны, что Рэйф Файнс, что Бен Кингсли, ну и конечно же Лиам Нисон. После этого фильма мое отношение к этому актеру поменялось кардинально, очень досадно что у него только номинация на Оскар, будь у него эта награда, он бы сейчас не снимался во всяких второсортных боевиках.

[B]Фильм ясно показывает насколько люди могут быть безмерно жестоки, и насколько могут быть безмерно великодушны.[/B] Оскар Шиндлер настоящий герой. Спасти столько человеческих жизней, тут и говорить что то излишне.  Очень интересно наблюдать за трансформацией персонажа на протяжении всего фильма. Оскар в начале и в конце, два разных человека.

Этот фильм по моему должен посмотреть каждый. Просто нет слов..."
"10,0",Список Шиндлера 1993,"Пройдёмся по шедеврам. Поначалу меня, как и многих зрителей, оттолкнул просмотр в чёрно-белой съёмке, привыкли уже к краскам, но не стоит судить только по внешнему виду, и если ты заядлый киноман, то любое кино перед просмотром должно быть равно. Тут у нас великое творение Стивена Спилберга, 7 премий Оскар, всеобщий почёт и высокий рейтинг, начиная с 1993 года. Тяжелый фильм, пропитанный болью и отвращением, смелостью и добротой. 

Военное время – весьма пространственная тема в экранизациях: не многие актёры соглашаются на роли, одни фильмы не дотягивают, ссылаясь на современные технологии и качество съёмки, что нельзя сказать об этом. Оскар Шиндлер – интересная и строгая личность, который с первых минут вызывает странные ощущения, но на фоне всего творившегося ужаса, этот фабрикант запал в душу многим. Вторая мировая война принесла много жертв, но если бои и сражения были у киноделов на первом месте, то «Список Шиндлера» показывает обратную сторону медали, как жилось обычным гражданам, евреям, жертвам в оккупированных городах. Действия фильма происходят в городе Кракове, куда прибыл Оскар для организации работы фабрики, дабы люди получили работу. Только представьте, что люди здесь – игрушки нацистов, развлечения, и если случайно кого-то ловят, то жить ему осталось недолго. Шиндлер вызывает уважения со стороны немецких солдат, а как предпринимателя уважают его и жертвы оккупации. 

Стойкий, строгий и уверенный герой, чьи цели давно распланированы наперед, постепенно добивается желаемых результатов. Отдаляясь от его деятельности, остановим взгляд на главном злодее картины, по сути, все фашисты омерзительны и вызывают у зрителя только ужас, ужас от своих действий по отношению к гражданам. И вот на вершине этого букета страха восседает само зло – офицер Амон Гётт. До мозга костей националист, дилетант и палач. Евреем несдобровать ! Жестокость, с которой сказывается его появление в городе, равносильно цели его приезда – всех отправить из концлагерей в Аушвиц для дальнейшего уничтожения ! Вот эта манера показать силу и власть, эта уверенность до того пробирают, что ты не выдерживаешь просмотр, внутри тебя стихийное бедствие от происходящего ужаса, при этом оторваться от экрана нет сил. Фильм заслужил такую репутацию вовсе не адским трэшем, а безжалостным поведением, не щадя никого: мужчины, женщины, дети – захотелось ему пострелять с балкона по пленным, он стреляет. Убежишь – расстреляют солдаты. Выхода нет, всё сказывается на везении. Причём, женщинам очень повезет, если они смогут оказаться в роли «подстилки», да и то временно. Ужас, который охватывает Оскара, и его дальнейшие меры по спасению людей от смерти, заставляют восхищаться и боготворить этому персонажу. Без разницы, какими именно путями, главное добиться результата по спасению как можно больше невинных жертв. 

Переходный момент настаёт после перемены положения сил в войне, ведь любая неприятная новость для офицера в тройном размере сказывается на пленниках. Фильм этим и пробирает, что после просмотра ты в таком ажиотаже, что спать не можешь. Да и просмотр чего-либо после «Списка Шиндлера» не вызывает интереса и даже желания. Три с половиной часа хронометража совсем не замечаешь. Легендарная музыка Джона Уильямса переносит боль и жалость по всему телу, пробирая своими тонкими звуками до костей. Шедевр ! Больше и говорить нечего ! Великолепное исполнение роли Оскара Лиамом Нисоном считается одной из лучших за всю историю кинематографа. Но актёрская игра Рэйфа Файнса, который в основном играет только негодяев, заставляет аплодировать стоя. Он добился того, чтобы его героя ненавидели все ! Бен Кингсли стойкий и спокойный, немного скрытный под тенью Нисона, но такова была его роль.
 
Если вы ещё не смотрели данный фильм, то он должен идти в обязательном порядке. Легенды бессмертны, поэтому такие картины на века ! Блестяще !"
"10,0",Список Шиндлера 1993,"Действия фильма происходит в Польше во времена Второй Мировой войны. Молодой амбициозный бизнесмен Оскар Шиндлер (Лиам Нисон) прибывает в Краков для обогащения своего кошелька. Весельчак Оскар, который умеет заводить публику и находить общий язык с людьми, быстро знакомится со всеми высшими чинами СС, тем самым пробивая себе дорогу до своей цели, постройки завода по производству эмалированной посуды для нужд армии. 

Проблема Оскара в том, что у него нет денег на постройку завода, но он знает где их достать. В этом ему помогут евреи, которые в это время оказываются в гетто. Еврейские богачи вкладывают все свои деньги в завод Шиндлера, а взамен получают возможность обмениваться товарами первой необходимости. Прибыль Шиндлера растет, все больше и больше евреев хотят работать на Оскара, только таким образом можно спастись от гетто. Но, все меняется, когда в Краков приезжает офицер СС Амон Гёт (Рейф Файнс). Империя Шиндлера и жизнь всего еврейского народа начинает висеть на волоске…

Стивен Спилберг снял по истине тяжелую и очень мрачную картину, которая была основана на романе Томаса Кенилли «Ковчег Шиндлера», а последняя списана с реально существующего человека. Фильм раскрывает одну из самых страшных страниц истории, а именно истории геноцида еврейского народа. Время Холокоста. Те люди, которые выжили в те страшные времена, никогда не смогут забыть ужасы того времени. Режиссер смог сделать то, что возможно и не стоило делать. Он передал весь тот кошмар, эмоции и смерть на экраны. Картина, снята в черно-белом фоне, таким образом Спилберг демонстрирует нам, что в войне нет цветных красок, есть только кровь и смерть и отчаяние.  Стоит отметить так же операторскую работу, все эмоции и переживания людей особенно в сценах насилия, с точностью переданы. Снимая крупным планом оператор как будто ведет нас за руку показывает нам сцены переживаний и страх людей перед скорой гибелью, детей которых насильно забирают от матерей, умирающих стариков, которые не в силах подняться на ноги. Большинство диалогов персонажей сняты крупным планом, что бы зритель смог почувствовать себя одним из главных героев, взглянуть им в глаза, понять, что они чувствуют, что ими движет? Таким образом общий тон фильма четко передает все те события, которые происходили в 40-е года XX ст.

Актеры выложились на полную, дует Шиндлера (Лиам Нисон) и Штерна (Бен Кингсли) еще надолго останется в моей памяти. На протяжении всего фильма, эти персонажи открывались постепенно и досмотрев до самых титров хочется встать и сказать: «Верю» при этом поддерживая громкими аплодисментами. Главный антагонист Амон Гёт (Рейф Файнс), персонаж, который считает себя богом, и только он вправе вершить судьбы людей. Наверняка у зрителя возникнет огромное желание задушить этого персонажа.

Список Шиндлера – это история не об одном человеке, это история о миллионах людей, которым было суждено сражаться за свою жизнь и выживать вопреки всему. Фильм, после просмотра которого, вы взглянете на жизнь совсем другим взглядом! Обязателен к просмотру!"
"10,0",Список Шиндлера 1993,"И как только удаётся Спилбергу вести разговоры со зрителем только на самые душещипательные темы? Где он их находит? Семь премий ""Оскар"", три ""Золотых Глобуса"", семь премий Британской академии и ещё много-много всего. При бюджете всего в 22 млн долларов, картина собрала 320 млн. Сейчас это наверное не так удивительно, но фильм вышел в 1993 году. Для того времени это рекордные показатели.

Не хочу ничего слушать о расчётливости Спилберга, который, поднимая в фильме тему Холакоста, предсказуемо заработал не хилую сумму. Так сказать, сам, по сути, ничего не сделал, а только содрал сюжет из уст евреев. Но если всё так просто, то почему больше никому в голову не пришло об этом снять фильм? Что ни говори, но Спилберг гениальный режиссёр. Три с лишним часа держать зрителя в напряжении дано не каждому. На первый взгляд, история вроде бы знакомая, и уже даже знаешь, что будет дальше и чем всё закончится, но постоянно появляются какие-то неожиданные повороты, после которых начинаешь сомневаться. Спилберг такой Спилберг.

Оскар Шиндлер - реально существовавший человек. Член нацистской партии, в годы войны он руководил заводом по изготовлению эмалированной посуды, где трудились только евреи - дешёвая рабочая сила. И евреи были не простые, а буквально вырванные из лап нацистов, пытающихся их отправить в Освенцим ""принять душ"". С первого взгляда Шиндлер не показался мне благородным рыцарем, прискакавшем на коне, чтобы спасти евреев из загребущих лап смерти. Он цинично торгуется за них, как за вещь, он легко прикладывает пистолет к их виску и выстреливает в упор. Я представляла, что Шиндлер во всеуслышание будет защищать евреев и прикрывать их от нацистов. Но далее ситуация немного проясняется. Почему он так себя ведёт? Потому что у него нет выбора. Если он хочет спасти как можно больше жизней, нужно уметь притворяться жестоким и бессердечным нацистом. Парадокс.

- Всё хорошо? А в следующем месяце не может быть хуже?
- Война может закончиться.

Когда приходит конец войне, то в голове только один вопрос: за что они страдали? Вот всё закончилось и пора бы вернуться к прежней жизни, а всё произошедшее забыть как ночной кошмар. Но жить как прежде не получится - слишком глубокий отпечаток остался. Это чувство, когда ещё минуту назад ты считал себя рабом, но теперь вдруг говорят, что война окончена и ты свободен. Теперь все ужасы в прошлом. Вроде бы время радоваться и ликовать. Но внутри бессилие и пустота. Пустота от потери близких, всего, чем дорожил, пустота от потери собственного достоинства и самого себя. Столько лет слышать, что ты недочеловек, терпеть издевательства, и вот ты свободен. Иди. Никто не задумывается, что будет, когда всё закончится. Никто и не думает, что это когда-нибудь кончится. Все переживания только о том, лишь бы твоё имя оказалось в списке Шиндлера, ведь этот список - сама жизнь.

Не зря Спилберг решил снять чёрно-белый фильм. Я думаю, будь он цветным - впечатление было бы не таким глубоким, я бы понимала, что смотрю просто фильм, а не целую историю. А чёрно-белые тона воссоздают правильную мрачную атмосферу, которая преследует героев фильма. Психологически фильм очень тяжёлый. Много насилия, выстрелов, преимущественно в голову, крови, рыданий, а ведь там ещё и дети были.

Чудесное трио: Лиам Ниссон, Бен Кингсли, Рэйф Файнс - прекрасный костяк. Спасатель, его помощник и сам демон во плоти. У меня иногда создавалось впечатление, что Амон Гет психически нездоровый человек, да они все там, по моему, были слегка того. Только Шиндлер более-менее адекватный. Я просто не понимаю за что так сильно можно ненавидеть людей, которых они не задумываясь убивали. И стреляли-то они не по приказу, а по собственной прихоти. Я видела, как они прям кайфовали от каждого выстрела в еврейскую голову. За что? Что конкретно люди, убитые Амоном Гет, сделали ему плохого? Видимо, Шиндлер это понимал и вытаскивал евреев как мог, стараясь при этом не вызывать подозрений. В отличие от остальных его ""коллег"" он не был лишён сострадания и чувства справедливости, за что ему и по сейчас благодарны."
