rating,title,text
"9,0",Элизиум: Рай не на Земле 2013,"Почти два часа, сто миллионов долларов, ураганный экшен, острая социальная тематика, по-голливудски, смазливые и, выпрашивающие слезу, сентиментальные сцены — это и есть Элизиум. А вот рай это или не рай — решать вам.

В фильмах Нила Бломкампа, даром, что их всего два полнометражных, всегда ясно, куда же ушли все деньги из бюджета — конечно на спецэффекты. Да еще и удивляешься — неужели, за такие деньги можно все это снять?! Правда-правда. От его фильмов, в независимости от того нравится ли вам сюжет, получаешь настоящее эстетическое наслаждение. Внешность в таких случаях играет ту же роль, что и внутреннее содержание. Молодой режиссер умудрился очень быстро выработать свой кино-стиль. Он просто ворвался в киноиндустрию, совсем недавно его мало, кто знал, а теперь он уже, о боже, кинозвезда. Учитывая, что он еще и сценарист, получается беспроигрышная схема мувимэйкера — давайте деньги, остальное я сделаю сам. Что ж, разве не отличное начало?

Знаете, не нужно быть политиком или, каким-нибудь футурологом, чтобы понять — сценарий Элизиума сильно отдает бутафорией. Это когда человек берет ручку (или ноутбук, в стиле будущего) и создает свой собственный мир, не слишком глубоко его прописывает, но опорные пункты, проблемы, отмечает. При этом все объективные законы реальности просто попираются. Мое воображение, что хочу, то и ворочу. Так бывает, когда в кино на Землю нападают инопланетяне. Не надо быть астрономом, чтобы понять — для этого требуется корабль, летящий, хотя бы(!) со скоростью света. Высокие технологи, однако. И тут оказывается, что пришельцы — это какие-то полудикие разумные тараканы, только ростом с людей. Как же они построили свой корабль, когда единственное, чем они озабочены — это сколько бы людей съесть? Нестыковочка, мягко говоря. Пример по-лучше, Аватар. Люди достигли небывалого технологического прогресса — добрались до другой планеты и что же они там делают? Изучают, исследуют? Только для вида. На самом деле… хотят истребить все местное население (разумные тараканы в обличии людей?). Какой-то «Colonel» устраивает настоящий геноцид коренного населения (катастрофа космического масштаба) — и всем пофиг, с Земли (а она есть?) его никто не вызывает, только кучка храбрых и честных… и т. д. Нет уж, мне больше нравятся Стругацкие.

Все это можно назвать дилетантизмом кинематографистов, а можно — пофигизмом сценаристов. «Элизиум: Рай не на Земле» тоже этим болен. Земля превратилась в огромную свалку, но не как в Валли, потому что среди этого мусора, распада и анархии живут, вероятно, миллиарды людей. В Лос Анджелесе окончательно восторжествовал испанский (вот в это я верю). Других городов там не показано, поэтому неизвестно существуют ли они. Зато, по-прежнему, есть Bugatti, только теперь они делают роскошные космические шаттлы, на которых летают эллизиумцы или эллизиумяне. Жители космической станции, живописно расположившейся недалеко от затхлой Земли. Каждый житель нашей планеты мечтает попасть туда с детства, например Макс (Мэтт Деймон). Но проживает там только элита, пускают — только по номерам, связанным с ДНК. Заправляет там всем таинственный президент и влиятельный министр Делакорт (Джоди Фостер). Тут, как в сказке — откуда они взялись, как пришли к власти — неизвестно, зато точно известно, что они очень могущественные. Отдадим должное сценарию — кто построил Элизиум и зачем, тоже не понятно. И где нашлись средства, если все человечество, так обнищало во всех смыслах? Кажется, что он был всегда. Но главное не это. Главное — это борьба бедных и обездоленных с властными богачами, несправедливо заграбаставшими все блага в свои руки. При чем эти властолюбцы не справедливы в самой крайне мере. В будущем, оказывается, изобрели капсулы регенерации. Они способны вылечить любую болезнь! На Элизиуме такая стоит чуть ли не в каждом доме, а вот на Земле нет ни одно! Почему? Я думаю, что власти на космической станции настолько вредные, что день и ночь думают, как бы ущемленным во всех смыслах землянам сделать еще хуже. Чтоб было уж совсем невыносимо жить. А сценарист, Нил Бломкамп, очень хочет, чтобы зрители плакали весь фильм от горя — от того, какую несправедливость придется пережить нашим далеким потомкам. Не думайте — это не чистая фантастика — это футурологический прогноз режиссера. Помните, 99% — бедных и 1% богатых.

We are the 99%!

Как же люди дошли до жизни такой? Что случилось в промежутке между 2013 и 2154? Может ядерная война или какой-то катаклизм по-серьезнее, может высадка пришельцев в Районе N9 даром не прошла для землян? Нет ответа у нас для вас, зрители, говорит режиссер. Как то само получилось, наверное. Как апокалипсис приходит — пришел Элизиум.

Так есть ли что-то светлое в этом мрачном будущем? Хоть какая-то надежда на человечество? Оказывается, что будущее пришло и то, что люди не погибли в прошлом — уже достаточное доказательство состоятельности и успешности человечества. Сейчас мы, впервые, выходим за пределы Земли и в кино, и в книгах, и в реальности. Технологии, которые были применены Бломкампом во время съемок Элизиума — самый главный вызов его теории (если это можно так назвать) постепенного упадка человечества. Роботы, космические корабли, капсулы регенерации в самом фильме — символы прогресса.

Получается парадокс — для того, чтобы кино-Элизиум мог существовать, нужно, чтобы реального Элизиума не было.

Скорость картинки, виртуозность монтажа, визуальная составляющая — находятся на высочайшем уровне. Темп развития киноиндустрии таков, какой не был возможен еще десяток лет назад. Все это заставляет задуматься, каким будет кино уже через 20 лет. Можем ли мы сейчас себе это представить? У меня прогноз только позитивный.

Когда режиссер начинает заигрывать с сентиментализмом: появляются больные девочки, плачущие матери, слова «ты особенный», — становится скучновато. Но благодаря скорости, графике, масштабности даже, да и общей атмосфере будущего — фильм получает мощный живительный электрический заряд."
"7,0",Элизиум: Рай не на Земле 2013,"Представьте мир, полный спокойствия и успокоения. Мир, в котором царит жёсткий контроль и каждая экстренная ситуация - не более, чем тренировка. Хотели бы жить в таком царстве? Конечно, без вопросов, да? Но, как известно, у каждой светлой стороны есть своя противоположность. В данном случае, вторая сторона такого мира - хаос и безобразие. Центр государства, в котором доминирует борьба за жизнь, а контроль над обществом и цивилизацией считается даром Божьим. Жить в таких условиях захочется мало кому, но места в раю недостаточно, чтобы предоставлять его каждому. Запомните эти слова, ибо в скором будущем обществу будет необходимо делать так - делить стороны на две части во благо себе. Вот только, что делать тем, кто окажется на дне океана? И что делать «счастливцам» с теми, кто пытается выкарабкаться со дна? Нил Бломкамп, полюбивший родные пенаты, постарался показать малую часть дальнейшей жизни человечества. Думаете, всё это - вымысел, основанный для двухчасового кино? Как-бы ни так. Каждое из творений несёт смысл, вспоминать о котором будет каждый посмотревший его картину. Вот только тогда, в будущем, вспомнив любую из его кинолент, мы сможем сказать единственное: «А ведь он был прав, черт побери...». Каждая новая лента заставляет ждать новизну прекрасного режиссёра не потому, что кино снято интересно и качественно, а потому, что в нём будет заложен мудрый смысл. В этом деле Нил хорош, без вопросов.

Земля - место, которое отныне напоминает свалку, а не планету. В 2154 году, времени, когда технологии достигли своего пика, человечество стремительно идёт в ранг «отбросы». Машины заменяют все - их боготворят, в них нуждаются, их хочет каждый. «Скоро начнётся процесс выживания... Процесс, в ходе которого выживут самые сильные из слабейших. Из победителей сделают пушечное мясо, которыми время от времени будут управлять. Каждый, кто хоть как-то проявит себя - счастливчик, но и его со временем ждёт участь, поработившая угнетённых, то есть - смерть», - именно так можно описать будущую жизнь землян. Увы, но время, когда элита общества окончательно наступит на рабочий класс настанет слишком скоро. «Элизиум» чётко показывает, что и как мы будем делать после совершенной реформации в обществе.

Элизиум. Настоящий рай для жителей. Мечтали о месте, где все, что ты желаешь - доступно? Конечно же. Что значит Элизиум для их обитателей и жителей Земли? Небо и земля - такое даже не сравнивается. Каждый хочет оказаться на этой станции, но не каждому дано. Элита пользуется людьми, как пешками и они ничего не могут с этим поделать. На Элизиуме сидит такое же руководство, которое считает так же, как и его жители. Их главное желание от землян, чтобы рабочие продолжали приносить ресурсы для работоспособности космической станции. А что там с самими людьми и их здоровьем - пустяк, который сгинет с их же телом. У богачей давно пропало чувство, когда сострадание хоть как-то мучает их совесть. Отныне у них нет забот, только личные прерогативы. 

Элизиум 2154 года представляет собой что-то среднее между технологически развивающимся миром и постапокалипсисом в условиях выживания. Земля, находясь на грани разрушения, переживает последние корни, пущенные человечеством давным-давно. Естественно, как это обычно бывает, мародёры и прочие влиятельные люди пытаются вытянуть из всего этого пользу, что для них удачно выходит. Нил Бломкамп, в первую очередь, хотел показать конфликт между двумя слоями общества, который будет актуален в каждое время. У Земли нет будущего - элита общества давно это поняла, именно поэтому был создан Элизиум. Но в то же время Нил хотел подчеркнуть, что статусное равенство может существовать не только у бедных и богатых. У последних конфликты равноправенства возникают довольно часто, что порой приводит к свершению самосуда. С философской точки зрения, главные антагонисты картины, а именно - наёмный убийца Крюгер (Шарлто Копли) и государственный чиновник Делакур (Джоди Фостер) - люди с собственными целями. Для них - дела политиков не столь важны. Их заботы - их дела. Оба персонажа хотят, чтобы личные интересы не были кем-то нарушены, поэтому и стремятся к их ликвидации любым способом. Вот только, стоит различать разницу между желаемым и безумием.

Крюгер, аka «Самый интересный персонаж картины». Шарлто Копли, любитель Нила Бломпкампа, участвует практически во всех проектах своего соотечественника. На сей раз уроженцу Йоханнесбурга досталась роль бывшего военного, а ныне наёмного убийцы, нанимаемого высшими чинами государства. Крюгер - это Джокер мира DC Comics. Являясь маниакальным убийцей Крюгер находит цель, от которой полностью сходит с ума. Это не то безумие, которое разжижает мозг. У профессионала появился соперник, способный серьёзно поиграть на его биографии. За персонажем Шарлто интересно наблюдать вовсе не из-за раскрытия его личности, а из-за самого актёра. Будучи вовлеченный в процесс, Шарлто показывает достойную игру социопата. К концу ленты понимаешь, что посторонние вещи (политика, чиновники) ему надоели. Он хочет достичь своей цели и неважно каким образом это сделать.

Министр Делакур, ака «Женщина со своими заботами, сильная снаружи, но робкая внутри». Джоди Фостер схожа с прошлым персонажем общими интересами. Вначале, для каждого из них важна одна цель, но по мере развития сценария, герои понимают, что совместного будущего между ними нет. У актёров нет совместных эпизодов (точней, только одна), но химия, установленная между ними достойна похвалы. Джоди - это своеобразная начальница, требующая от подчинённых ежеминутные отчёты. Фостер - настоящий ас своего дела. От неё веет командным делом, именно поэтому она удачно справилась со своей ролью. Порой даже задумываешься о её наличии в кадре. Уж слишком мало было её…

Вердикт. Решились посмотреть фильм ради экшна, попутно заручившись попкорном? Пожалуйста, Ваше дело. Но если под конец картины Вы так и не поймёте суть, ради которой Нил взялся за её создание - то Вы глупец. «Элизиум: Рай не на Земле» был создан не с целью забавы и «мощного кинца». В ленте заложена философская суть, понять которую очень просто. Вопрос в том: «А сможете ли это сделать?». Поняли – хорошо. Нет – продолжайте есть попкорн, удачно получается.

Лучшая сцена картины: Совместный эпизод Шарлто Копли и Джоди Фостер. Сцена, хорошо объясняющая все мучения Крюгера, сложившиеся вокруг него. Чем примечателен эпизод – в наемном убийце многие могут узнать себя, когда окружающая обстановка их достала.

Активировать Крюгера.

Приятного просмотра!"
"8,0",Элизиум: Рай не на Земле 2013,"Я помню хорошую рекламную кампанию в 2013 году по поводу этого фильма, и желание познакомиться с ним поближе возникало еще тогда, однако всему свое время.

Мир поделен на две территории проживания: суровая и беспощадная Земля с болезнями и войнами, и Элизиум, настоящие райские кущи, где элита общества наслаждается всеми прелестями жизни. Среди землян влачит свое жалкое существование простой работяга, в прошлом уголовник, Макс, которому предстоит изменить ход событий.

Фантастика не является моим любимым жанром, однако здесь она представлена в удобном и понятном простому зрителю свете, и лично я испытал немало удовольствия при просмотре «Элизиум: Рай не на Земле». Есть фильма, при просмотре которых буквально не отрываешься от экрана и в глубине души не хочешь, что фильм заканчивался. Так вот, при просмотре данного фильма меня одолевали именно такие чувства. Мэтт Дэймон превосходен, идеально подошел на роль и отыграл ее также безупречно. Шарлто Копли блестящ в роли антагониста, подобные роли ему всегда удавались на славу, правда, российский дубляж не совсем подходил его персонажу. А вот женская актерская сторона фильма по душе мне не пришлась: что Алиси Брага («Хищники», «Город Бога»), что обладательница двух премий Оскар Джоди Фостер («Молчание ягнят», «Иллюзия полета»), на мой взгляд, должной актерской игры на свет не произвели, возможно, из-за того, что их персонажи не были до конца раскрыты. 

Визуальная составляющая фильма, спецэффекты, одежда, механические устройства – от всего этого мной было получено немало эстетического удовольствия. 
Без сомнения, рекомендую «Элизиум: Рай не на Земле» всем без исключения. Фильм превзошел мои ожидания в разы."
"7,0",Элизиум: Рай не на Земле 2013,"Первый полнометражный фильм южноафриканского режиссёра Нила Бломкампа «Район N9» оказался замечательным. Он был многоплановым, интересным и злободневным. Благодаря нему Нила заметили в Голливуде. И он снял в полном смысле голливудское кино, рассказал самую поверхностную и заезженную историю о «плохих богачах» и «хороших простых парнях». 

Было бы неправильным не признать, что мир получился очень интересным, и несостыковок в нём не так просто найти. Людям на земле предоставляют работу и платят какую-никакую, но зарплату, чтобы не бунтовали. Медицинское обслуживание специально обеспечено на самом низком уровне, чтобы не происходило перенаселения. Тем не менее, есть те, кто всё равно пытается попасть к «богатым».

В таком замечательном мире можно рассказать интересную историю, но фильм оказывается до ужаса заклишированным и от этого скучным. Всё сделано по старым-старым бородатым штампам блокбастеров. Все герои абсолютно шаблонны.

Но это ещё не всё. Фильм показывает, как разбойники, которые абсолютно не разбираются в принципах управления, в политике, в экономике, люди, у которых абсолютно нет никакого образования, захватывают райский город. Причём это подано, как некая победа. Хотя искушённый, умный зритель понимает, что теперь не только Земля будет грязной помойкой, но и некогда красивый, чистый и процветающий Элизиум. Этот город был создан трудом миллионов людей, а грязные лентяи, преступники, дегенераты его просто захватывают. Это и неудивительно. Такие бестолковые люди не способны на созидание. 

Вот такие они, хорошие парни по-голливудски. Не учёные и инженеры, создававшие Элизиум. Не грамотные экономисты, благодаря которым общество в городе было стабильным. Хорошие парни — это те, кто пришёл к ним с оружием и всё у них отобрал."
"6,0",Элизиум: Рай не на Земле 2013,"После «Девятого района» у Нила Бломкампа явно образовался небольшой карт-бланш и он решил использовать его по полной программе до истощения доверия. Правда придумывать что-то новое, когда у тебя есть уже наработанный опыт, ему показалось не слишком разумным. Поэтому «Элизиум» ожидаемо оказался выполнен в духе самого первого фильма этого режиссера. Опять зрителей запихивают в какие-то трущобы, опять опасные люди, которые в них живут, вновь нищета, роботы и социальная несправедливость в самой гипертрофированной форме.

Потому что трущобы – это на земле, а  где-то там, высоко, на орбитальной станции обитают все сливки общества. Плевать они хотели на проблемы нищебродов живущих на Земли, лишь бы к ним не лезли. Но, увы, учитывая разницу в уровне жизни, возможности исцеления всех болезней известных человечеству и особой беспомощности службы безопасности «Элизиума» – глупо было бы надеяться на то, что оголтелые бедняки не будут пытаться попасть в эту землю обетованную, пусть даже буквально на десяток минут – подлечить здоровье и быть депортированными назад. 

Пытаться воспринять всю эту историю серьезно – лишь вызвать у себя бессмысленное напряжение мозга. Как все эти богачи сами справляются с перенаселением? Откуда у них пища и ресурсы? Зачем им все эти трущобы внизу? Нет ответов. Даже такая важная составляющая сценария, как поступки героев пронизаны идиотизмом. Зачем нужна была эта ссора с роботами в начале фильма? Неужели житель этих трущоб не знал, чем это закончится? В чем смысл этой сцены? Чтобы показать, что злобные железяки, бедняков за людей не держат, а любят над ними поиздеваться? Подобные вопросы возникают по поводу практически каждого поступка героев и в скором времени это надоедает. 

И это на самом деле странно, потому что, все, что касается каких-то визуальных житейских деталей и окружающих предметов – выполнено достаточно хорошо и приятно. Только ради этого хочется смотреть фильма дальше. Дизайн оружия, техники и костюмов привлекает и удерживает внимание. Перестрелки и схватки – динамичные, тоже не в малой степени благодаря различным подмеченным мелочам. Но все что выходит за пределы этих самых деталей, словно пропадает из поля зрения создателя. К подобным вещам он подходит  спустя рукава. Если это не входит в визуальную составляющую мира, которой можно полюбоваться, то смело на это забиваем. Социальные парадигмы этого мира? Ну, у нас есть бедные и богатые. Богатые не любят бедных, бедные ненавидят богатых. На этом хватит, лучше посмотрите на то, какие клевые пушки у главных героев. Что еще? Почему этот «спящий агент» устраивает полный беспредел – просто… эээ… ну он устал… ммм... работать. Нет, хватит задавать глупые вопросы, лучше посмотрите какие трущобы вокруг. 

Похоже, что, не желая уделять излишнего внимания проработке сюжетной составляющей, автор пошел по пути наименьшего сопротивления и начал набивать сценарий всевозможными стереотипами. Все богачи ожидаемо высокомерны и одержимы властью. Все бедные – они всего лишь сражаются за свою жизнь и благородны в своих устремлениях. Ну а бандиты – они любят при удобном случае хвататься за оружие, но при этом Робин Гуды в душе. В конце нас ждет обязательный подвиг, всеобщее счастье и ликование. Никаких выводов из происходящего – не ожидайте. Никаких вам размышлений на тему социального неравенства или других сложных концепций – все в рамках банальных ходов.

Поэтому, пытаться задавать серьезные вопросы в этом фильме и не хочется – все равно наткнемся на какую-нибудь глупость или утрирование. Все здесь управляется сценарием, а логикой или чем-нибудь похожим на нее. Герои ведут себя так, как от них требует создатель, а не так, как на их месте поступали бы нормальные персонажи, взятые из жизни. И поэтому наблюдать за происходящим уже не так интересно. Разве только за визуальной составляющей всего этого балагана – если все устроено ради эстетики и «WoW-моментов», почему бы этим не воспользоваться?"
