rating,title,text
"10,0",Ной 2014,"Документальность и наклон к реализму - cведены в сторону! 

Это есть воспроизведение тех самых описываемых событий из Библии - в не менее фантастическом ключе, чем и является сама Библия! В то же время, я не претендую на то, чтобы опровергать изложенные в ней факты и события, а всего лишь опираюсь на свои глаза и реальные зримые вещи вокруг нас, которые могут произойти с нами похожим образом, но всё же не происходят... Возможно Библия и соткана из исключительной правды, возможно это книга жизни для всех живущих людей и предостережение от тех или иных неблагостных поступков, чтобы не сотворялись они больше, но так или иначе, а воспринимать кару небесную и прочие чудеса из фильма как реальность - если только с допуском, что так могло бы всё же быть - но не как аксиому абсолютную... Но в то же время, на подсознании понимая, что, возможно, это и есть НАША С ВАМИ история, наслаждаясь визуализацией и далёкими исландскими пейзажами, восхищаясь в очередной доисторический раз фактурой Рассела Кроу и, наконец, получая удовольствие от достойного фильма - я... искренне... ВЕРЮ... что... так... могло... бы... БЫТЬ!...

...Краткий экскурс в детскую бытность Ноя даёт прекрасно понять, насколько тяжело было начало время жизни и, в конце концов, даёт возможность увидеть тех людей, их внешний вид, их нравы и обычаи, их утварь и одежу, их цели и зримое вокруг, что были и имелись на заре рода людского. Это по-настоящему уникальная возможность увидеть фактически с чего начинался род людской и каким он был ранее, пускай и в интерпретации современника Даррена Аронофски. Глубинность и простота фраз Ноя, добрые мысли его семьи и возможное чудо на каждом шагу - словно тот самый белый цветок - мгновенно пробиваются к сердцу и заполняют интересом душу. А допуская всевозможное чудо в любой внезапный момент, предугадать дальнейший шаг фильма - не представляется возможным... Но ясно лишь одно... Ковчегу быть!

Вероятно, то добро, что царило в добрых людях того времени, было гораздо чище и ближе к истинному добру, на которое указывал Господь. Не загрязненное злом многими последующими поколениями оно, быть может, и позволяло видеть и слышать волю Господню Ною и его предкам... Быть может, очерствев и охладев за многие годы, нам затмило глаза и мы не видим того, чем должны жить и на что опираться в своей воле и мирской жизни... Поедая братьев своих меньших, убивая братьев наших ближних и сестер во имя себя, своего блага и своих коварных прихотей, быть может, мы разучились общаться с Богом и понимать Его, слышать?! Мы разучились видеть прекрасное, чудесное и невероятное... Быть может... Мы также... Обречены?...

...Но даже если это так и есть... То вера и знание Ноя, что этот конец есть начало всего нового, чистого и непорочного, что погибель во имя новой праведной жизни не бессмысленна, что красоты вокруг нет, но она быть может - дают возможность вздохнуть полной грудью и надеяться на то, что Новый мир и Новый свет, который и был задуман самим создателем, возникнет снова...чтобы больше не угаснуть снова НИ... КО...ГДА!!!

В том, что конец человечеству уже близок... Сомневаться не приходиться!!...

...Но пока ещё не поздно... Воспрянем духом и ДОБРОМ... СТАНЕМ ЛЮДЬМИ!! Чтобы не позволить самим же себе уничтожить себя снова... Пускай и во благо всего живого!..

P.s. ...путь к истокам есть ВСЕГДА!..."
"8,0",Ной 2014,"Адаптировав все что можно, Голливуд тянет руки не просто к книге. Решив, что в жизни нужно попробовать все, они решают экранизировать историю о великом библейском праведнике Ное, который спасает мир во время вселенского потопа.

История о катастрофе, когда у человечества была только одна надежда. И имя ей-Ной.

Даррен Аронофски наглядно демонстрирует ужас, величие и красоту, заключенные в священном писании через собственную призму ценностей. Вольная интерпретация полностью развязала руки режиссеру, однако возложила на его плечи большую ответственность за чувства верующих, для которых Библия не просто книга. И эту ношу несут на себе супружеская пара из фильма «Игр разума» с детьми, один из которых играл в подростковых фильмах мальчика полубога, а другое дитя — выпускница Хогвартс. К ним прилагается Энтони Хопкинса в роли Мафусаила и так мечтающий попасть на ковчег Рэй Уинстон.

Самостоятельность фильма заключается в лаконичном сочетании ветхозаветного послания с личным взглядом Даррена на Священное писание. Взяв за основу действие и героев, Аронофски раскрутил историю о великом потопе до голливудских масштабов, при этом оставив библейскую начинку. 

«Ной»- это как ковчег для зрителя, в котором грамотно уживается система ценностей, неуклюжие каменные полутрансформеры, хаотичное монтажное попурри, игра актеров. Воедино все данные компоненты складываются в своенравную мозаику. Рассел Кроу с внушительной бородой весьма убедительно выглядит роли праведника. Тем не менее, во второй части картины предстает в большей степени тоталитарным правителем, а ковчег превращается в монархию с провозглашенным с небес царем. Его слово закон, несмотря на количество пролитых слез.

Даррен Аронофски, взявшись за перенесение событий всемирного потопа со страниц Библии на большой экран, снял и показал правильный фильм. В первую очередь из-за того, что зритель увидел режиссерскую версию, нетронутую голливудскими боссами. Затем уже можно говорить о компьютерной графике, размере ковчега, актерском составе и других составляющих ленты. «Ной» сильная, противоречивая экранизация, благодаря настойчивости и веры в собственную правоту действий Аронофски."
