rating,title,text
"6,0",28 дней спустя 2002,"Дэнни Бойл смог только со второго раза привлечь внимание зомби-темой, которая никогда не надоест западным киноделам. Особенности картины – съёмка при естественном освещении, что придаёт какой-то мутный окрас при просмотре, напоминает документальные фильмы. Как только ты привыкаешь к этому, то уже следишь за сюжетом. Классика жанра – вирус агрессии, который при попадании в организм человека за 20 секунд способен превратить его в белого ходока, далее распространение эпидемии.

С вопросами вводят главного героя, который не в курсе происходящего. Киллиана Мёрфи я не сразу узнал, но ирландец отлично подошёл на роль. Фильм отсылает ко многим уединённым картинам подобного состава. «Я – легенда», «Дорога» - тема одиночества параллельно следует охотой мертвецов. Это не трэш, не экшен и не беспорядочные попытки спрятаться от инфицированных, это равномерное повествование, которое постепенно вводит Мёрфи в курс дела.

Опустив инфекцию, убрав зомби, мы оставляем красивые пейзажи опустевшего Лондона, одинокого человека, постапокалипсис и уединение. В этом величие картины. Режиссёр позволяет насладиться этой темой, а дальше вводит борьбу и ставит цель. Знакомство с зомби не особо приятны, поэтому после нескольких ярких кадров сюжет разбавляет одиночество главного героя парочкой выживших. Стадия объяснения – вторая сюжетная ступень, которая отлично передаёт эмоции мужчины и позволяет поставить себя на место этого человека.

Если все вокруг больны, ты должен попытаться найти своих родных. Семейные ценности играют главную роль, позволяя реалистично смотреть на проблему. Картина отличается от привычного представления «зомби» тем, что она выступает, в первую очередь, как драматический проект, как возможность понять и прочувствовать горечь утраты. Герой проходит через определённые этапы, знакомит нас с разными выжившими, чтобы под финал преобразиться до неузнаваемости.
Знакомство с персонажем Брендона Глисона и его дочерью открывает новую главу повествования. Поднимаются вопросы о помощи, о возможности объединить усилия. Это уже не просто остаться в живых, а помочь другим и вместе достичь чего-то большего. Пустые локации, заброшенные магазины и обесценивание тех средств, к которым мы привыкли – ещё один пункт осознания того, что приоритеты поменялись.

Луч надежды заключается в сигнале военных, которые призывают выживших добраться до их блокпоста, где уже на базе всех ждут элементарные блага и возможность спастись. Надежда является сильнейшим мотиватором, она способна заставить людей идти на рискованные поступки. События следуют равномерно, но чередование опасных моментов с обычным «road-movie» позволяют насладиться пустыми местами, неспешным течением времени и прерываться на опасные моменты, которые как бы напоминают, что это не райские врата, а адские хоромы.

Помимо основной зараженной темы, картина рассматривает обратную сторону медали – взаимоотношения между людьми. Все понимают, что численность сократилась, все понимают, что нужно держаться вместе, но дабы не вымереть как вид, как ступень эволюции, нужно принимать во внимание очевидные факты. Наличие женских персонажей – это не только хороший романтический твист на грани смерти, но и важные, спорные моменты, позволяющие по достоинству оценить картину. Я редко встречал, когда в одном проекте на фоне обычных заразных болезней поднимаются вопросы популяции. Напоминает фильм «У холмов есть глаза», когда женщин использовали как инкубатор. Возможно, не самый эстетичный пример, но суть ясна.

Поражает, как зомби отходят на второй и даже на третий план, позволяя вершить судьбу малочисленным людям. Киллиан меняется, тебя настораживает этот человек, но ты понимаешь, что «клин клином вышибают», поэтому оправдываешь его поступки. Что же, Дэнни Бойл позволил через типичную зомби-тему разглядеть нечто большее, чем кровавый трэш-аттракцион. Неожиданно хорошо."
"9,0",28 дней спустя 2002,"Человечность в нечеловеческих условиях. Попытка осознать себя живым в мире обезличенных кадавров, на такие мысли меня натолкнули первые полчаса фильма «28 дней спустя», являющийся одним из лучших в фильмографии Дэнни Бойла и жанра в частности. Помню с каким удивлением открыл его для себя, посмотрев фильм «127 часов» где Джеймс Франко отрубает себе руку и в каждом его фильме есть какая-то загадка, держащая вас перед экраном. Так что было большим удивлением когда режиссёр решил обратится к такому закостенелому жанру как зомби-муви в котором трудно придумать что-то новаторское, бытует мнение что это жанр трэшеров, но Бойл сотоварищи с успехом рушат этот стереотип. Далее поделимся впечатлениями от просмотра  и мыслями по этому поводу.

Сюжет картины таков что группа «зелёных» экстремистов проникает в секретную научную лабораторию, где учёные изучают приматов и девушка выпускает обезьяну, а вместе с ней и самую мощную инфекцию, ставшую причиной Апокалипсиса. С этого события до действия фильма прошло ровно двадцать восемь дней. В первые полчаса нам показывают виды опустевшего Лондона и главный герой оказывается один в большом городе. Такое состояние гнетёт и давит не только его но и зрителя, наблюдающего за происходящим. Мертвецы здесь бегают быстро, появляются неожиданно, инфицируют за мгновения и всё это на декорациях, выверенных до мелочей. Его (сюжет) смело можно расколоть на три части: Введение в котором обезьяны и зелёный экстремизм, Основная часть, больше всех похожая на ранние зомбо-фильмы вроде Мертвецов Ромеро у которых Бойл некоторые элементы позаимствовал и концовка в которой Бойл больше всех прошёлся острым лезвием по человеческому в человеке в нечеловеческих условиях, показав как тонка грань между монстром и человеком.

Создатели сумели высказаться о социальных проблемах в рамках жанрового кино, при этом минуя высокопарные диалоги и излишний пафос. Есть несколько решений сыгравших фильму на руку. Во-первых – бегущие зомби, не выглядящие неторопливыми мешками с костями, а плюющимися кровью людьми, повреждённые рассудком, психика их расшатана, а потому эти зомбаки могут выступать синонимами безликой толпы, обезумевшей, агрессивной и голодной, готовой растерзать кого угодно за самые примитивные блага цивилизации. Но ладно бы только зомби, здесь даже те кто здоров обладают таковым относительно, поскольку даже среди выживших имеет место грызня за ресурсы. Здешние военные – это звери в человеческом облике, чья жажда плоти перекрывает всякую мораль и здравый смысл. В их маленьком государстве не было единство и потому оно было легко разрушено главным героем. Хлещет баснословный ливень, камера мечется по интерьерам и экстрерьерам, Киллиан Мерфи с голым торсом выдавливает глаза солдафону, играет культовая нынче In a House/ In a Heartbeat Джона Мерфи. И она действительно великолепно вписывается в общую атмосферу повествования.

Актёрская игра выше всяких похвал. Киллиан Мёрфи великолепен, хотя мало кто верил что этот голубоглазый красавец подойдёт «ужастику». Но он не просто подошёл, а ещё и отлично воплотил на экране не самого простого персонажа с нестандартной линией развития, за Джимом интересно наблюдать, поскольку за фильм он претерпевает сложные метаморфозы, апогеем которых является превращение его в сильного бойца, спасающего любимых женщин и здесь он проявляет себя настоящим мужчиной, особенно когда раздавил глазницу похотливому солдафону. И он не теряется на фоне Кристофера Экклстона и Брендана Глисона, играющих вместе на одном уровне. Каждый из персонажей по-своему трагичен и воплотили они их блистательно.

Стоит также упомянуть, что этот фильм одним из первых подарил нам первоклассный эффект погружения, ставший модной фишкой нулевых и десятых. Когда кровавая жижа заливала экран с обратной стороны, хотелось закрыть глаза. Когда очередной зомби крейсерски проносился перед камерой, хотелось отгородиться от него руками. И самыми нагоняющими саспенса сценами получили те, где в качестве монстров выступали обычные люди, когда природа всего ужаса – это ваша психика, то тут мало пистолета, тут нужна особая ментальность, которой наши герои не наделены, но потому такой способ пугать и действенен, что монстры в наших головах страшней любых зомби.

Вердиктируя: Отличное кино, которое заставляет поразмышлять о природе психического ужаса, подавая избитую тему в неожиданном ключе, выводя весь конфликт фильма на остросоциальную тему человеческого в человеке. Отличная игра актёров, потрясающая атмосфера, постоянно нагнетаемый саспенс, отличная операторская работа, саундтрек хороший. Проведена качественная работа. Фильму ставлю девять баллов и рекомендую к просмотру поклонникам творчества Дэнни Бойла и любителям новых ракурсов в старых жанрах. Всем добра и приятного просмотра!"
