rating,title,text
"8,0",Петля времени 2012,"стоит посмотреть как петля замкнулась)))) занимательный фильмец, всего в меру, есть о чем подумать, а главное заканчивается неожиданно, можно домыслить....))) до петли времени 2.  просмотром фильма осталась довольна, не жаль потраченного времени, даже рецензию решила написать, что делаю крайне редко. Поздравляю всех зрителей и сотрудников ivi.ru с наступающим новым годом!!! Желаю всем разноплановых и увлекательных просмотров)))"
"10,0",Петля времени 2012,"отличный фильм! держит в напряжении с первой до последней минуты,а что до ляпов,так это фэнтези и искать тут логику в сюжете просто не серьезно.. вообщем смотрите и отдыхайте,время потратите не зря                                                                                                                                                                                 !                                                                                                                                                 !                    
                                                                                                                                                               
                                                                                                                                               !"
