rating,title,text
"9,0",Римские каникулы 1953,"Хочется парить в небе,

Как птица летит высоко.

Только не думайте, что будет легко.

Лента Уильяма Уайлера близка всем тем людям, которые хоть раз лелеяли себя мыслями о смене обстановки. Фильм тронет за душу всех тех, чье сердце умело жить мгновеньем, но то мгновенье было радостным, а если озвучить слово «радостный» более высокопарно, то это мгновенье было чуть ли не самым счастливым в жизни этих людей. Вдобавок, картина развеяла по ветру желание некоторых юных мечтательниц стать принцессами, ведь в примере героини Одри Хепберн — Анны, становится более чем очевидно, что за царские палаты цена высока, а где-то глубоко в душе, девушка мечтает о свободе. Ей хочется быть свободной от всего, от баллов, нескончаемых мероприятий, во время которых приходится быть обутой в туфли, которые дико жмут, от поклонов неизвестным шейхам и присутствий на парадах, парадах, где нужно улыбаться, пытаясь утопить в той улыбке скуку, отчетливо мелькающею в ее глазах.

«Когда же все это закончится?» — Думает зритель, сопереживая Анне, ведь Одри Хепберн был так тонко и чувственно передан образ богатой, но в душе несчастной личности, что впору только удивляться ее бесконечному таланту. Но вернемся к вопросу «когда?», когда будут эти перемены, и дадут ли нам увидеть, как засверкают принцесские глазки? На все эти вопросы режиссер будет отвечать в неспешном ритме, грамотно пользуясь хронометражем. По крайней мере, чуть позднее нам будет суждено лицезреть принцессу, спящею на жесткой поверхности камня, и сонно заявляющею «Я очень счастлива», кто знает, может это было счастливейшим эпизодом в ее жизни? Все может быть.

В двенадцать карета станет тыквой

Действительно, история принцессы Анны напоминает историю Золушки, только тут все наоборот и Анна-золушка рвется из мира видимых только ее взором царских оков, к обычным людям, парикмахерам, продавцам овощей, официантам, продавщицам цветов, и кондитерам, из лавок которых по утрам вырывается аромат булок, которые только-только начали покрываться румянцем на медленном огне. Это — Рим, девушка сбежала, а от начала повествования прошло не так много времени, наша «Алиса» как будто в зазеркалье, был бы путь ее трудным и не запоминающимся, но журналист Джо Брэдли делает побег Анны особенным. Ее путешествие в Риме будет проходить именно на улицах города, не будь ее кровь горячей, то она любовалась бы городом, однако приключения и безумства были бы заменены видом из окна, а на это девушка королевской из королевской семьи была не согласна. Вторая половина фильма это котлован, котлован человеческих чувств, все действия словно олицетворяют импульсивность киноленты, как бы глупо это не звучало. Герои Одри Хепберн и Грегори Пека вынуждены играть по правилам этого мира, играть так, чтобы доверие к чувствам их экранных героев не стало эфемерным, вторая часть повествования показывает воистину увлекательное зрелище, но любое приключение рискует закончиться в самом начале своего пути. Обидно? Да. Жизненно? Да.

Вспомнилась комментарий к кинокартине, оставленный в онлайн кинотеатре, безусловно, если коротко, то фильм можно охарактеризовать вот так: «Мона Ми! Какой фильм, какие чувства». Определение очень точно характеризует детище Уайлера. Чем близок нам данный фильм? Всем хочется каникул? Нет, все желают жить, полноценной, а не в оковах обязательств жизнью. Всем хочется любви, только вот она не всегда добродушна, как и лукавая фортуна, она обожает строить козни, подобно хитрой богине Афродите, никак не наигравшейся в свои игры, не жалея стрел своих амуров, и так жестоко вырывающая их потом."
