rating,title,text
"8,0",Девушка моих кошмаров 2007,"Вот знаете, бывают фильмы, что называется ""ни о чем"". И пошлые, и сюжет не блещет интересными зигзагами. Но нравится, и все тут. Необъяснимый факт.

Так сложилось у меня с ""Девушкой моих кошмаров"". Казалось бы ничего в нем нет примечательного. Сняли его братья Фарелли - и этим все сказано. Шуточки ниже пояса, сюжет ни о чем. Но весело.

Владельцу спортивного магазина Эдди уже за 40, но он все еще одинок. Все дело в том, что Эдди слишком разборчив, тщательно выбирая единственную и неповторимую. И вот, наконец, встречает ее. Лайла красива, умна, любит его. И мужчина решается прыгнуть в омут с головой.

Но... сказка заканчивается за порогом загса. Уже по дороге в свадебное путешествие Эдди понимает, что погорячился. Лайла оказалась совсем не такой, что представлялась ему в мечтах. Да и на райском острове, прямо в разгар медового месяца, Эдди встречает новую любовь - красотку и спортсменку Миранду. Наш герой встает перед сложной дилеммой - уже надоевшая жена и новая возлюбленная.

В фильме очень много сарказма и утрированных гротескных ситуаций. Мы очень скоро понимаем. что жалеть нужно вовсе не бедняжку Эдди, а женщин - красивых и умных, которых он, в своем инфантилизме и нерешительности, попросту недостоин.

Впрочем, каждый сделает свои выводы.
Как я уже писала, фильм пошловат, и рейтинг его не меньше 16+. Но легкий и веселый. Самое то для отдыха и развлечения."
