rating,title,text
"9,0",Пираты Карибского моря: На краю Света 2007,"Заключительная часть оригинальной трилогии, ещё до того, как Джонни Депп превратил франшизу в дойную корову, отлично замыкает круг событий «Сундука мертвеца». Теперь, когда на кону козырь против Дэйви Джонса, в игру вступает Ост-Индская компания. 

Основная сюжет линия направлена на возвращение Джека Воробья. Ведь наш любимый пират угодил в «тайник» Дэйви Джонса. После событий второго фильма, становится ясно, что Кракен изначально был направлен против Воробья. Весьма умело создатели вернули в картину Барбоcсу. Вообще, благодаря богине в «Пиратах» кого хочешь можно вернуть к жизни. Но не стоит злоупотреблять, суть на поверхности: Уилл, Элизабет, Барбосса, Тиа Дальма (которая Калипсо, но об этом позже) и команда «Чёрной жемчужины» отправляется на край света. 

Вот что, сделало этот фильм интригующим. Вот, что привнесло новое во франшизу. Великолепное путешествие под чудесную работу Ханса Циммера выдало в итоге эпичное зрелище, от которого кровь стынет в жилах. Процесс раскачки корабля, вой ветра, бушующие волны моря и переворот. Отлично. Далее в сюжет подключаются древние пиратские традиции, новые пираты, новые мотивы и новые союзы. Опять одни объявляют охоту за Джеком, другие хотят создать господство на море, а Джонс хочет получить назад содержание сундука мертвеца. Забавная гонка за ценностями приводит к совершенно неожиданному повороту. 

Сценарий умело назначил Элизабет главой пиратов. Заметили юмор? Девушка, которая больше всего боялась пиратов, ненавидела их и также была пиратами похищена в первом фильме, становится главой пиратского братства в третьей картине. Простите за спойлер, но это шикарный твист. 
После эпичных событий на краю света, зрителям показывают то, на что рассчитаны все «пиратские» проекты: сражения в море. 3 стороны, 3 корабля и Ханс Циммер! Потрясающее зрелище, после которого наступает самый глупый момент во всей трилогии. Калипсо! Разочарование всего фильма. Что это было? Я до сих пор не могу дать характеристику данному событию, но когда великая богиня на деле оказывается пустышкой, это разочаровывает. 
Блистательное сражение ведёт зрителей к непредвиденному финалу. 

А что же Дэйви Джонс? А вот интрига. Прекрасное завершение трилогии, как казалось раньше. Но то, что выходило после «На краю света» считается чисто развлекательным контентом и не несёт всей серьёзности первых трёх картин. Безусловно, «На странных берегах» и «Мертвецы не рассказывают сказки» интересные проекты, но это только приключения капитана Джека Воробья, а не «Пираты Карибского моря»."
"9,0",Пираты Карибского моря: На краю Света 2007,"Третья часть. Вы никогда не задумывались над значением этого слова. Во многих фильмах третья часть- последняя, после которой больше нет новых приключений старых героев. самый яркий тому пример- Матрица. В Матрице три связанных между собой части: завязка, кульминация и развязка. К этой группе фильмов с небольшой натяжкой можно отнести фильм «Звездные войны. Сегодняшний наш герой относится к таким фильмам, которые заявляются как трилогия, но на самом деле их больше. Сейчас идет съемочный процесс четвертой части, которую все ждут с нетерпением. Главное, чтобы этот фильм оправдал ожидания.

Теперь перейдем непосредственно к третьей части. Этот фильм сюжетно продолжает первые две части. Теперь пиратство на грани исчезновения. Риск войны с каждой минутой увеличивается. В этих условиях героям приходится несладко. Многое из того, что было сокрыто в первых частях, было раскрыто в третьей. Этот фильм ознаменовался появлением Барбосы. Когда этот персонаж находиться в кадре, то появляется ощущение некоторой комичности той сцены, где он появился. По старине Джеку соскучился наверное весь цивилизованный мир, который наблюдал за его приключениями. Его безбашенный характер и чувство юмора привносят в этот фильм комичности, хотя, если честно, то здесь он более серьезен чем в других частях.

В заголовок этой статьи я вынес слово «революция», и не зря. Главный конфликт заключается как раз в революции: пираты против королевского флота, который объединился с Дэйви Джонсом, чтобы получить в этой войне преимущество. В главной битве с Дэйви Джонсом и имперским флотом проявился весь характер пиратов и их воля к победе, пираты объединились против общей угрозы и преодолели все свои конфликты и противоречия. Нельзя не упомянуть про грозу семи морей- Дэйви Джонса. Его чувства и переживания на экране так затронули мою душу, особенно та сцена, где ему пронзили сердце и он упал в пучину вод. Судьба его незавидна.

Визуальный ряд не подкачал, звук таинственных мест остался на самом высоком уровне и до сих пор испытываешь некоторую эйфорию от звука выстрела из пушки. Спецэффекты на самом высоком уровне: воссоздание водоворота и битвы в нем привлекает и не отпускает до конца, краски взрывов не надоедают и каждый раз ждешь повтора того или иного действия.

Вердиктируя: Пираты карибского моря: на краю света- самый лучший фильм из всей трилогии. Это первый фильм, где все сочетается и не режет глаз. Ставлю десять за то, что этот фильм долго будет храниться, еще лет двадцать, потому что «свобода от гнета» всегда будет актуальной темой, и проявление этого в пиратском фильме должно показать людям, как надо представлять себе пиратов. Лично для меня- это образец пиратского фэнтези, который стал достоянием на все времена."
"7,0",Пираты Карибского моря: На краю Света 2007,"Как изначально всем казалось, это будет последний фильм франшизы и он поставит точку в истории главных героев, но после него последуют еще две части, но сейчас не о них.

Гор Вербински снимал одновременно вторую и третью часть франшизы о пиратах, и вы заметите, что ""Сундук мертвеца"" оставил после себя незаконченную историю, и ""На краю света"" ее продолжит. Джек находится в тайнике Дэйви Джонса, он не жив и не мертв. Выбраться оттуда никто никогда не мог и ему это вряд ли удастся. Но его команда, возглавляемая вновь ожившим капитаном Барбоссой, готова отправиться за ним на край света, и освободить его, потому что он один из 9 пиратских баронов, и Воробей нужен для борьбы с королевской армией. А нужен он лишь потому, что у Барбоссы есть тайный козырь в рукаве, для чего ему и нужно собрать Братство пиратов вместе.

Ввели много новых персонажей, но главные остались. Единственный кто занял для себя новое место, это Норрингтон. Так как в прошлой части он доставил сердце Дэйви Джонса лорду Беккету и теперь Летучий Голландец на службе Англии. И что самое сложное в этой части, понять, кто за кого воюет, потому что неоднократно некоторые герои делали различные выборы и были участниками разных команд. Что сказать, выгода.

Джонни Депп не перестает радовать зрителя своим образом капитана Джека Воробья, и кстати, нам покажут его родителей, это будет забавно. Так же героиня Элизабет Суонн, в исполнении Киры Найтли, наконец полноценно раскроется, что очень приятно глазу, если брать во внимания прошлые части.

Типичная диснеевская картина для детей 12 лет и старше. И узнать чем все кончится очень хочется. Да и финальная битва была проделана очень хорошо и масштабно, правда не так весело, как это было в прошлой части. А в целом определенно фильм заслуживает вашего внимания."
"8,0",Пираты Карибского моря: На краю Света 2007,"Прекратить огонь, берём на абордаж! Сдвоенные графики, переутомлённые актёры, один бюджет на два фильма. 2006 и 2007 год соответственно был знаменит тем, что вышли сразу две части «Пиратов Карибского моря». На фоне популярности франшизы, было решено, что в упомянутые выше года выйдут несколько частей именно пиратской тематики. 450 миллионов долларов для того, чтобы отснять две качественные картины - задача не из лёгких, правда? В настоящее время, такая практика используется зачастую, но в те времена – это было редкостью. Проба пера - именно так можно назвать то, что затеяла компания Disney. Гор Вербински, для которого «На краю света» стала заключительной частью в серии, постарался максимально закончить свою пятилетнюю эпопею с полюбившейся ему серией. Имея в активе внушительный бюджет, Гор создал самую длительную пиратскую картину в истории. Спасибо? Или «ну зачем?». Что же хочется сказать после просмотра «На краю света»?. Конечно же, спасибо!

Капитан Джек Воробей покинул мир живых. Король Англии, не намереваясь больше мириться с пиратским обществом, и издал указ о немедленной поимке и их смерти. Пиратская компания стоит на крае уничтожения. Вернувшийся с того света Капитан Барбосса намерен созвать Совет Братства, чтобы избежать полного исчезновения пиратства на свете. Но совет не сможет быть созван без всех девяти баронов. Джек Воробей, являющийся одним из них, должен вернуться в царство живых. Давние друзья Джека, Элизабет и Уильям, также решают помочь Гектору в этом не лёгком деле. Но стоит ли за этим чистый умысел? Действительно ли Барбосса хочет истинного возвращения Воробья, потому что так хочется, а Элизабет и Уильям соскучились по ушедшему другу? Вопрос спорный, как и адекватность Воробья. 

«На краю света» - первый фильм, в котором собираются все девять пиратских баронов. Третья часть медленно, но верным курсом двигалась по реалиям нашего мира - интеллигенции надоело жить с теми, кто якобы отравляет их мир. Каждый, кто хоть раз вступал в контакты с пиратским обществом подлежит повешенью. И даже «Летучий голландец», во главе с капитаном Джонсом, человеком, которого можно убить одним единственным способом - порезать сердце, вынужден сотрудничать с королевскими прихвостнями. Могучий век пиратства, поражавший людей, как ужасом, так и радостью, подходит к концу. 

Капитан Джек Воробей, чья личность успела повидать много приключений, заточена в тайнике Дейви Джонса. Оставшись наедине с любимой («Чёрной Жемчужиной»), Джек всяческим образом пытается не сойти с ума. В то же время, Король начал век истребления пиратов. Повидав эпичные и «попкорновые» сцены, Гор Вербински (режиссёр последней для него части) продолжил радовать зрителей качественным экшеном. Картинка по-прежнему выглядит вкусно, а действия героев занятными, хотя порой и бывают клишированными. Капитан Воробей, чья персона из фильма в фильм развивается в характерном плане, снова эволюционирует. Если в прошлых двух частях Джек формировался от «пофигиста» до человека, которому хоть как-то важны окружающие, то в третьей части Джек превращается в реального человека, которому важны жизни других.

И даже прошлые враги, жаждущие смерти своих недругов не самое важное, что есть в фильме. Нынешние враги Воробья - это собственные мысли. Желание о бессмертии, возможность «отыграться» за прошлые дела с Джонсом - всё это настолько отвлекает Джека, что он не способен думать нынешним днём и рационально принимать правильные решения (впрочем, как всегда). И давнее соперничество с Барбоссой - больше дружеское перемирие, чем вражеский умысел.

Стоит помнить, что третья часть во франшизе - это всё та же часть «Пиратов Карибского моря». Картина по-прежнему приятно развлекает, каждый банальный и тупический момент, на который не хочется обращать внимание, пропускаешь. Комический Джонни Депп продолжает радовать своим изобилием весёлых и приятных шуток, в то время как остальные герои, как главные, так и второстепенные, продолжают подтверждать свою актёрскую квалификацию. Джеффри Раш по-прежнему серьёзный и суровый, Кевин МакНэлли- доверчивый недотёпа, а Ли Аренберг и Макензи Крук -  поражают не меньше Воробья. Единственное, что не особо радует - это отсутствие полноценного и расписанного антагониста. Попытки сделать таковым Дэйви Джонса оправдались во второй части, но угасли в сиквеле.
Вердикт. Учитывая то, какой слабой вышла четвертая часть – уход Гора Вербински имел свою каплю в море. Формула, благодаря которой прошлые две части пиратов удавались – действовала до сих пор. Однако то, что франшизе были нужны перемены – было видно невооружённым глазом. Но уход Вербински с поста режиссера пиратской саги – слишком дурное решение, из-за которого дальнейшая часть очень сильно пострадала. 

[B][I]Четверо из Вас пытались меня убить… Одной даже удалось, да…?
[/I][/B]

[I]Ха, мило![/I]

[I]Приятного просмотра! [/I]"
