rating,title,text
"7,0","Доброе утро, Вьетнам 1987","К моменту выхода «Доброе утро, Вьетнам», должно быть, все фильмы на тему войны во Вьетнаме были сняты и в кинематографе было сказано, наверное, уже всё, что только можно. От «Апокалипсиса сегодня» (https://www.ivi.ru/watch/100000 ) до «Цельнометаллической оболочки» (https://www.ivi.ru/watch/99949 ), от «Охотника на оленей» (https://www.ivi.ru/watch/99948 ) до «Взвода» (https://www.ivi.ru/watch/99981 ). Оттого и странно, что Барри Левинсон решил обратиться к такому фильму при помощи очень скользкого для военного жанра подхода – комедийного. «Доброе утро, Вьетнам» - комедия в исконном смысле этого слова, и самый настоящий военный фильм, несмотря на то, что смешного тут маловато, а война проходит где-то там, за кадром.

В 1965 году Эдриан Кронауэр тянет лямку военной службы в Сайгоне. Должность – не бей лежачего, т. е. работа на местном радио. У героя хорошо получается быть радиоведущим и разбавлять досуг американских военнослужащих – он веселый, остроумный и любит рок-н-ролл. Всё не так гладко: начальство военной базы недовольно, а сам Кронауэр в какой-то момент осознает, что вокруг, оказывается, идёт настоящая война.

«Доброе утро, Вьетнам» силён двумя элементами. Во-первых, конечно же, актерской игрой выдающегося Робина Уильямса. Наверное, «Вьетнам» является одной из лучших его актерских работ. Харизматичный комик не только проявил свои выдающиеся способности для того, чтобы рассмешить публику, но и открыл новые грани драматической игры. Во время военных действий, которые точно случаются в картине, пусть и с небольшим размахом, Робин Уильямс показывает огромный спектр эмоций. Трансформация героя показана просто отлично. А второстепенные персонажи, которые также попадают в мясорубку войны, радуют такой же детальной проработкой.

Второй важной особенностью «Доброго утра» является саундтрек. Наверное, можно сказать, что песни – особый герой этого фильма. Музыкальное сопровождение подчеркивает все эмоции главного героя: от беззаботного начала до депрессии и конфликтов с начальством. Подобное добавляет искренности в повествование, из-за чего концовка воспринимается почти со слезами.

Поразительно добрый и человечный фильм заставляет вспомнить классические французские комедии, что связано в первую очередь с трагикомедийным характером картины. И пусть драматизма тут недостаточно, а комедия – не сама лучшая, всё равно «Доброе утро, Вьетнам» останется кинематографическим памятником таланту Робина Уильямса."
"6,0","Доброе утро, Вьетнам 1987","Фильм, о котором не особо хочется писать, но посмотреть который думаю должен каждый, пусть мы и далеки от общей темы и происшествий той войны. Причиной тому является Робин Уильямс, в одной из своих самых первых и ярких ролей в кино. 

Кто из нас не мечтал в детстве работать на радио и задавать настроение тысячам человек? Эдриан Кронауэр прибывает в Сайгон (1965 г.) в качестве нового радиоведущего и с ходу врывается на пьедестал самых зажигательных людей округи. 

Уильямс выдаёт просто громадный спектр эмоций, начиная как ""дворовый шутник"" и пошляк, находящий смешное во всём и пихающий голосоизменённые фразы везде: к месту и не к месту, безумный драйв и бесконтрольность, переходящие по ходу фильма в осознание творящегося вокруг и встретившегося лицом к лицу с реалиями военных действий в чужой стране. Между всем этим смехом прослеживается любовная и бро-линии с вьетнамцами: первая само собой без обоюдных фантазий о будущем (скорее всего поэтому и не такая интересная), вторая же с замечательным финалом, обнажающим всю подноготную бессмысленности войны и потерь, которая она с собой приносит. Неплохой музыкальный ряд начиная от джаза до рок-н-ролла, апогеем которого является просто невероятный по своему замыслу фрагмент взрывов деревень под песню Луи Армстронга - ""What a wonderful world"". Левинсон как бы показывает нам всю абсурдность противостояний как таковых, в таком маленьком мире как наш. В целом фильм оставил положительные эмоции, но только игрой Робина Уильямса, всё остальное пожалуй просто меркнет на его фоне."
