rating,title,text
"5,0",Спирит: Душа прерий 2002,"Этот мультфильм в своё время прошёл почему-то мимо меня, хотя я являюсь любителем мультов, особенно компании DreamWorks. Наконец, у меня дошли руки до просмотра этой ленты и, надо сказать, что ощущения какие-то смешанные.

Нет, мультфильм, безусловно, неплохой. Это не провальный проект, не нудная, сделанная чисто для галочки картина. Но, то ли от того, что после того же «Шрека», от студии ждёшь чего-то совсем непохожего на «Спирита», то ли просто от того, что уже порядком приелись эти «песенные вставки» (привет, Дисней), но после просмотра ленты совершенно не остаётся желания, к примеру, посмотреть её еще раз, что с другими произведениями этой студии у меня не бывало. 

Перед нами история про дикого жеребца мустанга, которому пришлось встретиться с такими отвратительными существами, как люди. Причем, люди тут в большинстве случаев показаны максимально негативно. Ужасные личности, которые наносят максимальный вред природе и всему живому и больше ничего собственно не делают. Их цель – разрушить дикую природу и подчинить её себе. Честное слово, у меня сложилось именно такое впечатление от всех этих образов. Поэтому, борцам за дикую природу эту ленту можно, как говориться, в красный угол поставить.

Однако, несмотря на то, что сюжет простой и незатейливый, образы персонажей, как я уже говорил выше, карикатурны донельзя (либо полностью хороший, либо откровенно плохой), а анимация ничем особенно не запоминается, мультфильм смотреть, так или иначе, приятно. Действительно, когда свободный сильный мустанг по имени Спирит, несется вдоль равнин, обгоняя сам ветер, мне самому вдруг подумалось, что давненько я не бегал и пора бы начать заниматься этим прекрасным занятием. Но, это всё. Увы, даже прекрасно понимая, что сюжет весьма серьезный и поучительный, то, что будет происходить на экране начинаешь предугадывать примерно в середине картины."
