rating,title,text
"9,0",Раскрашенная кожа 2 2012,"Прекрасный фильм.
Китайское кино, основанное на мифологии - это целый огромный жанр, совершенно уникальный, яркий, чрезвычайно эффектный. Всегда с каким-то особенно щемящим сердце трагизмом и фантастической любовью. И этот фильм, безусловно, является одним из лучших его представителей. Мифологический, в основе своей простой сюжет, развивающийся на фоне очень красивых пейзажа и архитектуры, погружающий зрителя в пространство древней китайской культуры. Это не голливудская поделка &quot;в китайском стиле&quot;, а кино от людей, которые, живя в окружении этого быта и этой культуры, видят её суть, а не гонятся за внешним лоском - но, несмотря на это, визуально фильм просто превосходен.
Вначале поставила девятку, потому что показалось, что китайцам не особенно удались спецэффекты - но потом вспомнила некоторые более высокобюджетные, раскрученные и знаменитые поделки вроде тех же &quot;47 ронинов&quot; - и поняла, что спецэффекты там на очень высоком уровне. Их, с одной стороны, достаточно много - но, с другой стороны, они совершенно не отвлекают на себя внимание от персонажей, вокруг которых строится всё повествование. Персонажей этих немного, но они представляют совершенно разные типажи: есть весёлые, есть до боли трагичные, есть нелепые... а есть такие, как Сяо-Вэй, удивительно сложные и вызывающие сопереживание, просто удивительное по силе. Особенно мне, правда, понравилась безымянная девочка-птица, исполненная Mi Yang - вначале она заражала своим задором, а потом поразила самоотверженностью и... не могу раскрывать сюжета, но это теперь один из любимейших моих персонажей.
Может быть, конечно, подобные фильмы - моя слабость, и поэтому я сужу о них недостаточно строго - но &quot;Раскрашенная кожа-2&quot;, всё-таки, определённо стоит просмотра.

Приятного просмотра вам. А я побежала смотреть одноимённый сериал с теми же актёрами. ;)"
"10,0",Раскрашенная кожа 2 2012,"ОТЛИЧНЫЙ ФИЛЬМ, ОТЛИЧНЫЕ СПЕЦЭФФЕКТЫ, ПРОСТО ВСЕ ЗАМЕЧАТЕЛЬНО. ПО ЧУВСТВАМ ОТЛИЧНЫЙ ФИЛЬМ!!! СЛУШАЙТЕ В ХОРОШЕМ КАЧЕСТВЕ ЗВУКА ИНАЧЕ ЭФФЕКТ НЕ ПЕРЕДАСТСЯ. ПЕРЕЖИВАНИЕ, ЛЮБОВЬ,МИФЫ. ОТЛИЧНОЕ ВЛАДЕНИЕ ОРУЖИЕМ ВСЕ ПРИСУТСТВУЕТ.!!!!!!!!!!!!!!!!!!!!!!!!!!!!!!!!!!!!!!!!!!!!!!!!!!!!!!!!!!!!!!!!!!!!!!!!!!!!!!!!!!!!!!!!!!!!!!!!!!!!!!!!!!!!!!!!!!!!!!!!!!!!!!!!!!!!!!!!!!!!!!!!!!!!!!!!!!!!!!!!!!!!!!!!!10 ИЗ 10"
