rating,title,text
"8,0",Бегущий в лабиринте 2014,"На днях побывал в гостях у сестры и посмотрел фильм «Бегущий в Лабиринте». Это еще один продукт повальной моды на подростковые антиутопии, когда наши с вами ровесники ломают устоявшиеся общества, наживающиеся на чужом горе, устанавливая новый мировой порядок. «Голодные игры» и «Дивергент» были приблизительно из этой оперы. «Бегущий…» заинтересовал тем, что здесь всё начинается с малого сообщества живущего на маленьком островке земли окруженном лесом и лабиринтом, в котором таится опасность. Группа парней разделилась на касты среди них есть врачи, повара, мясники, подсобные рабочие и бегуны. Последние занимаются исследованием Лабиринта в поиске выхода из этой замкнутой цепи.

История хоть и проста но подана она интересно, фильм открывается прибытием Томаса в Лабиринт и он тут же пытается бежать из замкнутого общества, казалось бы сразу ему быть бегуном, но не судьба и ему приходится доказывать свою пригодность в качестве бегуна. Томас является ключом ко всему что здесь происходит, но до поры до времени он об этом не подозревает, точнее до момента прибытия на место девушки, что явилось большой странностью. Мотив фильма — это бегство из Лабиринта наружу в поиске ответов, немногие выжили в лабиринте но набралась команда людей, готовых идти дальше, особенно запомнилась мне битва с местной фауной, которая оказалась на поверку довольно страшной и эффект нагнетаемого саспенса постепенно начинаешь ощущать, за героев переживаешь ибо фильм поставлен так что цепляет. Знакомя нас с мироустройством показываемого создатели не поскупились и дали нам насладиться выживанием и опасностями с ним связанными.

Актерская игра мне понравилась. Дилан О’Брайен сыграл Томаса и ему веришь, веришь что он должен совершить что-то великое и его мотивация в разрушении ограниченного мирка вполне приемлема, мне понравилось, неплохой потенциал. Кая Скоделарио составила ему неплохую пару, показав неплохой эмоциональный разброс. Томас Сэнгстер сыграл неплохо, он выполняет роль спутника верящего в избранность главного героя и он исполняет эту роль неплохо. Актёры, дублирующие фильм подавляющее большинство мне не встречались ранее, потому был рад открыть их для себя, более менее наслышан об Иване Чабане, дублирующий Бран, Томмена и Лореса Тирела в ""Игре престолов"", Глеб Гаврилов ранее примелькался в качестве голоса Джоффри Баратеона и Перси Джексона. Из ""старичков"" засветился только Максим Сергеев, его голосом говорят Агент Орлов в ""Солт"", Джон Мэй в новых ""Визитёрах"", МакСквизи в ""Сезоне охоты"", Олег Тактаров в ""Сокровище Нации"" и другие

В сухом остатке мы получаем хорошее начало еще одной антиутопической франшизы в плюсы которой можно записать камерность конфликта, ибо он не выходит дальше одной локации, лишь к концу расширяясь до секретной уничтоженной лаборатории, где герои узнают подоплеку всего происходящего с ними, но это далеко не конец, всё еще только впереди. Мне понравился фильм, и процесс пути к его исходу, ибо показано все достаточно увлекательно и происходящее на экране способно заинтересовать и не отпустить до самого конца. Моя оценка фильму — восемь баллов, хороший фильм к просмотру годен"
