rating,title,text
"6,0",Макбет 1971,"Трагедию Уильяма Шекспира «Макбет» переносили на экран неоднократно, делали это самые разные режиссёры. Даже Акира Курасава ставил вольную интерпретацию этой пьесы, адаптировав сюжет под средневековую Японию. Роман Полански приступил к экранизации, пережив личную кровавую трагедию. Незадолго до того, банда Чарльза Мэнсона зверски расправилась с его семьёй и друзьями; и это сказалось на восприятии режиссёром шекспировского материала. Постановка вышла напрочь лишённая театральности, брутальная и крайне жестокая, с реалистичными кровавыми сценами. Благодаря такому бескомпромиссному  подходу, картина получилась полноценной исторической драмой о временах междоусобных войн Шотландии, близкой по атмосфере картине Мэла Гибсона об их национальном герое Уильяме Уоллесе. Герои так же говорят пафосными, стихотворными монологами, но подаётся это актёрами разыгрывающими пьесу не нарочито, жизненно и слух не режет. На оборот, даже хочется запомнить некоторые красивые изречения, чтобы потом цитировать при подходящем случае. 

Сюжет рассказывает историю о том, как рыцарь Макбет пошёл на преступление  - убил гостившего в его замке короля, до этого к нему благосклонного, даже давшего ему титульное повышение. Вместе с коварной супругой, они замыслили это заранее и скрыли могущие указать на них улики умертвив стражу короля, на которых после и свалили это злодеяние, обвинив их в продажности. А сыновей короля подставили, будто это они подкупили королевских стражников зарезать их отца. Так на престол Шотландии взошёл вероломный Макбет. Но мира и спокойствия отныне лишился двор и все его обитатели, поскольку никто отныне не знал кем он проснётся завтра в глазах короля – другом или же врагом? Так началась череда кровавых расправ над вельможами, которую не в силах был прекратить даже сам с ума сошедший Макбет, который всюду видел козни и измену. Ещё тревожило героя то, что ни за долго до этого было им предсказано с товарищем, когда они ехали на встречу с королём, давшим Макбету новое повышение. Встреченные в пути старухи – ведьмы предрекли его восшествие на трон, однако сказали, что на престоле не оставит он потомства, а править будет сын его спутника… Так из смешения легенд и исторических событий, получается увлекательная, жестокая и кровавая история о безумии, предательстве и гибели монарха. 

Сценарий писали сам Роман Полански и Кеннет Тайнен, вместе они нашли верное воплощение классической пьесы на экране. Правда ленивым школьникам проходящим Шекспира по программе, вряд ли можно будет показать эту постановку вместо книги. Фильм содержит не только жестокие сцены убийств и кровь, но так же и эротические сцены, в том числе связанные с сексуальным насилием. Многие критики в своё время упрекали за подобные эпизоды режиссёра, говоря мол, что не пристало так ставить Шекспира. Но, ведь в старину в Шотландии было гораздо жёстче, чем то как это показал в фильме Полански. Да и стиль его произведения явно отличался от манерных театрализованных постановок того же Лоуренса Оливье! Превосходная работа оператора Гилберта Тейлора и группы – написавшей замечательный саундтрек, просто идеально вписавшийся в атмосферу картины. Игра ведущих исполнителей достойна похвал: Джон Финч был убедителен в образе Макбета, в финальном поединки со штурмом взявшими замок солдатами, когда он словно заговорённый рази противников в бою – словно одержимость персонажа завладела и играющим его актёром! Понравились и другие артисты, например Мартин Шоу в роли верного до поры до времени – пока сам не впал в немилость Банко, или же похожий по фактуре на Шона Коннери Николас Селби – сыгравший короля Дункана. А красавица – блондинка Франческа Аннис воплотила на экране противоречивый образ той самой леди Макбет – сподвижницей и в некотором роде вдохновительницей мужа, так как это она придала супругу решимости, в роковую ночь убийства венценосного гостя. Понравились и то, как показали образы тех пророчащих мрачное будущее сестёр – ведьм: нищие старухи – оборванки, со скрывающими лица седыми прядями волос… Что не говори, а Роман Полански всегда умел увлечь зрителя, работая с самым разным материалом. Были в его карьере всякие фильмы, но общее у них то, что при разной стилистике, они тяготели к жанру триллера. Именно в нём Полански и снял свою версию шекспировского «Макбета», как бы доказав, что даже изученный всеми со школьной скамьи материал, может удивить зрителя. После просмотра картины, возникло горестное сожаление о том, что в провинциальных, так называемых репертуарных театрах сегодня практически не ставят канонического Шекспира. А если и обращаются к его великим текстам, то непременно в постмодернистском переосмыслении…"
