rating,title,text
"1,0",Цветок дьявола 2010,"Есть хорошие фильмы, есть также и плохие, а еще есть определенная категория фильмов, под названием «хуже только в аду». «Цветок Дьявола» от Екатерины Гроховской, входит в ряд третей категории кинолент, а выигрывает эта категория лишь своей тупостью, плохой актерской игрой и ощущением того, что вы дорогой зритель, спустились в ад скуки, а затем вернулись. Теперь в вас живет зло! Шутим, не один глупый и плохой фильм не стоит вашего гнева, ведь временами плохое кино откровенно глупое и смешное, но вот «Цветок Дьявола»… Черт, какой же это вонючий, блевотный…Ладно ребята, постараемся постичь этот с позволения сказать фильм, без злого фанатизма. Нус, это фильм «Цветок Дьявола». Фильм ужасов, во всяком случае, так задумано, посмотрим, а что же нам покажут? И вот… Перед нашим взором… Милые осенние листики, а попутно с этим наш слух режет монотонная, якобы пугающая музыка, пока что не страшно ни капли. Далее покажут надгробный камень с латинскими словосочетаниями, обидно то, что надписи так и не переведут, печально. На верхушке этого камня, виднеется выпуклое каменное лицо какой-то макаки, опять же это не страшно, скорее настраивает на комизм происходящего, но не будем к фильму строгими, вероятно все страшное впереди! Листики, монотонная музыка (которая режет слух), кажется, что старина саспенс пожаловал и… Боже! Что это за злобные белые червяки, ааа! Демоны из другого измерения? Монстры схожие с чудищами фильма «Дрожь земли»? Коконы с Чужими? Аааа! Нет, и еще раз нет, дорогой зритель, просто пальцы ног главной героини, которые нам решили показать крупным планом.

И вот главная героиня продвигается дальше по этому лесу-кладбищу. Называйте как хотите. И у нас есть возможность, познакомится с лучшим актером этого фильма, а именно с красным цветком, который нарисован с помощью примитивной компьютерной графики, увидев это творение, создатели первого «Mario» впали бы в многолетнею кому. Однако учитывая красный цвет, а еще красные щупальца этого цветка, нам должно быть страшно так, чтобы мы захотели купить самый качественный памперс. Вероятно это было задумкой лукавой сценаристки… Выкуси, фильм, у тебя не получилось! Далее эпизод, где компьютерная графика то ли пытается обнять девушку, то ли сделать что-то пошлое, это до конца не ясно, но после этой сцены оказывается, что все было лишь сном и Полина просыпается. Издав короткий, не совсем громкий вскрик, героиня понимает, что это был лишь страшный сон, страшный для нее, а для нас до жути глупый. И почему то этот короткий и негромкий вскрик, призывает из другой комнаты самого страшного персонажа этого фильма, а именно мать Полины. При этом прическа мамаши напоминает атомную катастрофу, но кто знает, может в 2010-ом году, она посчитала это трендом. Еще одна глупость кинокартины в том, что вроде нам показали начальные титры, но после того, как показали маму-зло, опять «радуют» нас начальными титрами. 

Тупость диалогов отдельная проблема этого фильма и на нее можно написать миллион рецензий, но давайте ограничимся отдельным эпизодом, чтобы понять, насколько все туго с диалогами. После того, как нам показали образовательную систему, где учится главная героиня, нам показали и ее приятельниц, которые тусовки, пьянки и клубы ставят выше, чем будущее и образование. Почему нельзя было внести позитив и показать приятельниц Полины образованными и порядочными? Разве это не лучше той Ылиты, которую нам подсунули в качестве второстепенных персонажей? Ну да ладно, вернемся к вышеупомянутому диалогу. После разговора с Ылитой о клубах и тусовках, есть эпизод, где Полина, роль которой исполнила Ольга Хохлова, звонит лучшей подруге-гадалке, чтобы рассказать про свой сон.

- Ало Насть, привет, ты спишь что ли?
- Да нет.
- Слушай, мне сегодня такое приснилось!
- Ну?
- Я в лесу, в белом платье, перед о мной древний замок, а на воротах цветок, ты представляешь?
- Цветок? (Бурчит сонным голосом, а говорила, что не спит)
- Да, живой цветок, так вот, когда я приблизилась к нему, то какая-то невероятная сила затянула меня в него. Чтобы это могло значить?
- Надо подумать
- Я приду, посмотришь?
- Заходи вечером

Вроде ничего особенного, скажете вы, так в чем же проблема этого диалога? Вроде обычный глупенький разговор? Концепцию умного диалога нарушает вопрос Полины: «Я приду, посмотришь?». Что она должна посмотреть? Ты включишь ей свой сон по DVD или этот цветок из сна оставил на тебе какие-то улики? 

- А для чего нужны нападающие?
- Ты не поверишь, чтобы нападать.

Далее по сюжету выясняется, чтобы постичь тайну сна Полины, нужна некая зловещая книга, Некрономикон Экс Мортис. Ну конечно же нет, если бы в этой истории была бы книга из оригинальных «Зловещих мертвецов», то она бы уничтожила всех персонажей этого фильма, тем самым фильм закончился бы в первые пять минут. Увы и ах, мы вынуждены смотреть дальше. А знайте что: поберегите ваши нервы, просто давайте узнаем, почему это творение не стоит смотреть. Итак, актриса главной героини играет из рук вон плохо и возможно это проблема не ее, а этого Сра… Извините, фильма, просто ее лицо, лишенное всяких намеков на актерскую игру или хотя бы крохотный намек на нее, не может заставить нас ей сопереживать, а это есть плохо. Как будто до съемок актрису привязали к стулу, заставили десять часов слушать радио «Шансон», потом еще десять часов радио «Ретро», потом облили холодной водой, а после сказали: «Играй, дорогая, играй». Но как после этого играть? И эта проблема у всех актеров этого фильма, ну кроме цветка, который нарисован с помощью компьютерной графики. Сюжет ничем удивительным не блещет, да мы и не рассчитывали на это, но можно было внести интересных персонажей, даже таких, над которыми можно чуток поржать, но поверьте, это было бы неплохой эмоцией. Фильм задуман как ужастик, но ужасами тут и не пахнет. Создатели хотели, чтобы это был своеобразный треш? Но это и не треш, в треше дело спасают актеры, у которых есть харизма, а где здесь такие актеры? (и тишина). Ладно, всего этого нет, а что же есть? Ощущение скуки, сонливость, нудность происходящего, если вы не заснули при просмотре, то вероятно ваш мозг, подвергся мучительной пытке, словно побывал в другом измерении, а затем резко плюхнулся обратно в вашу голову. Такие фильмы не стоят времени и ваших нервов, лучше посмотрите что-то близкое к тематике, но не столь скучное, к примеру, триллер «Нерожденный». А хотя, «Цветок Дьявола», весьма неплох, как переработанный в организме завтрак. ААА! Ты вынудил меня это сказать, фильм, вынудил. Такой вот «Аленький цветочек»."
